common_name,SMILES,Active,CANONICAL_SMILES,INCHIKEY
abacavir,Nc1nc(NC2CC2)c2ncn([C@H]3C=C[C@@H](CO)C3)c2n1,0,Nc1nc(NC2CC2)c2ncn([C@H]3C=C[C@@H](CO)C3)c2n1,MCGSCOLBFJQGHM-SCZZXKLOSA-N
abecarnil,COCc1c(C(=O)OC(C)C)ncc2[nH]c3ccc(OCc4ccccc4)cc3c12,0,COCc1c(C(=O)OC(C)C)ncc2[nH]c3ccc(OCc4ccccc4)cc3c12,RLFKILXOLJVUNF-UHFFFAOYSA-N
abiraterone,C[C@]12CC[C@H]3[C@@H](CC=C4C[C@@H](O)CC[C@@]43C)[C@@H]1CC=C2c1cccnc1,0,C[C@]12CC[C@H](O)CC1=CC[C@@H]1[C@@H]2CC[C@]2(C)C(c3cccnc3)=CC[C@@H]12,GZOSMCIZMLWJML-VJLLXTKPSA-N
acebutolol,CCCC(=O)Nc1ccc(OC[C@@H](O)CNC(C)C)c(C(C)=O)c1,0,CCCC(=O)Nc1ccc(OC[C@@H](O)CNC(C)C)c(C(C)=O)c1,GOEMGAFJFRBGGG-HNNXBMFYSA-N
aceclofenac,O=C(O)COC(=O)Cc1ccccc1Nc1c(Cl)cccc1Cl,0,O=C(O)COC(=O)Cc1ccccc1Nc1c(Cl)cccc1Cl,MNIPYSSQXLZQLJ-UHFFFAOYSA-N
acenocoumarol,CC(=O)C[C@@H](c1ccc([N+](=O)[O-])cc1)c1c(O)c2ccccc2oc1=O,1,CC(=O)C[C@@H](c1ccc([N+](=O)[O-])cc1)c1c(O)c2ccccc2oc1=O,VABCILAOYCMVPS-HNNXBMFYSA-N
acetylsalicylic-acid,CC(=O)Oc1ccccc1C(=O)O,0,CC(=O)Oc1ccccc1C(=O)O,BSYNRYMUTXBXSQ-UHFFFAOYSA-N
acetaminophen,CC(=O)Nc1ccc(O)cc1,1,CC(=O)Nc1ccc(O)cc1,RZVAJINKPMORJF-UHFFFAOYSA-N
acetanilide,CC(=O)Nc1ccccc1,0,CC(=O)Nc1ccccc1,FZERHIULMFGESH-UHFFFAOYSA-N
acetazolamide,CC(=O)Nc1nnc(S(N)(=O)=O)s1,0,CC(=O)Nc1nnc(S(N)(=O)=O)s1,BZKPWHYZMXOIDC-UHFFFAOYSA-N
acetone,CC(C)=O,0,CC(C)=O,CSCPPACGZOOCGX-UHFFFAOYSA-N
adinazolam,CN(C)Cc1nnc2n1-c1ccc(Cl)cc1C(c1ccccc1)=NC2,1,CN(C)Cc1nnc2n1-c1ccc(Cl)cc1C(c1ccccc1)=NC2,GJSLOMWRLALDCT-UHFFFAOYSA-N
ajmaline,CC[C@@H]1[C@@H]2C[C@H]3[C@@H]4N(C)c5ccccc5[C@]45C[C@@H]([C@H]2[C@H]5O)N3[C@@H]1O,0,CC[C@@H]1[C@@H]2C[C@H]3[C@@H]4N(C)c5ccccc5[C@]45C[C@@H]([C@H]2[C@H]5O)N3[C@@H]1O,CJDRUOGAGYHKKD-VVULYQNLSA-N
albendazole,CCCSc1ccc2nc(NC(=O)OC)[nH]c2c1,1,CCCSc1ccc2[nH]c(NC(=O)OC)nc2c1,HXHWSAZORRCQMX-UHFFFAOYSA-N
albuterol,CC(C)(C)NC[C@@H](O)c1ccc(O)c(CO)c1,0,CC(C)(C)NC[C@@H](O)c1ccc(O)c(CO)c1,NDAUXUAQIAJITI-GFCCVEGCSA-N
alfentanil,CCC(=O)N(c1ccccc1)C1(COC)CCN(CCn2nnn(CC)c2=O)CC1,1,CCC(=O)N(c1ccccc1)C1(COC)CCN(CCn2nnn(CC)c2=O)CC1,IDBPHNDTYPBSNI-UHFFFAOYSA-N
almotriptan,CN(C)CCc1c[nH]c2ccc(CS(=O)(=O)N3CCCC3)cc12,1,CN(C)CCc1c[nH]c2ccc(CS(=O)(=O)N3CCCC3)cc12,WKEMJKQOLOHJLZ-UHFFFAOYSA-N
alosetron,Cc1[nH]cnc1CN1CCc2c(c3ccccc3n2C)C1=O,1,Cc1[nH]cnc1CN1CCc2c(c3ccccc3n2C)C1=O,JSWZEAMFRNKZNL-UHFFFAOYSA-N
alpidem,CCCN(CCC)C(=O)Cc1c(-c2ccc(Cl)cc2)nc2ccc(Cl)cn12,1,CCCN(CCC)C(=O)Cc1c(-c2ccc(Cl)cc2)nc2ccc(Cl)cn12,JRTIDHTUMYMPRU-UHFFFAOYSA-N
alprazolam,Cc1nnc2n1-c1ccc(Cl)cc1C(c1ccccc1)=NC2,1,Cc1nnc2n1-c1ccc(Cl)cc1C(c1ccccc1)=NC2,VREFGVBLTWBCJP-UHFFFAOYSA-N
alprenolol,C=CCc1ccccc1OC[C@@H](O)CNC(C)C,0,C=CCc1ccccc1OC[C@@H](O)CNC(C)C,PAZJSJFMUHDSTF-AWEZNQCLSA-N
ambroxol,Nc1c(Br)cc(Br)cc1CNC1CCC(O)CC1,1,Nc1c(Br)cc(Br)cc1CNC1CCC(O)CC1,JBDGDEWWOUBZPM-UHFFFAOYSA-N
aminoglutethimide,CC[C@]1(c2ccc(N)cc2)CCC(=O)NC1=O,0,CC[C@]1(c2ccc(N)cc2)CCC(=O)NC1=O,ROBVIMPUHSLWNV-CYBMUJFWSA-N
amiflamine,Cc1cc(N(C)C)ccc1C[C@H](C)N,0,Cc1cc(N(C)C)ccc1C[C@H](C)N,HFQMYSHATTXRTC-JTQLQIEISA-N
amifloxacin,CNn1cc(C(=O)O)c(=O)c2cc(F)c(N3CCN(C)CC3)cc21,0,CNn1cc(C(=O)O)c(=O)c2cc(F)c(N3CCN(C)CC3)cc21,RUXPNBWPIRDVTH-UHFFFAOYSA-N
amiodarone,CCCCc1oc2ccccc2c1C(=O)c1cc(I)c(OCCN(CC)CC)c(I)c1,1,CCCCc1oc2ccccc2c1C(=O)c1cc(I)c(OCCN(CC)CC)c(I)c1,IYIKLHRQXLHMJQ-UHFFFAOYSA-N
aminopyrine,Cc1c(N(C)C)c(=O)n(-c2ccccc2)n1C,1,Cc1c(N(C)C)c(=O)n(-c2ccccc2)n1C,RMMXTBMQSGEXHJ-UHFFFAOYSA-N
amitriptyline,CN(C)CCC=C1c2ccccc2CCc2ccccc21,1,CN(C)CCC=C1c2ccccc2CCc2ccccc21,KRMDCWKBEZIMAB-UHFFFAOYSA-N
amlodipine,CCOC(=O)C1=C(COCCN)NC(C)=C(C(=O)OC)[C@@H]1c1ccccc1Cl,1,CCOC(=O)C1=C(COCCN)N=C(C)C(C(=O)OC)[C@@H]1c1ccccc1Cl,YMDXSGBNCBQYGC-DJNXLDHESA-N
amodiaquin,CCN(CC)Cc1cc(Nc2ccnc3cc(Cl)ccc23)ccc1O,0,CCN(CC)Cc1cc(Nc2ccnc3cc(Cl)ccc23)ccc1O,OVCDSSHSILBFBN-UHFFFAOYSA-N
amoxapine,Clc1ccc2c(c1)C(N1CCNCC1)=Nc1ccccc1O2,1,Clc1ccc2c(c1)C(N1CCNCC1)=Nc1ccccc1O2,QWGDMFLQWFTERH-UHFFFAOYSA-N
amphetamine,C[C@H](N)Cc1ccccc1,0,C[C@H](N)Cc1ccccc1,KWTSXDURSIMDCE-QMMMGPOBSA-N
amprenavir,CC(C)CN(C[C@@H](O)[C@H](Cc1ccccc1)NC(=O)O[C@H]1CCOC1)S(=O)(=O)c1ccc(N)cc1,1,CC(C)CN(C[C@@H](O)[C@H](Cc1ccccc1)NC(=O)O[C@H]1CCOC1)S(=O)(=O)c1ccc(N)cc1,YMARZQAQMVYCKC-OEMFJLHTSA-N
anastrozole,CC(C)(C#N)c1cc(Cn2cncn2)cc(C(C)(C)C#N)c1,1,CC(C)(C#N)c1cc(Cn2cncn2)cc(C(C)(C)C#N)c1,YBBLVLTVTVSKRW-UHFFFAOYSA-N
aniline,Nc1ccccc1,0,Nc1ccccc1,PAYRUJLWNCNPSJ-UHFFFAOYSA-N
anthraquinone,O=C1c2ccccc2C(=O)c2ccccc21,0,O=C1c2ccccc2C(=O)c2ccccc21,RZVHIXYEVGDQDX-UHFFFAOYSA-N
antipyrine,Cc1cc(=O)n(-c2ccccc2)n1C,1,Cc1cc(=O)n(-c2ccccc2)n1C,VEQOALNAAJBPNY-UHFFFAOYSA-N
apazone,CCC[C@H]1C(=O)N2C(N(C)C)=Nc3ccc(C)cc3N2C1=O,0,CCCc1c(O)n2c(N(C)C)nc3ccc(C)cc3n2c1=O,VECZDVJCSZXAPJ-UHFFFAOYSA-N
R-(-)-apomorphine,CN1CCc2cccc3c2[C@@H]1Cc1ccc(O)c(O)c1-3,1,CN1CCc2cccc3c2[C@@H]1Cc1ccc(O)c(O)c1-3,VMWNQDUVQKEIOC-ZDUSSCGKSA-N
aprepitant,C[C@@H](O[C@H]1OCCN(Cc2n[nH]c(=O)[nH]2)[C@H]1c1ccc(F)cc1)c1cc(C(F)(F)F)cc(C(F)(F)F)c1,1,C[C@@H](O[C@H]1OCCN(Cc2n[nH]c(=O)[nH]2)[C@H]1c1ccc(F)cc1)c1cc(C(F)(F)F)cc(C(F)(F)F)c1,ATALOFNDEOCMKK-OITMNORJSA-N
aprindine,CCN(CC)CCCN(c1ccccc1)C1Cc2ccccc2C1,0,CCN(CC)CCCN(c1ccccc1)C1Cc2ccccc2C1,NZLBHDRPUJLHCE-UHFFFAOYSA-N
aranidipine,COC(=O)C1=C(C)NC(C)=C(C(=O)OCC(C)=O)[C@@H]1c1ccccc1[N+](=O)[O-],0,COC(=O)C1=C(C)N=C(C)C(C(=O)OCC(C)=O)[C@@H]1c1ccccc1[N+](=O)[O-],CKYOZINOTWGEEP-ZYMOGRSISA-N
argatroban,C[C@H]1CCN(C(=O)[C@H](CCCN=C(N)N)NS(=O)(=O)c2ccc3c(c2)C[C@@H](C)CN3)[C@@H](C(=O)O)C1,1,C[C@H]1CNc2ccc(S(=O)(=O)NC(CCCN=C(N)N)C(=O)N3CC[C@H](C)CC3C(=O)O)cc2C1,JGYMPAKZXMNHCA-RETIVCARSA-N
aripiprazole,O=C1CCc2ccc(OCCCCN3CCN(c4cccc(Cl)c4Cl)CC3)cc2N1,1,O=C1CCc2ccc(OCCCCN3CCN(c4cccc(Cl)c4Cl)CC3)cc2N1,CEUORZQYGODEFX-UHFFFAOYSA-N
artemisinin,C[C@@H]1CC[C@H]2[C@@H](C)C(=O)O[C@@H]3O[C@@]4(C)CC[C@@H]1[C@]32OO4,1,CC1C(=O)O[C@@H]2O[C@@]3(C)CC[C@H]4[C@H](C)CC[C@@H]1[C@@]24OO3,BLUAFEHZUWYNDE-MRHKGOOASA-N
artesunate,C[C@@H]1CC[C@H]2[C@@H](C)[C@@H](OC(=O)CCC(=O)O)O[C@@H]3O[C@@]4(C)CC[C@@H]1[C@@]23OO4,0,C[C@H]1[C@@H](OC(=O)CCC(=O)O)O[C@@H]2O[C@@]3(C)CC[C@H]4[C@H](C)CC[C@@H]1[C@@]24OO3,FIHJKUPKCHIPAT-NKHDUEHSSA-N
astemizole,COc1ccc(CCN2CCC(Nc3nc4ccccc4n3Cc3ccc(F)cc3)CC2)cc1,1,COc1ccc(CCN2CCC(Nc3nc4ccccc4n3Cc3ccc(F)cc3)CC2)cc1,GXDALQBWZGODGZ-UHFFFAOYSA-N
atamestane,CC1=CC(=O)C=C2CC[C@H]3[C@@H]4CCC(=O)[C@@]4(C)CC[C@@H]3[C@@]12C,0,CC1=CC(=O)C=C2CC[C@@H]3[C@H](CC[C@]4(C)C(=O)CC[C@@H]34)[C@@]12C,PEPMWUSGRKINHX-TXTPUJOMSA-N
atazanavir,COC(=O)N[C@H](C(=O)N[C@@H](Cc1ccccc1)[C@H](O)CN(Cc1ccc(-c2ccccn2)cc1)NC(=O)[C@H](NC(=O)OC)C(C)(C)C)C(C)(C)C,0,COC(=O)NC(C(=O)N[C@@H](Cc1ccccc1)[C@H](O)CN(Cc1ccc(-c2ccccn2)cc1)NC(=O)C(NC(=O)OC)C(C)(C)C)C(C)(C)C,AXRYRYVKAWYZBR-BXFKGPMUSA-N
atorvastatin,CC(C)c1c(C(=O)Nc2ccccc2)c(-c2ccccc2)c(-c2ccc(F)cc2)n1CC[C@@H](O)C[C@@H](O)CC(=O)O,1,CC(C)c1c(C(=O)Nc2ccccc2)c(-c2ccccc2)c(-c2ccc(F)cc2)n1CC[C@@H](O)C[C@@H](O)CC(=O)O,XUKUURHRXDUEBC-KAYWLYCHSA-N
atovaquone,O=C1C(=O)c2ccccc2C(O)=C1C1CCC(c2ccc(Cl)cc2)CC1,0,Oc1c(C2=CCC(c3ccc(Cl)cc3)CC2)c(O)c2ccccc2c1O,JAUORDHNHDCTAS-UHFFFAOYSA-N
avasimibe,CC(C)c1cc(C(C)C)c(CC(=O)NS(=O)(=O)Oc2c(C(C)C)cccc2C(C)C)c(C(C)C)c1,0,CC(C)c1cc(C(C)C)c(CC(=O)NS(=O)(=O)Oc2c(C(C)C)cccc2C(C)C)c(C(C)C)c1,PTQXTEKSNBVPQJ-UHFFFAOYSA-N
avitriptan,CNS(=O)(=O)Cc1ccc2[nH]cc(CCCN3CCN(c4ncncc4OC)CC3)c2c1,1,CNS(=O)(=O)Cc1ccc2[nH]cc(CCCN3CCN(c4ncncc4OC)CC3)c2c1,WRZVGHXUPBWIOO-UHFFFAOYSA-N
azacylonol,OC(c1ccccc1)(c1ccccc1)C1CCNCC1,0,OC(c1ccccc1)(c1ccccc1)C1CCNCC1,ZMISODWVFHHWNR-UHFFFAOYSA-N
azamulin,CC[C@]1(C)C[C@@H](OC(=O)CSc2n[nH]c(N)n2)[C@]2(C)[C@@H](C)CC[C@]3(CCC(=O)[C@H]32)[C@@H](C)[C@@H]1O,0,CC[C@]1(C)C[C@@H](OC(=O)CSc2n[nH]c(N)n2)[C@@]2(C)[C@@H]3C(=O)CC[C@@]3(CC[C@@H]2C)[C@@H](C)[C@@H]1O,FMHQJXGMLMSMLC-HAHWEEAISA-N
azelastine,CN1CCC[C@H](n2nc(Cc3ccc(Cl)cc3)c3ccccc3c2=O)CC1,1,CN1CCC[C@H](n2nc(Cc3ccc(Cl)cc3)c3ccccc3c2=O)CC1,MBUVEWMHONZEQD-SFHVURJKSA-N
azimilide,CN1CCN(CCCCN2C(=O)CN(/N=C\c3ccc(-c4ccc(Cl)cc4)o3)C2=O)CC1,1,CN1CCN(CCCCn2c(O)cn(/N=C\c3ccc(-c4ccc(Cl)cc4)o3)c2=O)CC1,AFGPVGJVUMWQDE-XYGWBWBKSA-N
azithromycin,CC[C@H]1OC(=O)[C@H](C)[C@@H](O[C@H]2C[C@@](C)(OC)[C@@H](O)[C@H](C)O2)[C@H](C)[C@@H](O[C@@H]2O[C@H](C)C[C@H](N(C)C)[C@H]2O)[C@](C)(O)C[C@@H](C)CN(C)[C@H](C)[C@@H](O)[C@]1(C)O,0,CC[C@H]1OC(=O)C(C)[C@@H](O[C@H]2C[C@@](C)(OC)[C@@H](O)[C@H](C)O2)[C@H](C)[C@@H](O[C@@H]2O[C@H](C)C[C@H](N(C)C)[C@H]2O)[C@](C)(O)C[C@@H](C)CN(C)[C@H](C)[C@@H](O)[C@]1(C)O,MQTOSJVFKKJCRP-PVFNQHCDSA-N
barnidipine,COC(=O)C1=C(C)NC(C)=C(C(=O)O[C@H]2CCN(Cc3ccccc3)C2)[C@H]1c1cccc([N+](=O)[O-])c1,1,COC(=O)C1=C(C)N=C(C)C(C(=O)O[C@H]2CCN(Cc3ccccc3)C2)[C@H]1c1cccc([N+](=O)[O-])c1,QPOLEIZVZGWOJF-HSPGVUBUSA-N
beclomethasone,C[C@H]1C[C@H]2[C@@H]3CCC4=CC(=O)C=C[C@]4(C)[C@@]3(Cl)[C@@H](O)C[C@]2(C)[C@@]1(O)C(=O)CO,0,C[C@H]1C[C@H]2[C@@H]3CC=C4CC(=O)C=C[C@]4(C)[C@@]3(Cl)[C@@H](O)C[C@]2(C)[C@@]1(O)C(=O)CO,CVZOZPYAZUVIDT-DVTGEIKXSA-N
benidipine,COC(=O)C1=C(C)NC(C)=C(C(=O)O[C@@H]2CCCN(Cc3ccccc3)C2)[C@@H]1c1cccc([N+](=O)[O-])c1,0,COC(=O)C1=C(C)N=C(C)C(C(=O)O[C@@H]2CCCN(Cc3ccccc3)C2)[C@@H]1c1cccc([N+](=O)[O-])c1,JEEWYTNVHFSNBZ-UVAYFRITSA-N
benzene,c1ccccc1,0,c1ccccc1,UHOVQNZJYSORNB-UHFFFAOYSA-N
benzphetamine,C[C@@H](Cc1ccccc1)N(C)Cc1ccccc1,1,C[C@@H](Cc1ccccc1)N(C)Cc1ccccc1,YXKTVDFXDRQTKV-HNNXBMFYSA-N
benzydamine,CN(C)CCCOc1nn(Cc2ccccc2)c2ccccc12,1,CN(C)CCCOc1nn(Cc2ccccc2)c2ccccc12,CNBGNNVCVSKAQZ-UHFFFAOYSA-N
bepridil,CC(C)COC[C@@H](CN(Cc1ccccc1)c1ccccc1)N1CCCC1,1,CC(C)COC[C@@H](CN(Cc1ccccc1)c1ccccc1)N1CCCC1,UIEATEWHFDRYRU-XMMPIXPASA-N
betamethasone,C[C@H]1C[C@H]2[C@@H]3CCC4=CC(=O)C=C[C@]4(C)[C@@]3(F)[C@@H](O)C[C@]2(C)[C@@]1(O)C(=O)CO,0,C[C@H]1C[C@H]2[C@@H]3CC=C4CC(=O)C=C[C@]4(C)[C@@]3(F)[C@@H](O)C[C@]2(C)[C@@]1(O)C(=O)CO,GJFCONYVAUNLKB-DVTGEIKXSA-N
betaxolol,CC(C)NC[C@H](O)COc1ccc(CCOCC2CC2)cc1,0,CC(C)NC[C@H](O)COc1ccc(CCOCC2CC2)cc1,NWIUTZDMDHAVTP-KRWDZBQOSA-N
bexarotene,C=C(c1ccc(C(=O)O)cc1)c1cc2c(cc1C)C(C)(C)CCC2(C)C,1,C=C(c1ccc(C(=O)O)cc1)c1cc2c(cc1C)C(C)(C)CCC2(C)C,NAVMQTYZDKMPEU-UHFFFAOYSA-N
bezafibrate,CC(C)(Oc1ccc(CCNC(=O)c2ccc(Cl)cc2)cc1)C(=O)O,1,CC(C)(Oc1ccc(CCNC(=O)c2ccc(Cl)cc2)cc1)C(=O)O,IIBYAHWJQTYFKB-UHFFFAOYSA-N
bifluranol,CC[C@@H](c1ccc(O)c(F)c1)[C@H](C)c1ccc(O)c(F)c1,0,CC[C@@H](c1ccc(O)c(F)c1)[C@H](C)c1ccc(O)c(F)c1,RDVXUHOSYIBGBT-ZWNOBZJWSA-N
bifonazol,c1ccc(-c2ccc([C@@H](c3ccccc3)n3ccnc3)cc2)cc1,0,c1ccc(-c2ccc([C@@H](c3ccccc3)n3ccnc3)cc2)cc1,OCAPBUJLXMYKEJ-JOCHJYFZSA-N
biperiden,O[C@@](CCN1CCCCC1)(c1ccccc1)[C@@H]1C[C@@H]2C=C[C@H]1C2,0,O[C@@](CCN1CCCCC1)(c1ccccc1)[C@@H]1C[C@@H]2C=C[C@H]1C2,YSXKPIUOCJLQIE-JYRKZWEQSA-N
bisoprolol,CC(C)NC[C@H](O)COc1ccc(COCCOC(C)C)cc1,1,CC(C)NC[C@H](O)COc1ccc(COCCOC(C)C)cc1,VHYCDWMUTMEGQY-KRWDZBQOSA-N
benzbromarone,CCc1oc2ccccc2c1C(=O)c1cc(Br)c(O)c(Br)c1,0,CCc1oc2ccccc2c1C(=O)c1cc(Br)c(O)c(Br)c1,WHQCHUCQKNIQEC-UHFFFAOYSA-N
boldenone,C[C@]12C=CC(=O)C=C1CC[C@@H]1[C@@H]2CC[C@]2(C)[C@@H](O)CC[C@@H]12,1,C[C@]12CC[C@H]3[C@@H](CC=C4CC(=O)C=C[C@@]43C)[C@@H]1CC[C@@H]2O,YCWFSAIGFBNDPM-DYKIIFRCSA-N
bortezomib,CC(C)C[C@@H](NC(=O)[C@@H](Cc1ccccc1)NC(=O)c1cnccn1)B(O)O,1,CC(C)C[C@@H](NC(=O)C(Cc1ccccc1)NC(=O)c1cnccn1)B(O)O,GXJABQQUPOEUTA-OMOCHNIRSA-N
bosentan,COc1ccccc1Oc1c(NS(=O)(=O)c2ccc(C(C)(C)C)cc2)nc(-c2ncccn2)nc1OCCO,1,COc1ccccc1Oc1c(NS(=O)(=O)c2ccc(C(C)(C)C)cc2)nc(-c2ncccn2)nc1OCCO,GJPICJJJRGTNOD-UHFFFAOYSA-N
brinzolamide,CCN[C@H]1CN(CCCOC)S(=O)(=O)c2sc(S(N)(=O)=O)cc21,1,CCN[C@H]1CN(CCCOC)S(=O)(=O)c2sc(S(N)(=O)=O)cc21,HCRKCZRJWPKOAR-JTQLQIEISA-N
brofaromine,COc1cc(Br)c2oc(C3CCNCC3)cc2c1,0,COc1cc(Br)c2oc(C3CCNCC3)cc2c1,WZXHSWVDAYOFPE-UHFFFAOYSA-N
bromazepam,O=C1CN=C(c2ccccn2)c2cc(Br)ccc2N1,1,O=C1CN=C(c2ccccn2)c2cc(Br)ccc2N1,VMIYHDSEFNYJSL-UHFFFAOYSA-N
bromocriptine,CC(C)C[C@H]1C(=O)N2CCC[C@H]2[C@]2(O)O[C@](NC(=O)[C@@H]3C=C4c5cccc6[nH]c(Br)c(c56)C[C@H]4N(C)C3)(C(C)C)C(=O)N12,1,CC(C)CC1C(=O)N2CCC[C@H]2[C@]2(O)O[C@](NC(=O)C3C=C4c5cccc6[nH]c(Br)c(c56)C[C@H]4N(C)C3)(C(C)C)C(=O)N12,OZVBMTJYIDMWIL-YCHBFXMOSA-N
bromperidol,O=C(CCCN1CCC(O)(c2ccc(Br)cc2)CC1)c1ccc(F)cc1,1,O=C(CCCN1CCC(O)(c2ccc(Br)cc2)CC1)c1ccc(F)cc1,RKLNONIVDFXQRX-UHFFFAOYSA-N
bropirimine,Nc1nc(=O)c(Br)c(-c2ccccc2)[nH]1,0,Nc1nc(-c2ccccc2)c(Br)c(=O)[nH]1,CIUUIPMOFZIWIZ-UHFFFAOYSA-N
brotizolam,Cc1nnc2n1-c1sc(Br)cc1C(c1ccccc1Cl)=NC2,1,Cc1nnc2n1-c1sc(Br)cc1C(c1ccccc1Cl)=NC2,UMSGKTJDUHERQW-UHFFFAOYSA-N
budesonide,CCC[C@H]1O[C@@H]2C[C@H]3[C@@H]4CCC5=CC(=O)C=C[C@]5(C)[C@H]4[C@@H](O)C[C@]3(C)[C@]2(C(=O)CO)O1,1,CCC[C@H]1O[C@@H]2C[C@H]3[C@@H]4CC=C5CC(=O)C=C[C@]5(C)[C@H]4[C@@H](O)C[C@]3(C)[C@]2(C(=O)CO)O1,UNISKOOZAQCSPC-AMTWPJRWSA-N
budipine,CC(C)(C)N1CCC(c2ccccc2)(c2ccccc2)CC1,0,CC(C)(C)N1CCC(c2ccccc2)(c2ccccc2)CC1,QIHLUZAFSSMXHQ-UHFFFAOYSA-N
buflomedil,COc1cc(OC)c(C(=O)CCCN2CCCC2)c(OC)c1,0,COc1cc(OC)c(C(=O)CCCN2CCCC2)c(OC)c1,OWYLAEYXIQKAOL-UHFFFAOYSA-N
(R)(+)-bufuralol,CCc1cccc2cc([C@H](O)CNC(C)(C)C)oc12,1,CCc1cccc2cc([C@H](O)CNC(C)(C)C)oc12,SSEBTPPFLLCUMN-CYBMUJFWSA-N
bunitrolol,CC(C)(C)NC[C@H](O)COc1ccccc1C#N,0,CC(C)(C)NC[C@H](O)COc1ccccc1C#N,VCVQSRCYSKKPBA-LBPRGKRZSA-N
bupivacaine,CCCCN1CCCC[C@H]1C(=O)Nc1c(C)cccc1C,1,CCCCN1CCCCC1C(=O)Nc1c(C)cccc1C,LEBVLXFERQHONN-UHFFFAOYSA-N
bupranolol,Cc1ccc(Cl)c(OC[C@@H](O)CNC(C)(C)C)c1,0,Cc1ccc(Cl)c(OC[C@@H](O)CNC(C)(C)C)c1,HQIRNZOQPUAHHV-NSHDSACASA-N
buprenorphine,CO[C@]12CC[C@@]3(C[C@@H]1[C@](C)(O)C(C)(C)C)[C@H]1Cc4ccc(O)c5c4[C@@]3(CCN1CC1CC1)[C@@H]2O5,1,CO[C@]12CC[C@@]3(C[C@@H]1[C@](C)(O)C(C)(C)C)[C@H]1Cc4ccc(O)c5c4[C@@]3(CCN1CC1CC1)[C@@H]2O5,RMRJXGBAOAMLHD-AZAPYKNKSA-N
bupropion,C[C@@H](NC(C)(C)C)C(=O)c1cccc(Cl)c1,1,CC(NC(C)(C)C)C(=O)c1cccc(Cl)c1,SNPPWIUOZRMYNY-UHFFFAOYSA-N
buspirone,O=C1CC2(CCCC2)CC(=O)N1CCCCN1CCN(c2ncccn2)CC1,1,O=C1CC2(CCCC2)CC(=O)N1CCCCN1CCN(c2ncccn2)CC1,QWCRAEMEVRGPNT-UHFFFAOYSA-N
busufan,CS(=O)(=O)OCCCCOS(C)(=O)=O,1,CS(=O)(=O)OCCCCOS(C)(=O)=O,COVZYZSDYWQREU-UHFFFAOYSA-N
caffeine,Cn1c(=O)c2c(ncn2C)n(C)c1=O,1,Cn1c(=O)c2c(ncn2C)n(C)c1=O,RYYVLZVUVIJVGH-UHFFFAOYSA-N
candesartan,CCOc1nc2cccc(C(=O)O)c2n1Cc1ccc(-c2ccccc2-c2nnn[nH]2)cc1,0,CCOc1nc2cccc(C(=O)O)c2n1Cc1ccc(-c2ccccc2-c2nn[nH]n2)cc1,HTQMVQVXFRQIKW-UHFFFAOYSA-N
capravirine,CC(C)c1nc(COC(N)=O)n(Cc2ccncc2)c1Sc1cc(Cl)cc(Cl)c1,0,CC(C)c1nc(COC(N)=O)n(Cc2ccncc2)c1Sc1cc(Cl)cc(Cl)c1,YQXCVAGCMNFUMQ-UHFFFAOYSA-N
captopril,C[C@H](CS)C(=O)N1CCC[C@H]1C(=O)O,0,CC(CS)C(=O)N1CCCC1C(=O)O,FAKRSMQSSFJEIM-UHFFFAOYSA-N
carbamazepine,NC(=O)N1c2ccccc2C=Cc2ccccc21,1,NC(=O)N1c2ccccc2C=Cc2ccccc21,FFGPTBGBLSHEPO-UHFFFAOYSA-N
carbaryl,CNC(=O)Oc1cccc2ccccc12,1,CNC(=O)Oc1cccc2ccccc12,CVXBEEMKQHEXEN-UHFFFAOYSA-N
carbimazole,CCOC(=O)n1ccn(C)c1=S,0,CCOC(=O)n1ccn(C)c1=S,CFOYWRHIYXMDOT-UHFFFAOYSA-N
carisoprodol,CCC[C@@](C)(COC(N)=O)COC(=O)NC(C)C,0,CCC[C@@](C)(COC(N)=O)COC(=O)NC(C)C,OFZCIYFFPZCNJE-LBPRGKRZSA-N
carteolol,CC(C)(C)NC[C@H](O)COc1cccc2c1CCC(=O)N2,0,CC(C)(C)NC[C@H](O)COc1cccc2c1CCC(=O)N2,LWAFSWPYPHEXKX-NSHDSACASA-N
carvedilol,COc1ccccc1OCCNC[C@H](O)COc1cccc2[nH]c3ccccc3c12,1,COc1ccccc1OCCNC[C@H](O)COc1cccc2[nH]c3ccccc3c12,OGHNVEJMJSYVRP-KRWDZBQOSA-N
cathinone,C[C@H](N)C(=O)c1ccccc1,0,CC(N)C(=O)c1ccccc1,PUAQLLVFLMYYJJ-UHFFFAOYSA-N
celecoxib,Cc1ccc(-c2cc(C(F)(F)F)nn2-c2ccc(S(N)(=O)=O)cc2)cc1,1,Cc1ccc(-c2cc(C(F)(F)F)nn2-c2ccc(S(N)(=O)=O)cc2)cc1,RZEKVGVHFLEQIL-UHFFFAOYSA-N
cerivastatin,COCc1c(C(C)C)nc(C(C)C)c(/C=C\[C@@H](O)C[C@@H](O)CC(=O)O)c1-c1ccc(F)cc1,1,COCc1c(-c2ccc(F)cc2)c(=CC[C@@H](O)C[C@@H](O)CC(=O)O)c(C(C)C)nc1=C(C)C,CDHNVTRRQNLWKA-WOJBJXKFSA-N
cetirizine,O=C(O)COCCN1CCN([C@H](c2ccccc2)c2ccc(Cl)cc2)CC1,0,O=C(O)COCCN1CCN([C@H](c2ccccc2)c2ccc(Cl)cc2)CC1,ZKLPARSLTMPFCP-OAQYLSRUSA-N
cevimeline,C[C@H]1O[C@]2(CS1)CN1CCC2CC1,1,C[C@H]1O[C@]2(CS1)CN1CCC2CC1,WUTYZMFRCNBCHQ-WPRPVWTQSA-N
chenodiol,C[C@H](CCC(=O)O)[C@H]1CC[C@H]2[C@H]3[C@H](CC[C@@]21C)[C@@]1(C)CC[C@@H](O)C[C@@H]1C[C@H]3O,1,C[C@H](CCC(=O)O)[C@H]1CC[C@H]2[C@@H]3[C@H](O)C[C@H]4C[C@H](O)CC[C@]4(C)[C@H]3CC[C@]12C,RUDATBOHQWOJDD-IKAPKQLESA-N
chlorguanide,CC(C)/N=C(N)\N=C(/N)Nc1ccc(Cl)cc1,1,CC(C)N=C(N)N=C(N)Nc1ccc(Cl)cc1,SSOLNOMRVKKSON-UHFFFAOYSA-N
chloroform,ClC(Cl)Cl,0,ClC(Cl)Cl,HEDRZPFGACZZDS-UHFFFAOYSA-N
chloroquine,CCN(CC)CCC[C@H](C)Nc1ccnc2cc(Cl)ccc12,1,CCN(CC)CCC[C@H](C)Nc1ccnc2cc(Cl)ccc12,WHTVZRBIWZFKQO-AWEZNQCLSA-N
chlorzoxazone,Oc1nc2cc(Cl)ccc2o1,1,O=c1[nH]c2cc(Cl)ccc2o1,TZFWDZFKRBELIQ-UHFFFAOYSA-N
chlorpheniramine,CN(C)CC[C@H](c1ccc(Cl)cc1)c1ccccn1,1,CN(C)CCC(c1ccc(Cl)cc1)c1ccccn1,SOYKEARSMXGVTM-UHFFFAOYSA-N
chlorpyrifos,CCOP(=S)(OCC)Oc1nc(Cl)c(Cl)cc1Cl,1,CCOP(=S)(OCC)Oc1nc(Cl)c(Cl)cc1Cl,SBPBAQFWLVIOKP-UHFFFAOYSA-N
chloral-hydrate,OC(O)C(Cl)(Cl)Cl,0,OC(O)C(Cl)(Cl)Cl,RNFNDJAIBTYOQL-UHFFFAOYSA-N
chloramphenicol,O=C(N[C@H](CO)[C@H](O)c1ccc([N+](=O)[O-])cc1)C(Cl)Cl,0,O=C(N[C@H](CO)[C@H](O)c1ccc([N+](=O)[O-])cc1)C(Cl)Cl,WIIZWVCIJKGZOK-RKDXNWHRSA-N
cholecalciferol,C=C1CC[C@H](O)C/C1=C/C=C1\CCC[C@@]2(C)[C@H]1CC[C@@H]2[C@H](C)CCCC(C)C,0,C=C1CC[C@H](O)C/C1=C/C=C1\CCC[C@]2(C)[C@@H]([C@H](C)CCCC(C)C)CC[C@@H]12,QYSXJUFSXHHAJI-YRZJJWOYSA-N
cifenline,c1ccc(C2(c3ccccc3)C[C@H]2C2=NCCN2)cc1,1,c1ccc(C2(c3ccccc3)C[C@H]2C2=NCCN2)cc1,IPOBOOXFSRWSHL-INIZCTEOSA-N
cilnidipine,COCCOC(=O)C1=C(C)NC(C)=C(C(=O)OC/C=C/c2ccccc2)[C@H]1c1cccc([N+](=O)[O-])c1,1,COCCOC(=O)C1=C(C)N=C(C)C(C(=O)OC/C=C/c2ccccc2)[C@H]1c1cccc([N+](=O)[O-])c1,BYAAPSQQRDMOAQ-IUOGJANSSA-N
cilostazol,O=C1CCc2cc(OCCCCc3nnnn3C3CCCCC3)ccc2N1,1,O=C1CCc2cc(OCCCCc3nnnn3C3CCCCC3)ccc2N1,RRGUKTPIGVIEKM-UHFFFAOYSA-N
cimetidine,CN/C(=N\C#N)NCCSCc1nc[nH]c1C,1,CN=C(NC#N)NCCSCc1[nH]cnc1C,AQIXAKUUQRKLND-UHFFFAOYSA-N
cinnarizine,C(=C/c1ccccc1)\CN1CCN(C(c2ccccc2)c2ccccc2)CC1,0,C(=C/c1ccccc1)\CN1CCN(C(c2ccccc2)c2ccccc2)CC1,DERZBLKQOCDDDZ-JLHYYAGUSA-N
ciprofloxacin,O=C(O)c1cn(C2CC2)c2cc(N3CCNCC3)c(F)cc2c1=O,0,O=C(O)c1cn(C2CC2)c2cc(N3CCNCC3)c(F)cc2c1=O,MYSWGUAQZAJSOK-UHFFFAOYSA-N
ciprofibrate,CC(C)(Oc1ccc([C@@H]2CC2(Cl)Cl)cc1)C(=O)O,1,CC(C)(Oc1ccc([C@@H]2CC2(Cl)Cl)cc1)C(=O)O,KPSRODZRAIWAKH-JTQLQIEISA-N
cisapride,COc1cc(N)c(Cl)cc1C(=O)N[C@H]1CCN(CCCOc2ccc(F)cc2)C[C@H]1OC,1,COc1cc(N)c(Cl)cc1C(=O)N[C@H]1CCN(CCCOc2ccc(F)cc2)C[C@H]1OC,DCSUBABJRXZOMT-RBBKRZOGSA-N
citalopram,CN(C)CCC[C@@]1(c2ccc(F)cc2)OCc2cc(C#N)ccc21,1,CN(C)CCC[C@@]1(c2ccc(F)cc2)OCc2cc(C#N)ccc21,WSEQXVZVJXJVFP-FQEVSTJZSA-N
clarithromycin,CC[C@H]1OC(=O)[C@H](C)[C@@H](O[C@H]2C[C@@](C)(OC)[C@@H](O)[C@H](C)O2)[C@H](C)[C@@H](O[C@@H]2O[C@H](C)C[C@H](N(C)C)[C@H]2O)[C@](C)(OC)C[C@@H](C)C(=O)[C@H](C)[C@@H](O)[C@]1(C)O,1,CC[C@H]1OC(=O)C(C)[C@@H](O[C@H]2C[C@@](C)(OC)[C@@H](O)[C@H](C)O2)[C@H](C)[C@@H](O[C@@H]2O[C@H](C)C[C@H](N(C)C)[C@H]2O)[C@](C)(OC)CC(C)C(=O)C(C)[C@@H](O)[C@]1(C)O,AGOYDEPGAOXOCK-WLLSWQJKSA-N
chlordiazepoxide,CNC1=Nc2ccc(Cl)cc2C(c2ccccc2)=[N+]([O-])C1,1,CN=C1C[N+]([O-])=C(c2ccccc2)c2cc(Cl)ccc2N1,ANTSCNMPPGJYLG-UHFFFAOYSA-N
clemastine,CN1CCC[C@@H]1CCO[C@](C)(c1ccccc1)c1ccc(Cl)cc1,0,CN1CCC[C@@H]1CCO[C@](C)(c1ccccc1)c1ccc(Cl)cc1,YNNUSGIPVFPVBX-NHCUHLMSSA-N
clindamycin,CCC[C@@H]1C[C@H](C(=O)N[C@H]([C@H](C)Cl)[C@H]2O[C@H](SC)[C@H](O)[C@@H](O)[C@H]2O)N(C)C1,1,CCC[C@@H]1CC(C(=O)N[C@@H]([C@H]2O[C@H](SC)[C@H](O)[C@@H](O)[C@H]2O)[C@H](C)Cl)N(C)C1,KDLRVYVGXIQJDK-DFBSCBFDSA-N
clofazimine,CC(C)/N=c1/cc2n(-c3ccc(Cl)cc3)c3ccccc3nc-2cc1Nc1ccc(Cl)cc1,0,CC(C)/N=c1/cc2n(-c3ccc(Cl)cc3)c3ccccc3nc-2cc1Nc1ccc(Cl)cc1,WDQPAMHFFCXSNU-KRUMMXJUSA-N
clofibric-acid,CC(C)(Oc1ccc(Cl)cc1)C(=O)O,1,CC(C)(Oc1ccc(Cl)cc1)C(=O)O,TXCGAZHTZHNUAI-UHFFFAOYSA-N
clofibrate,CCOC(=O)C(C)(C)Oc1ccc(Cl)cc1,1,CCOC(=O)C(C)(C)Oc1ccc(Cl)cc1,KNHUKKLJHYUCFP-UHFFFAOYSA-N
clomethiazole,Cc1ncsc1CCCl,1,Cc1ncsc1CCCl,PCLITLDOTJTVDJ-UHFFFAOYSA-N
clomipramine,CN(C)CCCN1c2ccccc2CCc2ccc(Cl)cc21,1,CN(C)CCCN1c2ccccc2CCc2ccc(Cl)cc21,GDLIGKIOYRNHDA-UHFFFAOYSA-N
clonazepam,O=C1CN=C(c2ccccc2Cl)c2cc([N+](=O)[O-])ccc2N1,1,O=C1CN=C(c2ccccc2Cl)c2cc([N+](=O)[O-])ccc2N1,DGBIGWXXNGSACT-UHFFFAOYSA-N
clopentixol,OCCN1CCN(CC/C=C2/c3ccccc3Sc3ccc(Cl)cc32)CC1,0,OCCN1CCN(CC/C=C2/c3ccccc3Sc3ccc(Cl)cc32)CC1,WFPIAZLQTJBIFN-DVZOWYKESA-N
clopidogrel,COC(=O)[C@H](c1ccccc1Cl)N1CCc2sccc2C1,1,COC(=O)C(c1ccccc1Cl)N1CCc2sccc2C1,GKTWGGQPFAXNFI-UHFFFAOYSA-N
clotrimazole,Clc1ccccc1C(c1ccccc1)(c1ccccc1)n1ccnc1,1,Clc1ccccc1C(c1ccccc1)(c1ccccc1)n1ccnc1,VNFPBHJOKIVQEB-UHFFFAOYSA-N
clozapine,CN1CCN(C2=Nc3cc(Cl)ccc3Nc3ccccc32)CC1,1,CN1CCN(C2=Nc3cc(Cl)ccc3Nc3ccccc32)CC1,QZUDBNBUXVUHMW-UHFFFAOYSA-N
chlorpromazine,CN(C)CCCN1c2ccccc2Sc2ccc(Cl)cc21,1,CN(C)CCCN1c2ccccc2Sc2ccc(Cl)cc21,ZPEIMTDSQAKGNT-UHFFFAOYSA-N
cocaine,COC(=O)[C@H]1[C@@H](OC(=O)c2ccccc2)C[C@@H]2CC[C@H]1N2C,1,COC(=O)C1[C@@H](OC(=O)c2ccccc2)C[C@@H]2CC[C@H]1N2C,ZPUCINDJVBIVPJ-MBOZISHXSA-N
codeine,COc1ccc2c3c1O[C@H]1[C@@H](O)C=C[C@H]4[C@@H](C2)N(C)CC[C@]314,1,COc1ccc2c3c1O[C@H]1[C@@H](O)C=C[C@H]4[C@@H](C2)N(C)CC[C@@]341,OROGSEYTTFOCAN-DNJOTXNNSA-N
colchicine,COc1cc2c(c(OC)c1OC)-c1ccc(OC)c(=O)cc1[C@@H](NC(C)=O)CC2,1,COc1cc2c(c(OC)c1OC)-c1ccc(OC)c(=O)cc1[C@@H](NC(C)=O)CC2,IAKHMKGGTNLKSZ-INIZCTEOSA-N
corticosterone,C[C@]12C[C@H](O)[C@H]3[C@@H](CCC4=CC(=O)CC[C@@]43C)[C@@H]1CC[C@@H]2C(=O)CO,1,C[C@]12CCC(=O)C=C1CC[C@@H]1[C@@H]2[C@@H](O)C[C@]2(C)C(C(=O)CO)CC[C@@H]12,OMFXVFTZEKFJBZ-ORVDRNQDSA-N
cortsione,C[C@]12CC(=O)[C@H]3[C@@H](CCC4=CC(=O)CC[C@@]43C)[C@@H]1CC[C@]2(O)C(=O)CO,1,C[C@]12CCC(=O)C=C1CC[C@@H]1C2C(=O)C[C@@]2(C)[C@H]1CC[C@]2(O)C(=O)CO,MFYSYFVPBJMHGN-VLNSYWPESA-N
(-)-cotinine,CN1C(=O)CC[C@H]1c1cccnc1,0,CN1C(=O)CC[C@H]1c1cccnc1,UIKROCXWUNQSPJ-VIFPVBQESA-N
coumarin,O=c1ccc2ccccc2o1,0,O=c1ccc2ccccc2o1,ZYGHJZDHTFUPRJ-UHFFFAOYSA-N
cyclobenzaprine,CN(C)CCC=C1c2ccccc2C=Cc2ccccc21,1,CN(C)CCC=C1c2ccccc2C=Cc2ccccc21,JURKNVYFZMSNLP-UHFFFAOYSA-N
cyclosporin-A,C/C=C/C[C@@H](C)[C@@H](O)[C@H]1C(=O)N[C@@H](CC)C(=O)N(C)CC(=O)N(C)[C@@H](CC(C)C)C(=O)N[C@H](C(C)C)C(=O)N(C)[C@@H](CC(C)C)C(=O)N[C@@H](C)C(=O)N[C@H](C)C(=O)N(C)[C@@H](CC(C)C)C(=O)N(C)[C@@H](CC(C)C)C(=O)N(C)[C@@H](C(C)C)C(=O)N1C,1,C/C=C/C[C@@H](C)[C@@H](O)C1C(=O)NC(CC)C(=O)N(C)CC(=O)N(C)C(CC(C)C)C(=O)NC(C(C)C)C(=O)N(C)C(CC(C)C)C(=O)NC(C)C(=O)NC(C)C(=O)N(C)C(CC(C)C)C(=O)N(C)C(CC(C)C)C(=O)N(C)C(C(C)C)C(=O)N1C,PMATZTZNYRCHOR-KMSBSJHKSA-N
cyclophosphamide,O=[P@]1(N(CCCl)CCCl)NCCCO1,1,O=[P@]1(N(CCCl)CCCl)NCCCO1,CMSMOCZEIVJLDB-CQSZACIVSA-N
cyproterone,CC(=O)[C@@]1(O)CC[C@H]2[C@@H]3C=C(Cl)C4=CC(=O)[C@@H]5C[C@@H]5[C@]4(C)[C@H]3CC[C@@]21C,1,CC(=O)[C@@]1(O)CC[C@H]2C3=CC(Cl)=C4CC(=O)C5C[C@@H]5[C@]4(C)[C@H]3CC[C@@]21C,JMMOZGZYGBYHRY-MMUMSUDXSA-N
dacarbazine,CN(C)/N=N\c1[nH]cnc1C(N)=O,0,CN(C)N=Nc1[nH]cnc1C(N)=O,FDKXTQMXEQVLRF-UHFFFAOYSA-N
dalfopristin,CCN(CC)CCS(=O)(=O)[C@@H]1CCN2C(=O)c3coc(n3)CC(=O)C[C@H](O)C=C(C)C=CCNC(=O)C=C[C@@H](C)[C@@H](C(C)C)OC(=O)[C@@H]12,0,CCN(CC)CCS(=O)(=O)[C@@H]1CCN2C(=O)c3coc(n3)CC(=O)C[C@H](O)C=C(C)C=CCNC(=O)C=C[C@@H](C)[C@@H](C(C)C)OC(=O)C12,SUYRLXYYZQTJHF-BSLWIHDQSA-N
danazol,C#C[C@]1(O)CC[C@H]2[C@@H]3CCC4=Cc5oncc5C[C@]4(C)[C@H]3CC[C@@]21C,0,C#C[C@]1(O)CC[C@H]2[C@@H]3CCC4=Cc5oncc5C[C@]4(C)[C@H]3CC[C@@]21C,POZRVZJJTULAOH-LHZXLZLDSA-N
dantrolene,O=C1CN(/N=C\c2ccc(-c3ccc([N+](=O)[O-])cc3)o2)C(=O)N1,1,O=c1[nH]c(O)cn1/N=C\c1ccc(-c2ccc([N+](=O)[O-])cc2)o1,IMVWGCIUSSJUAA-CHHVJCJISA-N
dapsone,Nc1ccc(S(=O)(=O)c2ccc(N)cc2)cc1,1,Nc1ccc(S(=O)(=O)c2ccc(N)cc2)cc1,MQJKPEGWNLWLTK-UHFFFAOYSA-N
daunorubicine,COc1cccc2c1C(=O)c1c(O)c3c(c(O)c1C2=O)C[C@@](O)(C(C)=O)C[C@@H]3O[C@H]1C[C@H](N)[C@H](O)[C@H](C)O1,0,COc1cccc2c(O)c3c(c(O)c12)C(=O)C1=C(C[C@@](O)(C(C)=O)C[C@@H]1O[C@H]1C[C@H](N)[C@H](O)[C@H](C)O1)C3=O,YSTRWQVEZGVBLR-VGBVRHCVSA-N
dazoxiben,O=C(O)c1ccc(OCCn2ccnc2)cc1,0,O=C(O)c1ccc(OCCn2ccnc2)cc1,XQGZSYKGWHUSDH-UHFFFAOYSA-N
debrisoquin,N=C(N)N1CCc2ccccc2C1,0,N=C(N)N1CCc2ccccc2C1,JWPGJSVJDAJRLW-UHFFFAOYSA-N
delapril,CCOC(=O)[C@H](CCc1ccccc1)N[C@@H](C)C(=O)N(CC(=O)O)C1Cc2ccccc2C1,0,CCOC(=O)C(CCc1ccccc1)NC(C)C(=O)N(CC(=O)O)C1Cc2ccccc2C1,WOUOLAUOZXOLJQ-UHFFFAOYSA-N
delavirdine,CC(C)Nc1cccnc1N1CCN(C(=O)c2cc3cc(NS(C)(=O)=O)ccc3[nH]2)CC1,1,CC(C)Nc1cccnc1N1CCN(C(=O)c2cc3cc(NS(C)(=O)=O)ccc3[nH]2)CC1,WHBIGIKBNXZKFE-UHFFFAOYSA-N
desipramine,CNCCCN1c2ccccc2CCc2ccccc21,0,CNCCCN1c2ccccc2CCc2ccccc21,HCYAFALTSJYZDH-UHFFFAOYSA-N
desloratadine,Clc1ccc2c(c1)CCc1cccnc1C2=C1CCNCC1,0,Clc1ccc2c(c1)CCc1cccnc1C2=C1CCNCC1,JAUOIFJMECXRGI-UHFFFAOYSA-N
desogestrel,C#C[C@]1(O)CC[C@H]2[C@@H]3CCC4=CCCC[C@@H]4[C@H]3C(=C)C[C@@]21CC,0,C#C[C@]1(O)CC[C@H]2[C@@H]3CCC4=CCCC[C@@H]4[C@H]3C(=C)C[C@@]21CC,RPLCPCMSCLEKRS-BPIQYHPVSA-N
dexamethasone,C[C@@H]1C[C@H]2[C@@H]3CCC4=CC(=O)C=C[C@]4(C)[C@@]3(F)[C@@H](O)C[C@]2(C)[C@@]1(O)C(=O)CO,1,C[C@@H]1C[C@H]2[C@@H]3CC=C4CC(=O)C=C[C@]4(C)[C@@]3(F)[C@@H](O)C[C@]2(C)[C@@]1(O)C(=O)CO,GJFCONYVAUNLKB-CXSFZGCWSA-N
dexloxiglumide,CCCCCN(CCCOC)C(=O)[C@@H](CCC(=O)O)NC(=O)c1ccc(Cl)c(Cl)c1,0,CCCCCN(CCCOC)C(=O)C(CCC(=O)O)NC(=O)c1ccc(Cl)c(Cl)c1,QNQZBKQEIFTHFZ-UHFFFAOYSA-N
dexmedetomidine,Cc1cccc([C@H](C)c2c[nH]cn2)c1C,0,Cc1cccc([C@H](C)c2c[nH]cn2)c1C,CUHVIMMYOGQXCV-NSHDSACASA-N
dextromethorphan,COc1ccc2c(c1)[C@@]13CCCC[C@H]1[C@@H](C2)N(C)CC3,1,COc1ccc2c(c1)[C@@]13CCCC[C@H]1[C@@H](C2)N(C)CC3,MKXZASYAUGDDCJ-CGTJXYLNSA-N
dextrorphan,CN1CC[C@@]23CCCC[C@@H]2[C@@H]1Cc1ccc(O)cc13,1,CN1CC[C@@]23CCCC[C@@H]2[C@@H]1Cc1ccc(O)cc13,JAQUASYNZVUNQP-PVAVHDDUSA-N
diazepam,CN1C(=O)CN=C(c2ccccc2)c2cc(Cl)ccc21,1,CN1C(=O)CN=C(c2ccccc2)c2cc(Cl)ccc21,AAOVKJBEBIDNHE-UHFFFAOYSA-N
diclofenac,O=C(O)Cc1ccccc1Nc1c(Cl)cccc1Cl,1,O=C(O)Cc1ccccc1Nc1c(Cl)cccc1Cl,DCOPUUMXTXDBNB-UHFFFAOYSA-N
dicumarol,O=c1oc2ccccc2c(O)c1Cc1c(O)c2ccccc2oc1=O,0,O=c1c(Cc2c(O)oc3ccccc3c2=O)c(O)oc2ccccc12,KSKRYQVHJQRUNC-UHFFFAOYSA-N
dieldrin,ClC1=C(Cl)[C@]2(Cl)[C@@H]3[C@@H]4C[C@H]([C@@H]3[C@@]1(Cl)C2(Cl)Cl)[C@H]1O[C@@H]41,0,ClC1=C(Cl)[C@]2(Cl)[C@@H]3[C@@H]4C[C@@H]([C@H]5O[C@@H]45)[C@@H]3[C@@]1(Cl)C2(Cl)Cl,DFBKLUNHFCTMDC-PICURKEMSA-N
diethylcarbamazine,CCN(CC)C(=O)N1CCN(C)CC1,0,CCN(CC)C(=O)N1CCN(C)CC1,RCKMWOKWVGPNJF-UHFFFAOYSA-N
diethylstilbestrol,CC/C(=C(\CC)c1ccc(O)cc1)c1ccc(O)cc1,1,CC=C(c1ccc(O)cc1)C(CC)c1ccc(O)cc1,CEHDRGBLVBQUPH-UHFFFAOYSA-N
difloxacin,CN1CCN(c2cc3c(cc2F)c(=O)c(C(=O)O)cn3-c2ccc(F)cc2)CC1,0,CN1CCN(c2cc3c(cc2F)c(=O)c(C(=O)O)cn3-c2ccc(F)cc2)CC1,NOCJXYPHIIZEHN-UHFFFAOYSA-N
digitoxin,C[C@H]1O[C@@H](O[C@H]2[C@@H](O)C[C@H](O[C@H]3[C@@H](O)C[C@H](O[C@H]4CC[C@]5(C)[C@H]6CC[C@]7(C)[C@@H](C8=CC(=O)OC8)CC[C@]7(O)[C@@H]6CC[C@@H]5C4)O[C@@H]3C)O[C@@H]2C)C[C@H](O)[C@@H]1O,1,C[C@H]1O[C@@H](O[C@H]2[C@@H](O)C[C@H](O[C@H]3[C@@H](O)C[C@H](O[C@H]4CC[C@@]5(C)[C@H](CC[C@@H]6[C@@H]5CC[C@]5(C)[C@@H](C7=CC(=O)OC7)CC[C@]65O)C4)O[C@@H]3C)O[C@@H]2C)C[C@H](O)[C@@H]1O,WDJUZGPOPHTGOT-XUDUSOBPSA-N
digoxin,C[C@H]1O[C@@H](O[C@H]2[C@@H](O)C[C@H](O[C@H]3[C@@H](O)C[C@H](O[C@H]4CC[C@]5(C)[C@H]6C[C@@H](O)[C@]7(C)[C@@H](C8=CC(=O)OC8)CC[C@]7(O)[C@@H]6CC[C@@H]5C4)O[C@@H]3C)O[C@@H]2C)C[C@H](O)[C@@H]1O,0,C[C@H]1O[C@@H](O[C@H]2[C@@H](O)C[C@H](O[C@H]3[C@@H](O)C[C@H](O[C@H]4CC[C@@]5(C)[C@H](CC[C@@H]6[C@@H]5C[C@@H](O)[C@]5(C)[C@@H](C7=CC(=O)OC7)CC[C@]65O)C4)O[C@@H]3C)O[C@@H]2C)C[C@H](O)[C@@H]1O,LTMHDMANZUZIPE-PUGKRICDSA-N
dihydrocodeine,COc1ccc2c3c1O[C@H]1[C@@H](O)CC[C@H]4[C@@H](C2)N(C)CC[C@]314,1,COc1ccc2c3c1O[C@H]1[C@@H](O)CC[C@H]4[C@@H](C2)N(C)CC[C@@]341,RBOXVHNMENFORY-DNJOTXNNSA-N
dihydralazine,NNc1nnc(NN)c2ccccc12,1,NNc1nnc(NN)c2ccccc12,VQKLRVZQQYVIJW-UHFFFAOYSA-N
dihydroergotamine,CN1C[C@H](C(=O)N[C@]2(C)O[C@@]3(O)[C@@H]4CCCN4C(=O)[C@H](Cc4ccccc4)N3C2=O)C[C@@H]2c3cccc4[nH]cc(c34)C[C@H]21,1,CN1CC(C(=O)N[C@]2(C)O[C@@]3(O)[C@@H]4CCCN4C(=O)C(Cc4ccccc4)N3C2=O)C[C@@H]2c3cccc4[nH]cc(c34)C[C@H]21,LUZRJRNZXALNLM-IPNFMWJESA-N
diltiazem,COc1ccc([C@@H]2Sc3ccccc3N(CCN(C)C)C(=O)[C@@H]2OC(C)=O)cc1,1,COc1ccc([C@@H]2Sc3ccccc3N(CCN(C)C)C(=O)C2OC(C)=O)cc1,HSUGRBWQSSZJOP-LBAQZLPGSA-N
diosmin,COc1ccc(-c2cc(=O)c3c(O)cc(O[C@@H]4O[C@H](CO[C@@H]5O[C@@H](C)[C@H](O)[C@@H](O)[C@H]5O)[C@@H](O)[C@H](O)[C@H]4O)cc3o2)cc1O,0,COc1ccc(-c2cc(=O)c3c(O)cc(O[C@@H]4O[C@H](CO[C@@H]5O[C@@H](C)[C@H](O)[C@@H](O)[C@H]5O)[C@@H](O)[C@H](O)[C@H]4O)cc3o2)cc1O,GZSOSUNBTXMUFQ-YFAPSIMESA-N
diphenhydramine,CN(C)CCOC(c1ccccc1)c1ccccc1,0,CN(C)CCOC(c1ccccc1)c1ccccc1,ZZVUWRFHKOJYTH-UHFFFAOYSA-N
diprafenone,CCC(C)(C)NC[C@H](O)COc1ccccc1C(=O)CCc1ccccc1,0,CCC(C)(C)NC[C@H](O)COc1ccccc1C(=O)CCc1ccccc1,VDKMYSMWQCFYBQ-IBGZPJMESA-N
dirithromycin,CC[C@H]1OC(=O)[C@H](C)[C@@H](O[C@H]2C[C@@](C)(OC)[C@@H](O)[C@H](C)O2)[C@H](C)[C@@H](O[C@@H]2O[C@H](C)C[C@H](N(C)C)[C@H]2O)[C@](C)(O)C[C@@H](C)[C@@H]2N[C@@H](COCCOC)O[C@H]([C@H]2C)[C@]1(C)O,0,CC[C@H]1OC(=O)C(C)[C@@H](O[C@H]2C[C@@](C)(OC)[C@@H](O)[C@H](C)O2)[C@H](C)[C@@H](O[C@@H]2O[C@H](C)C[C@H](N(C)C)[C@H]2O)[C@](C)(O)C[C@@H](C)[C@@H]2N[C@@H](COCCOC)O[C@H]([C@H]2C)[C@]1(C)O,WLOHNSSYAXHWNR-BENNVRAASA-N
disopyramide,CC(C)N(CC[C@@](C(N)=O)(c1ccccc1)c1ccccn1)C(C)C,1,CC(C)N(CC[C@@](C(N)=O)(c1ccccc1)c1ccccn1)C(C)C,UVTNFZQICZKOEM-OAQYLSRUSA-N
disulfamide,Cc1cc(Cl)c(S(N)(=O)=O)cc1S(N)(=O)=O,0,Cc1cc(Cl)c(S(N)(=O)=O)cc1S(N)(=O)=O,RCFKEIREOSXLET-UHFFFAOYSA-N
disulfiram,CCN(CC)C(=S)SSC(=S)N(CC)CC,0,CCN(CC)C(=S)SSC(=S)N(CC)CC,AUZONCFQVSMFAP-UHFFFAOYSA-N
dimethyl-suldoxide,CS(C)=O,0,C[S+](C)[O-],IAZDPXIOMUYVGZ-UHFFFAOYSA-N
dofetilide,CN(CCOc1ccc(NS(C)(=O)=O)cc1)CCc1ccc(NS(C)(=O)=O)cc1,1,CN(CCOc1ccc(NS(C)(=O)=O)cc1)CCc1ccc(NS(C)(=O)=O)cc1,IXTMWRCNAAVVAI-UHFFFAOYSA-N
dolasetron,O=C(OC1C[C@@H]2CC3C[C@H](C1)N2CC3=O)c1c[nH]c2ccccc12,1,O=C(OC1C[C@@H]2CC3C[C@H](C1)N2CC3=O)c1c[nH]c2ccccc12,UKTAZPQNNNJVKR-AKJUYKBHSA-N
domperidone,O=c1[nH]c2ccccc2n1CCCN1CCC(n2c(=O)[nH]c3cc(Cl)ccc32)CC1,0,O=c1[nH]c2ccccc2n1CCCN1CCC(n2c(=O)[nH]c3cc(Cl)ccc32)CC1,FGXWKSZFVQUSTL-UHFFFAOYSA-N
donepezil,COc1cc2c(cc1OC)C(=O)[C@H](CC1CCN(Cc3ccccc3)CC1)C2,1,COc1cc2c(cc1OC)C(=O)C(CC1CCN(Cc3ccccc3)CC1)C2,ADEBPBSSDYVVLD-UHFFFAOYSA-N
dorzolamide,CCN[C@H]1C[C@H](C)S(=O)(=O)c2sc(S(N)(=O)=O)cc21,1,CCN[C@H]1C[C@H](C)S(=O)(=O)c2sc(S(N)(=O)=O)cc21,IAVUPMFITXYVAF-XPUUQOCRSA-N
doxepin,CN(C)CC/C=C1/c2ccccc2COc2ccccc21,1,CN(C)CC/C=C1/c2ccccc2COc2ccccc21,ODQWQRRAPPTVAG-BOPFTXTBSA-N
doxorubicine,COc1cccc2c1C(=O)c1c(O)c3c(c(O)c1C2=O)C[C@@](O)(C(=O)CO)C[C@@H]3O[C@H]1C[C@H](N)[C@H](O)[C@H](C)O1,1,COc1cccc2c(O)c3c(c(O)c12)C(=O)C1=C(C[C@@](O)(C(=O)CO)C[C@@H]1O[C@H]1C[C@H](N)[C@H](O)[C@H](C)O1)C3=O,XZTGINNGSQCYPR-TZSSRYMLSA-N
doxycycline,C[C@H]1c2cccc(O)c2C(=O)C2=C(O)[C@]3(O)C(=O)C(C(N)=O)=C(O)[C@@H](N(C)C)[C@@H]3[C@@H](O)[C@@H]21,1,CC1c2cccc(O)c2C(=O)C2C(=O)[C@]3(O)C(=O)C(C(N)=O)C(=O)C(N(C)C)[C@@H]3[C@@H](O)[C@@H]21,VXVNYCRICCVPTD-REFUAFEPSA-N
drospirenone,C[C@]12CC[C@H]3[C@H]([C@@H]1[C@@H]1C[C@@H]1[C@@]21CCC(=O)O1)[C@H]1C[C@H]1C1=CC(=O)CC[C@@]13C,1,C[C@]12CCC(=O)C=C1C1C[C@@H]1[C@H]1[C@@H]3[C@@H]4C[C@@H]4[C@@]4(CCC(=O)O4)[C@@]3(C)CC[C@@H]12,METQSPRSQINEEU-FZPIISOMSA-N
dutasteride,C[C@]12CC[C@H]3[C@@H](CC[C@H]4NC(=O)C=C[C@]34C)[C@@H]1CC[C@@H]2C(=O)Nc1cc(C(F)(F)F)ccc1C(F)(F)F,1,C[C@]12C=CC(=O)N[C@@H]1CC[C@@H]1[C@@H]2CC[C@]2(C)C(C(=O)Nc3cc(C(F)(F)F)ccc3C(F)(F)F)CC[C@@H]12,JWJOTENAMICLJG-XBBCLZPISA-N
ebastine,CC(C)(C)c1ccc(C(=O)CCCN2CCC(OC(c3ccccc3)c3ccccc3)CC2)cc1,1,CC(C)(C)c1ccc(C(=O)CCCN2CCC(OC(c3ccccc3)c3ccccc3)CC2)cc1,MJJALKDDGIKVBE-UHFFFAOYSA-N
ebrotidine,NC(N)=Nc1nc(CSCC/N=C/NS(=O)(=O)c2ccc(Br)cc2)cs1,0,N=C(N)N=c1[nH]c(CSCCN=CNS(=O)(=O)c2ccc(Br)cc2)cs1,ZQHFZHPUZXNPMF-UHFFFAOYSA-N
ecabapide,CNC(=O)c1cccc(NCC(=O)NCCc2ccc(OC)c(OC)c2)c1,1,CNC(=O)c1cccc(NCC(=O)NCCc2ccc(OC)c(OC)c2)c1,JTAGHJPZEDNHHA-UHFFFAOYSA-N
econazole,Clc1ccc(CO[C@@H](Cn2ccnc2)c2ccc(Cl)cc2Cl)cc1,0,Clc1ccc(CO[C@@H](Cn2ccnc2)c2ccc(Cl)cc2Cl)cc1,LEZWWPYKPKIXLL-SFHVURJKSA-N
efavirenz,O=C1Nc2ccc(Cl)cc2[C@@](C#CC2CC2)(C(F)(F)F)O1,1,O=C1Nc2ccc(Cl)cc2[C@@](C#CC2CC2)(C(F)(F)F)O1,XPOQHMRABVBWPR-ZDUSSCGKSA-N
efonidipine,CC1=C(C(=O)OCCN(Cc2ccccc2)c2ccccc2)[C@H](c2cccc([N+](=O)[O-])c2)C(P2(=O)OCC(C)(C)CO2)=C(C)N1,0,CC1=NC(C)=C(P2(=O)OCC(C)(C)CO2)[C@@H](c2cccc([N+](=O)[O-])c2)C1C(=O)OCCN(Cc1ccccc1)c1ccccc1,RZLOFMVWEMZGDN-FLDQDSGZSA-N
eletriptan,CN1CCC[C@@H]1Cc1c[nH]c2ccc(CCS(=O)(=O)c3ccccc3)cc12,1,CN1CCC[C@@H]1Cc1c[nH]c2ccc(CCS(=O)(=O)c3ccccc3)cc12,PWVXXGRKLHYWKM-LJQANCHMSA-N
emedastine,CCOCCn1c(N2CCCN(C)CC2)nc2ccccc21,1,CCOCCn1c(N2CCCN(C)CC2)nc2ccccc21,KBUZBQVCBVDWKX-UHFFFAOYSA-N
emivirine,CCOCn1c(Cc2ccccc2)c(C(C)C)c(=O)[nH]c1=O,1,CCOCn1c(Cc2ccccc2)c(C(C)C)c(=O)[nH]c1=O,MLILORUFDVLTSP-UHFFFAOYSA-N
enalapril,CCOC(=O)[C@H](CCc1ccccc1)N[C@@H](C)C(=O)N1CCC[C@H]1C(=O)O,1,CCOC(=O)C(CCc1ccccc1)NC(C)C(=O)N1CCCC1C(=O)O,GBXSMTUPTTWBMN-UHFFFAOYSA-N
encainide,COc1ccc(C(=O)Nc2ccccc2CC[C@H]2CCCCN2C)cc1,0,COc1ccc(C(=O)Nc2ccccc2CC[C@H]2CCCCN2C)cc1,PJWPNDMDCLXCOM-LJQANCHMSA-N
enflurane,FC(F)OC(F)(F)[C@@H](F)Cl,0,FC(F)OC(F)(F)[C@@H](F)Cl,JPGQOUSTVILISH-PVQJCKRUSA-N
enoxacin,CCn1cc(C(=O)O)c(=O)c2cc(F)c(N3CCNCC3)nc21,0,CCn1cc(C(=O)O)c(=O)c2cc(F)c(N3CCNCC3)nc21,IDYZIJYBMGIQMJ-UHFFFAOYSA-N
entacapone,CCN(CC)C(=O)/C(C#N)=C\c1cc(O)c(O)c([N+](=O)[O-])c1,0,CCN(CC)C(=O)C(C#N)=Cc1cc(O)c(O)c([N+](=O)[O-])c1,JRURYQJSLYLRLN-UHFFFAOYSA-N
epinastine,NC1=NC[C@@H]2c3ccccc3Cc3ccccc3N12,1,NC1=NC[C@@H]2c3ccccc3Cc3ccccc3N12,WHWZLSFABNNENI-OAHLLOKOSA-N
epinephrine,CNC[C@H](O)c1ccc(O)c(O)c1,0,CNC[C@H](O)c1ccc(O)c(O)c1,UCTWMZQNUQWSLP-VIFPVBQESA-N
eplerenone,COC(=O)[C@@H]1CC2=CC(=O)CC[C@]2(C)[C@@]23O[C@@H]2C[C@@]2(C)[C@@H](CC[C@@]24CCC(=O)O4)[C@H]13,1,COC(=O)C1C=C2CC(=O)CC[C@]2(C)[C@@]23O[C@@H]2C[C@@]2(C)[C@@H](CC[C@@]24CCC(=O)O4)[C@H]13,FGDFBDMCHJUKLV-RRRIQQLMSA-N
eprosartan,CCCCc1ncc(/C=C(/Cc2cccs2)C(=O)O)n1Cc1ccc(C(=O)O)cc1,0,CCCC=c1ncc(=CC(Cc2cccs2)C(=O)O)n1Cc1ccc(C(=O)O)cc1,OLWGWPVIWQZCDJ-UHFFFAOYSA-N
ergonovine,C[C@H](CO)NC(=O)[C@@H]1C=C2c3cccc4[nH]cc(c34)C[C@H]2N(C)C1,1,C[C@H](CO)NC(=O)C1C=C2c3cccc4[nH]cc(c34)C[C@H]2N(C)C1,WVVSZNPYNCNODU-GABKRLTPSA-N
ergotamine,CN1C[C@H](C(=O)N[C@]2(C)O[C@@]3(O)[C@@H]4CCCN4C(=O)[C@H](Cc4ccccc4)N3C2=O)C=C2c3cccc4[nH]cc(c34)C[C@H]21,1,CN1CC(C(=O)N[C@]2(C)O[C@@]3(O)[C@@H]4CCCN4C(=O)C(Cc4ccccc4)N3C2=O)C=C2c3cccc4[nH]cc(c34)C[C@H]21,XCGSFFUVFURLIX-QOEFELPASA-N
erythromycin-A,CC[C@H]1OC(=O)[C@H](C)[C@@H](O[C@H]2C[C@@](C)(OC)[C@@H](O)[C@H](C)O2)[C@H](C)[C@@H](O[C@@H]2O[C@H](C)C[C@H](N(C)C)[C@H]2O)[C@](C)(O)C[C@@H](C)C(=O)[C@H](C)[C@@H](O)[C@]1(C)O,1,CC[C@H]1OC(=O)C(C)[C@@H](O[C@H]2C[C@@](C)(OC)[C@@H](O)[C@H](C)O2)[C@H](C)[C@@H](O[C@@H]2O[C@H](C)C[C@H](N(C)C)[C@H]2O)[C@](C)(O)CC(C)C(=O)C(C)[C@@H](O)[C@]1(C)O,ULGZDMOVFRHVEP-ZWLFKSPASA-N
estradiole,C[C@]12CC[C@@H]3c4ccc(O)cc4CC[C@H]3[C@@H]1CC[C@@H]2O,1,C[C@]12CC[C@@H]3c4ccc(O)cc4CC[C@H]3[C@@H]1CC[C@@H]2O,VOXZDWNPVJITMN-ZBRFXRBCSA-N
estrone,C[C@]12CC[C@@H]3c4ccc(O)cc4CC[C@H]3[C@@H]1CCC2=O,1,C[C@]12CC[C@@H]3c4ccc(O)cc4CC[C@H]3[C@@H]1CCC2=O,DNXHEGUUPJUMQT-CBZIJGRNSA-N
ethylbenzene,CCc1ccccc1,0,CCc1ccccc1,YNQLUTRBYVCPMQ-UHFFFAOYSA-N
ethinylestradiol,C#C[C@]1(O)CC[C@H]2[C@@H]3CCc4cc(O)ccc4[C@H]3CC[C@@]21C,1,C#C[C@]1(O)CC[C@H]2[C@@H]3CCc4cc(O)ccc4[C@H]3CC[C@@]21C,BFPYWIDHMRZLRN-SLHNCBLASA-N
ethosuximide,CC[C@]1(C)CC(=O)NC1=O,1,CC[C@]1(C)CC(=O)NC1=O,HAPOVYFOVVWLRS-SSDOTTSWSA-N
ethotoin,CCN1C(=O)N[C@H](c2ccccc2)C1=O,0,CCn1c(O)c(-c2ccccc2)[nH]c1=O,DQTXWWZTPYDJTC-UHFFFAOYSA-N
ethylmorphine,CCOc1ccc2c3c1O[C@H]1[C@@H](O)C=C[C@H]4[C@@H](C2)N(C)CC[C@]314,1,CCOc1ccc2c3c1O[C@H]1[C@@H](O)C=C[C@H]4[C@@H](C2)N(C)CC[C@@]341,OGDVEMNWJVYAJL-LEPYJNQMSA-N
ethanol,CCO,1,CCO,LFQSCWFLJHTTHZ-UHFFFAOYSA-N
etomidate,CCOC(=O)c1cncn1[C@H](C)c1ccccc1,0,CCOC(=O)c1cncn1[C@H](C)c1ccccc1,NPUKDXXFDDZOKR-LLVKDONJSA-N
etonogestrel,C#C[C@]1(O)CC[C@H]2[C@@H]3CCC4=CC(=O)CC[C@@H]4[C@H]3C(=C)C[C@@]21CC,1,C#C[C@]1(O)CC[C@H]2[C@@H]3CC=C4CC(=O)CCC4[C@H]3C(=C)C[C@@]21CC,BOMXWTHINLWJIE-BHPIROGQSA-N
etoperidone,CCc1nn(CCCN2CCN(c3cccc(Cl)c3)CC2)c(=O)n1CC,1,CCc1nn(CCCN2CCN(c3cccc(Cl)c3)CC2)c(=O)n1CC,IZBNNCFOBMGTQX-UHFFFAOYSA-N
etoposide,COc1cc([C@@H]2c3cc4c(cc3[C@@H](O[C@@H]3O[C@@H]5CO[C@@H](C)O[C@H]5[C@H](O)[C@H]3O)[C@H]3COC(=O)[C@H]23)OCO4)cc(OC)c1O,1,COc1cc([C@@H]2c3cc4c(cc3[C@@H](O[C@@H]3O[C@@H]5CO[C@@H](C)O[C@H]5[C@H](O)[C@H]3O)[C@H]3COC(=O)C23)OCO4)cc(OC)c1O,VJJPUSNTGOMMGY-HZDRAOIFSA-N
etroicoxib,Cc1ccc(-c2ncc(Cl)cc2-c2ccc(S(C)(=O)=O)cc2)cn1,1,Cc1ccc(-c2ncc(Cl)cc2-c2ccc(S(C)(=O)=O)cc2)cn1,MNJVRJDLRVPLFE-UHFFFAOYSA-N
everolismus,CO[C@H]1C[C@@H]2CC[C@@H](C)[C@@](O)(O2)C(=O)C(=O)N2CCCC[C@H]2C(=O)O[C@H]([C@H](C)C[C@@H]2CC[C@@H](OCCO)[C@H](OC)C2)CC(=O)[C@H](C)C=C(C)[C@@H](O)[C@@H](OC)C(=O)[C@H](C)C[C@H](C)C=CC=CC=C1C,1,COC1C(=O)C(C)C[C@H](C)C=CC=CC=C(C)[C@@H](OC)C[C@@H]2CC[C@@H](C)[C@@](O)(O2)C(=O)C(=O)N2CCCCC2C(=O)O[C@H]([C@H](C)C[C@@H]2CC[C@@H](OCCO)[C@H](OC)C2)CC(=O)C(C)=CC(C)[C@H]1O,SXIBUDLORNYMST-OPXDRHBSSA-N
exemestane,C=C1C[C@@H]2[C@H](CC[C@]3(C)C(=O)CC[C@@H]23)[C@@]2(C)C=CC(=O)C=C12,1,C=C1C[C@@H]2[C@H](CC[C@]3(C)C(=O)CC[C@@H]23)[C@@]2(C)C=CC(=O)C=C12,BFYIZQONLCFLEV-DAELLWKTSA-N
ezlopitant,COc1ccc(C(C)C)cc1CN[C@H]1C2CCN(CC2)[C@H]1C(c1ccccc1)c1ccccc1,1,COc1ccc(C(C)C)cc1CN[C@H]1C2CCN(CC2)[C@H]1C(c1ccccc1)c1ccccc1,XPNMCDYOYIKVGB-CONSDPRKSA-N
fadrozole,N#Cc1ccc([C@H]2CCCc3cncn32)cc1,0,N#Cc1ccc([C@H]2CCCc3cncn32)cc1,CLPFFLWZZBQMAO-CQSZACIVSA-N
famotidine,NC(N)=Nc1nc(CSCC/C(N)=N\S(N)(=O)=O)cs1,0,N=C(CCSCc1csc(N=C(N)N)n1)NS(N)(=O)=O,XUFQPHANEAPEMJ-UHFFFAOYSA-N
felbamate,NC(=O)OCC(COC(N)=O)c1ccccc1,1,NC(=O)OCC(COC(N)=O)c1ccccc1,WKGXYQFOCVYPAC-UHFFFAOYSA-N
felodipine,CCOC(=O)C1=C(C)NC(C)=C(C(=O)OC)[C@@H]1c1cccc(Cl)c1Cl,1,CCOC(=O)C1=C(C)N=C(C)C(C(=O)OC)[C@@H]1c1cccc(Cl)c1Cl,HAQDEJPEAKWAAM-WUJWULDRSA-N
fenfluramine,CCN[C@H](C)Cc1cccc(C(F)(F)F)c1,0,CCN[C@H](C)Cc1cccc(C(F)(F)F)c1,DBGIVFWFUFKIQN-SECBINFHSA-N
fenobibrate,CC(C)OC(=O)C(C)(C)Oc1ccc(C(=O)c2ccc(Cl)cc2)cc1,1,CC(C)OC(=O)C(C)(C)Oc1ccc(C(=O)c2ccc(Cl)cc2)cc1,YMTINGFKWWXKFG-UHFFFAOYSA-N
fentanyl,CCC(=O)N(c1ccccc1)C1CCN(CCc2ccccc2)CC1,1,CCC(=O)N(c1ccccc1)C1CCN(CCc2ccccc2)CC1,PJMPHNIQZUBGLI-UHFFFAOYSA-N
fexofenadine,CC(C)(C(=O)O)c1ccc([C@@H](O)CCCN2CCC(C(O)(c3ccccc3)c3ccccc3)CC2)cc1,1,CC(C)(C(=O)O)c1ccc([C@@H](O)CCCN2CCC(C(O)(c3ccccc3)c3ccccc3)CC2)cc1,RWTNPBWLLIMQHL-LJAQVGFWSA-N
finasteride,CC(C)(C)NC(=O)[C@H]1CC[C@H]2[C@@H]3CC[C@H]4NC(=O)C=C[C@]4(C)[C@H]3CC[C@]12C,1,CC(C)(C)NC(=O)C1CC[C@H]2[C@@H]3CC[C@H]4NC(=O)C=C[C@]4(C)[C@H]3CC[C@]12C,DBEPLOCGEIEOCV-NAYRGPGOSA-N
flecainide,O=C(NC[C@H]1CCCCN1)c1cc(OCC(F)(F)F)ccc1OCC(F)(F)F,0,O=C(NC[C@H]1CCCCN1)c1cc(OCC(F)(F)F)ccc1OCC(F)(F)F,DJBNUMBKLMJRSA-LLVKDONJSA-N
flosequinan,Cn1cc([S@H](C)=O)c(=O)c2ccc(F)cc21,1,Cn1cc([S@H](C)=O)c(=O)c2ccc(F)cc21,IXFTZPSCDQWGKR-UHFFFAOYSA-N
floxacillin,Cc1onc(-c2c(F)cccc2Cl)c1C(=O)N[C@@H]1C(=O)N2[C@@H](C(=O)O)C(C)(C)S[C@H]12,1,Cc1onc(-c2c(F)cccc2Cl)c1C(=O)NC1C(=O)N2C(C(=O)O)C(C)(C)S[C@H]12,UIOFUWFRIANQPC-MQBCKMQZSA-N
flufenamic-acid,O=C(O)c1ccccc1Nc1cccc(C(F)(F)F)c1,0,O=C(O)c1ccccc1Nc1cccc(C(F)(F)F)c1,LPEPZBJOKDYZAD-UHFFFAOYSA-N
flunarizine,Fc1ccc(C(c2ccc(F)cc2)N2CCN(C/C=C/c3ccccc3)CC2)cc1,0,Fc1ccc(C(c2ccc(F)cc2)N2CCN(C/C=C/c3ccccc3)CC2)cc1,SMANXXCATUTDDT-QPJJXVBHSA-N
flunitrazepam,CN1C(=O)CN=C(c2ccccc2F)c2cc([N+](=O)[O-])ccc21,1,CN1C(=O)CN=C(c2ccccc2F)c2cc([N+](=O)[O-])ccc21,PPTYJKAXVCCBDU-UHFFFAOYSA-N
fluoxetine,CNCC[C@@H](Oc1ccc(C(F)(F)F)cc1)c1ccccc1,1,CNCC[C@@H](Oc1ccc(C(F)(F)F)cc1)c1ccccc1,RTHCYVBBDHJXIQ-MRXNPFEDSA-N
fluparoxan,Fc1cccc2c1O[C@H]1CNC[C@@H]1O2,0,Fc1cccc2c1O[C@H]1CNC[C@@H]1O2,XSOUHEXVEOQRKJ-IUCAKERBSA-N
fluperlapine,CN1CCN(C2=Nc3cc(F)ccc3Cc3ccccc32)CC1,0,CN1CCN(C2=Nc3cc(F)ccc3Cc3ccccc32)CC1,OBWGMKKHCLHVIE-UHFFFAOYSA-N
fluphenazine,OCCN1CCN(CCCN2c3ccccc3Sc3ccc(C(F)(F)F)cc32)CC1,0,OCCN1CCN(CCCN2c3ccccc3Sc3ccc(C(F)(F)F)cc32)CC1,PLDUPXSUYLZYBN-UHFFFAOYSA-N
fluracil,O=c1[nH]cc(F)c(=O)[nH]1,0,O=c1[nH]cc(F)c(=O)[nH]1,GHASVSINZRGABV-UHFFFAOYSA-N
flurazepam,CCN(CC)CCN1C(=O)CN=C(c2ccccc2F)c2cc(Cl)ccc21,0,CCN(CC)CCN1C(=O)CN=C(c2ccccc2F)c2cc(Cl)ccc21,SAADBVWGJQAEFS-UHFFFAOYSA-N
flurbiprofen,C[C@@H](C(=O)O)c1ccc(-c2ccccc2)c(F)c1,0,CC(C(=O)O)c1ccc(-c2ccccc2)c(F)c1,SYTBZMRGLBWNTM-UHFFFAOYSA-N
flurithromycin,CC[C@H]1OC(=O)[C@H](C)[C@@H](O[C@H]2C[C@@](C)(OC)[C@@H](O)[C@H](C)O2)[C@H](C)[C@@H](O[C@@H]2O[C@H](C)C[C@H](N(C)C)[C@H]2O)[C@](C)(O)C[C@](C)(F)C(=O)[C@H](C)[C@@H](O)[C@]1(C)O,0,CC[C@H]1OC(=O)C(C)[C@@H](O[C@H]2C[C@@](C)(OC)[C@@H](O)[C@H](C)O2)[C@H](C)[C@@H](O[C@@H]2O[C@H](C)C[C@H](N(C)C)[C@H]2O)[C@](C)(O)C[C@](C)(F)C(=O)C(C)[C@@H](O)[C@]1(C)O,XOEUHCONYHZURQ-OPTNIPRRSA-N
flutamide,CC(C)C(=O)Nc1ccc([N+](=O)[O-])c(C(F)(F)F)c1,1,CC(C)C(=O)Nc1ccc([N+](=O)[O-])c(C(F)(F)F)c1,MKXKFYHWDHIYRV-UHFFFAOYSA-N
fluticasone-proprionate,CCC(=O)O[C@]1(C(=O)SCF)[C@H](C)C[C@H]2[C@@H]3C[C@H](F)C4=CC(=O)C=C[C@]4(C)[C@@]3(F)[C@@H](O)C[C@@]21C,1,CCC(=O)O[C@]1(C(=O)SCF)[C@H](C)C[C@H]2[C@@H]3C[C@H](F)C4=CC(=O)C=C[C@]4(C)[C@@]3(F)[C@@H](O)C[C@@]21C,WMWTYOKRWGGJOA-CENSZEJFSA-N
fluvastatin,CC(C)n1c(/C=C\[C@@H](O)C[C@@H](O)CC(=O)O)c(-c2ccc(F)cc2)c2ccccc21,1,CC(C)n1c(/C=C\[C@@H](O)C[C@@H](O)CC(=O)O)c(-c2ccc(F)cc2)c2ccccc21,FJLGEFLZQAZZCD-DBBWNDPISA-N
fluvoxamine,COCCCC/C(=N/OCCN)c1ccc(C(F)(F)F)cc1,0,COCCCC/C(=N/OCCN)c1ccc(C(F)(F)F)cc1,CJOFXWAVKWHTFT-ZHZULCJRSA-N
fosphenytoin,O=C1NC(c2ccccc2)(c2ccccc2)C(=O)N1COP(=O)(O)O,0,O=C1NC(c2ccccc2)(c2ccccc2)C(=O)N1COP(=O)(O)O,XWLUWCNOOVRFPX-UHFFFAOYSA-N
fravatriptan,CN[C@@H]1CCc2[nH]c3ccc(C(N)=O)cc3c2C1,0,CN[C@@H]1CCc2[nH]c3ccc(C(N)=O)cc3c2C1,XPSQPHWEGNHMSK-SECBINFHSA-N
furafylline,Cc1nc2c([nH]1)c(=O)n(C)c(=O)n2Cc1ccco1,0,Cc1nc2c(=O)n(C)c(=O)n(Cc3ccco3)c2[nH]1,KGQZGCIVHYLPBH-UHFFFAOYSA-N
galanthamine,COc1ccc2c3c1O[C@H]1C[C@@H](O)C=C[C@@]31CCN(C)C2,1,COc1ccc2c3c1O[C@H]1C[C@@H](O)C=C[C@@]31CCN(C)C2,ASUTZQLVASHGKV-JDFRZJQESA-N
gallopamil,COc1ccc(CCN(C)CCC[C@@](C#N)(c2cc(OC)c(OC)c(OC)c2)C(C)C)cc1OC,1,COc1ccc(CCN(C)CCC[C@@](C#N)(c2cc(OC)c(OC)c(OC)c2)C(C)C)cc1OC,XQLWNAFCTODIRK-NDEPHWFRSA-N
ganaxolone,CC(=O)[C@H]1CC[C@H]2[C@@H]3CC[C@H]4C[C@](C)(O)CC[C@]4(C)[C@H]3CC[C@]12C,1,CC(=O)C1CC[C@H]2[C@@H]3CC[C@H]4C[C@](C)(O)CC[C@]4(C)[C@H]3CC[C@]12C,PGTVWKLGGCQMBR-DFTCEIPHSA-N
gatifloxacin,COc1c(N2CCN[C@@H](C)C2)c(F)cc2c(=O)c(C(=O)O)cn(C3CC3)c12,0,COc1c(N2CCN[C@@H](C)C2)c(F)cc2c(=O)c(C(=O)O)cn(C3CC3)c12,XUBOMFCQGDBHNK-JTQLQIEISA-N
gemfibrozil,Cc1ccc(C)c(OCCCC(C)(C)C(=O)O)c1,1,Cc1ccc(C)c(OCCCC(C)(C)C(=O)O)c1,HEMJJKBWTPKOJG-UHFFFAOYSA-N
gepirone,CC1(C)CC(=O)N(CCCCN2CCN(c3ncccn3)CC2)C(=O)C1,1,CC1(C)CC(=O)N(CCCCN2CCN(c3ncccn3)CC2)C(=O)C1,QOIGKGMMAGJZNZ-UHFFFAOYSA-N
gestodene,C#C[C@]1(O)C=C[C@H]2[C@@H]3CCC4=CC(=O)CC[C@@H]4[C@H]3CC[C@@]21CC,1,C#C[C@]1(O)C=C[C@H]2[C@@H]3CC=C4CC(=O)CCC4[C@H]3CC[C@@]21CC,PCGOZSMTJRCWQF-XZCODKSBSA-N
gliclazide,Cc1ccc(S(=O)(=O)NC(=O)NN2C[C@H]3CCC[C@H]3C2)cc1,0,Cc1ccc(S(=O)(=O)NC(=O)NN2C[C@H]3CCC[C@H]3C2)cc1,BOVGTQGAOIONJV-BETUJISGSA-N
glimepiride,CCC1=C(C)CN(C(=O)NCCc2ccc(S(=O)(=O)NC(=O)NC3CCC(C)CC3)cc2)C1=O,0,CCC1=C(C)CN(C(=O)NCCc2ccc(S(=O)(=O)NC(=O)NC3CCC(C)CC3)cc2)C1=O,WIGIZIANZCJQQY-UHFFFAOYSA-N
glipizide,Cc1cnc(C(=O)NCCc2ccc(S(=O)(=O)NC(=O)NC3CCCCC3)cc2)cn1,0,Cc1cnc(C(=O)NCCc2ccc(S(=O)(=O)NC(=O)NC3CCCCC3)cc2)cn1,ZJJXGWJIGJFDTL-UHFFFAOYSA-N
glyburide,COc1ccc(Cl)cc1C(=O)NCCc1ccc(S(=O)(=O)NC(=O)NC2CCCCC2)cc1,1,COc1ccc(Cl)cc1C(=O)NCCc1ccc(S(=O)(=O)NC(=O)NC2CCCCC2)cc1,ZNNLBTZKUZBEKO-UHFFFAOYSA-N
granisetron,CN1[C@H]2CCC[C@@H]1CC(NC(=O)c1nn(C)c3ccccc13)C2,1,CN1[C@@H]2CCC[C@H]1CC(NC(=O)c1nn(C)c3ccccc13)C2,MFWNKCLOYSRHCJ-AGUYFDCRSA-N
grepafloxacin,Cc1c(F)c(N2CCN[C@H](C)C2)cc2c1c(=O)c(C(=O)O)cn2C1CC1,0,Cc1c(F)c(N2CCN[C@H](C)C2)cc2c1c(=O)c(C(=O)O)cn2C1CC1,AIJTTZAVMXIJGM-SNVBAGLBSA-N
griseofulvin,COC1=CC(=O)C[C@@H](C)[C@]12Oc1c(Cl)c(OC)cc(OC)c1C2=O,0,COC1=CC(=O)C[C@@H](C)[C@]12Oc1c(Cl)c(OC)cc(OC)c1C2=O,DDUHZTYCFQRHIY-RBHXEPJQSA-N
guanabenz,N=C(N)N/N=C\c1c(Cl)cccc1Cl,0,N=C(N)N/N=C\c1c(Cl)cccc1Cl,WDZVGELJXXEGPV-PQMHYQBVSA-N
guanoxan,N=C(N)NC[C@@H]1COc2ccccc2O1,0,N=C(N)NC[C@@H]1COc2ccccc2O1,HIUVKVDQFXDZHU-SSDOTTSWSA-N
halofantrine,CCCCN(CCCC)CC[C@H](O)c1cc2c(Cl)cc(Cl)cc2c2cc(C(F)(F)F)ccc12,1,CCCCN(CCCC)CC[C@H](O)c1cc2c(Cl)cc(Cl)cc2c2cc(C(F)(F)F)ccc12,FOHHNHSLJDZUGQ-VWLOTQADSA-N
haloperidol,O=C(CCCN1CCC(O)(c2ccc(Cl)cc2)CC1)c1ccc(F)cc1,1,O=C(CCCN1CCC(O)(c2ccc(Cl)cc2)CC1)c1ccc(F)cc1,LNEPOXFFQSENCJ-UHFFFAOYSA-N
halothane,FC(F)(F)[C@H](Cl)Br,1,FC(F)(F)[C@H](Cl)Br,BCQZXOMGPXTTIC-SFOWXEAESA-N
hydralazine,NNc1nncc2ccccc12,0,NNc1nncc2ccccc12,RPTUSVTUFVMDQK-UHFFFAOYSA-N
hexobarbital,CN1C(=O)[C@@](C)(C2=CCCCC2)C(=O)N=C1O,0,CN1C(=O)NC(=O)[C@](C)(C2=CCCCC2)C1=O,UYXAWHWODHRRMR-LBPRGKRZSA-N
homochlorcyclizine,CN1CCCN([C@H](c2ccccc2)c2ccc(Cl)cc2)CC1,0,CN1CCCN([C@H](c2ccccc2)c2ccc(Cl)cc2)CC1,WEUCDJCFJHYFRL-LJQANCHMSA-N
hydroxychloroquine,CCN(CCO)CCC[C@H](C)Nc1ccnc2cc(Cl)ccc12,0,CCN(CCO)CCC[C@H](C)Nc1ccnc2cc(Cl)ccc12,XXSMGPRMXLTPCZ-AWEZNQCLSA-N
hydroquinidine,CC[C@H]1CN2CC[C@H]1C[C@@H]2[C@@H](O)c1ccnc2ccc(OC)cc12,0,CC[C@H]1CN2CC[C@H]1C[C@@H]2[C@@H](O)c1ccnc2ccc(OC)cc12,LJOQGZACKSYWCH-LHHVKLHASA-N
hydrocodone,COc1ccc2c3c1O[C@H]1C(=O)CC[C@H]4[C@@H](C2)N(C)CC[C@]314,1,COc1ccc2c3c1OC1C(=O)CC[C@H]4[C@@H](C2)N(C)CC[C@]314,LLPOLZWFYMWNKH-WYBZEITLSA-N
hydrocortsione,C[C@]12C[C@H](O)[C@H]3[C@@H](CCC4=CC(=O)CC[C@@]43C)[C@@H]1CC[C@]2(O)C(=O)CO,1,C[C@]12CCC(=O)C=C1CC[C@@H]1[C@@H]2[C@@H](O)C[C@@]2(C)[C@H]1CC[C@]2(O)C(=O)CO,JYGXADMDTFJGBT-VWUMJDOOSA-N
hydroxyzine,OCCOCCN1CCN([C@H](c2ccccc2)c2ccc(Cl)cc2)CC1,0,OCCOCCN1CCN([C@H](c2ccccc2)c2ccc(Cl)cc2)CC1,ZQDWXGKKHFNSQK-OAQYLSRUSA-N
(-)-ibuprofen,CC(C)Cc1ccc([C@@H](C)C(=O)O)cc1,0,CC(C)Cc1ccc(C(C)C(=O)O)cc1,HEFNNWSXXWATRW-UHFFFAOYSA-N
ibutilide,CCCCCCCN(CC)CCC[C@@H](O)c1ccc(NS(C)(=O)=O)cc1,0,CCCCCCCN(CC)CCC[C@@H](O)c1ccc(NS(C)(=O)=O)cc1,ALOBUEHUHMBRLE-HXUWFJFHSA-N
ifosfamide,O=[P@]1(NCCCl)OCCCN1CCCl,1,O=[P@]1(NCCCl)OCCCN1CCCl,HOMGKSMUEGBAAB-CQSZACIVSA-N
iloperidone,COc1cc(C(C)=O)ccc1OCCCN1CCC(c2noc3cc(F)ccc23)CC1,1,COc1cc(C(C)=O)ccc1OCCCN1CCC(c2noc3cc(F)ccc23)CC1,XMXHEBAFVSFQEX-UHFFFAOYSA-N
imatinib,Cc1ccc(NC(=O)c2ccc(CN3CCN(C)CC3)cc2)cc1Nc1nccc(-c2cccnc2)n1,1,Cc1ccc(NC(=O)c2ccc(CN3CCN(C)CC3)cc2)cc1Nc1nccc(-c2cccnc2)n1,KTUFNOKKBVMGRW-UHFFFAOYSA-N
imipramine,CN(C)CCCN1c2ccccc2CCc2ccccc21,1,CN(C)CCCN1c2ccccc2CCc2ccccc21,BCGWQEUPMDMJNV-UHFFFAOYSA-N
imiquimod,CC(C)Cn1cnc2c(N)nc3ccccc3c21,1,CC(C)Cn1cnc2c(N)nc3ccccc3c21,DOUYETYNHWVLEO-UHFFFAOYSA-N
indinavir,CC(C)(C)NC(=O)[C@@H]1CN(Cc2cccnc2)CCN1C[C@@H](O)C[C@@H](Cc1ccccc1)C(=O)N[C@H]1c2ccccc2C[C@H]1O,1,CC(C)(C)NC(=O)C1CN(Cc2cccnc2)CCN1C[C@@H](O)CC(Cc1ccccc1)C(=O)N[C@H]1c2ccccc2C[C@H]1O,CBVCZFGXHXORBI-IXVTTXLYSA-N
indomethacin,COc1ccc2c(c1)c(CC(=O)O)c(C)n2C(=O)c1ccc(Cl)cc1,0,COc1ccc2c(c1)c(CC(=O)O)c(C)n2C(=O)c1ccc(Cl)cc1,CGIGDMFJXJATDK-UHFFFAOYSA-N
indoramine,O=C(NC1CCN(CCc2c[nH]c3ccccc23)CC1)c1ccccc1,0,O=C(NC1CCN(CCc2c[nH]c3ccccc23)CC1)c1ccccc1,JXZZEXZZKAWDSP-UHFFFAOYSA-N
ipriflavone,CC(C)Oc1ccc2c(=O)c(-c3ccccc3)coc2c1,0,CC(C)Oc1ccc2c(=O)c(-c3ccccc3)coc2c1,SFBODOKJTYAUCM-UHFFFAOYSA-N
irbesartan,CCCCC1=NC2(CCCC2)C(=O)N1Cc1ccc(-c2ccccc2-c2nnn[nH]2)cc1,0,CCCCC1=NC2(CCCC2)C(=O)N1Cc1ccc(-c2ccccc2-c2nn[nH]n2)cc1,YOSHYTLCDANDAN-UHFFFAOYSA-N
irinotecan,CCc1c2c(nc3ccc(OC(=O)N4CCC(N5CCCCC5)CC4)cc13)-c1cc3c(c(=O)n1C2)COC(=O)[C@]3(O)CC,1,CCc1c2c(nc3ccc(OC(=O)N4CCC(N5CCCCC5)CC4)cc13)-c1cc3c(c(=O)n1C2)COC(=O)[C@]3(O)CC,UWKQSNNFCGGAFS-XIFFEERXSA-N
isbogrel,O=C(O)CCCC/C=C(\c1ccccc1)c1cccnc1,0,O=C(O)CCCC/C=C(\c1ccccc1)c1cccnc1,UWPBQLKEHGGKKD-GZTJUZNOSA-N
isoconazole,Clc1ccc([C@@H](Cn2ccnc2)OCc2c(Cl)cccc2Cl)c(Cl)c1,0,Clc1ccc([C@@H](Cn2ccnc2)OCc2c(Cl)cccc2Cl)c(Cl)c1,MPIPASJGOJYODL-GOSISDBHSA-N
isoflurane,FC(F)O[C@@H](Cl)C(F)(F)F,0,FC(F)O[C@@H](Cl)C(F)(F)F,PIWKPBJCKXDKJR-PVQJCKRUSA-N
isoniazid,NNC(=O)c1ccncc1,0,NNC(=O)c1ccncc1,QRXWMOHMRWLFEY-UHFFFAOYSA-N
isosorbide-dinitrate,O=[N+]([O-])O[C@H]1CO[C@H]2[C@@H]1OC[C@H]2O[N+](=O)[O-],1,O=[N+]([O-])O[C@H]1CO[C@H]2[C@@H]1OC[C@H]2O[N+](=O)[O-],MOYKHGMNXAOIAT-JGWLITMVSA-N
isradipine,COC(=O)C1=C(C)NC(C)=C(C(=O)OC(C)C)[C@H]1c1cccc2nonc12,1,COC(=O)C1=C(C)N=C(C)C(C(=O)OC(C)C)[C@H]1c1cccc2nonc12,CNXVIBRFWKALQW-LYKKTTPLSA-N
itraconazole,CC[C@H](C)n1ncn(-c2ccc(N3CCN(c4ccc(OC[C@H]5CO[C@](Cn6cncn6)(c6ccc(Cl)cc6Cl)O5)cc4)CC3)cc2)c1=O,1,CC[C@H](C)n1ncn(-c2ccc(N3CCN(c4ccc(OC[C@H]5CO[C@](Cn6cncn6)(c6ccc(Cl)cc6Cl)O5)cc4)CC3)cc2)c1=O,VHVPQPYKVGDNFY-TUJWMRSMSA-N
josamycin,CO[C@@H]1[C@@H](O[C@@H]2O[C@H](C)[C@@H](O[C@H]3C[C@@](C)(O)[C@@H](OC(=O)CC(C)C)[C@H](C)O3)[C@H](N(C)C)[C@H]2O)[C@@H](CC=O)C[C@@H](C)[C@@H](O)C=CC=CC[C@@H](C)OC(=O)C[C@H]1OC(C)=O,0,CO[C@@H]1[C@@H](O[C@@H]2O[C@H](C)[C@@H](O[C@H]3C[C@@](C)(O)[C@@H](OC(=O)CC(C)C)[C@H](C)O3)[C@H](N(C)C)[C@H]2O)[C@@H](CC=O)C[C@@H](C)[C@@H](O)C=CC=CC[C@@H](C)OC(=O)C[C@H]1OC(C)=O,XJSFLOJWULLJQS-XRUKWLHHSA-N
ketamine,CN[C@@]1(c2ccccc2Cl)CCCCC1=O,1,CN[C@@]1(c2ccccc2Cl)CCCCC1=O,YQEZLKZALYSWHR-CYBMUJFWSA-N
ketoconazole,CC(=O)N1CCN(c2ccc(OC[C@H]3CO[C@](Cn4ccnc4)(c4ccc(Cl)cc4Cl)O3)cc2)CC1,1,CC(=O)N1CCN(c2ccc(OC[C@H]3CO[C@](Cn4ccnc4)(c4ccc(Cl)cc4Cl)O3)cc2)CC1,XMAYWYJOQHXEEK-OZXSUGGESA-N
ketoprofen,C[C@@H](C(=O)O)c1cccc(C(=O)c2ccccc2)c1,0,CC(C(=O)O)c1cccc(C(=O)c2ccccc2)c1,DKYWVDODHFEZIM-UHFFFAOYSA-N
labetalol,C[C@@H](CCc1ccccc1)NC[C@H](O)c1ccc(O)c(C(N)=O)c1,0,C[C@@H](CCc1ccccc1)NC[C@H](O)c1ccc(O)c(C(N)=O)c1,SGUAFYQXFOLMHL-UGSOOPFHSA-N
lacidipine,CCOC(=O)C1=C(C)NC(C)=C(C(=O)OCC)C1c1ccccc1/C=C\C(=O)OC(C)(C)C,1,CCOC(=O)C1=C(C)N=C(C)C(C(=O)OCC)C1c1ccccc1/C=C\C(=O)OC(C)(C)C,BGYJFSXPRMOZJK-PFONDFGASA-N
lansoprazole,Cc1c(OCC(F)(F)F)ccnc1C[S@@H](=O)c1nc2ccccc2[nH]1,1,Cc1c(OCC(F)(F)F)ccnc1C[S](=O)=c1[nH]c2ccccc2[nH]1,SIEOEFGVQIOCOO-UHFFFAOYSA-N
leflunomide,Cc1oncc1C(=O)Nc1ccc(C(F)(F)F)cc1,1,Cc1oncc1C(=O)Nc1ccc(C(F)(F)F)cc1,VHOGYURTWQBHIL-UHFFFAOYSA-N
lercandipine,COC(=O)C1=C(C)NC(C)=C(C(=O)OC(C)(C)CN(C)CCC(c2ccccc2)c2ccccc2)[C@H]1c1cccc([N+](=O)[O-])c1,1,COC(=O)C1=C(C)N=C(C)C(C(=O)OC(C)(C)CN(C)CCC(c2ccccc2)c2ccccc2)[C@H]1c1cccc([N+](=O)[O-])c1,PHOGQKDIVUJGMJ-OBOZPERJSA-N
letrozole,N#Cc1ccc(C(c2ccc(C#N)cc2)n2cncn2)cc1,1,N#Cc1ccc(C(c2ccc(C#N)cc2)n2cncn2)cc1,HPJKCIUCZWXJDR-UHFFFAOYSA-N
levobupivacaine,CCCCN1CCCC[C@H]1C(=O)Nc1c(C)cccc1C,1,CCCCN1CCCCC1C(=O)Nc1c(C)cccc1C,LEBVLXFERQHONN-UHFFFAOYSA-N
levofloxacin,C[C@H]1COc2c(N3CCN(C)CC3)c(F)cc3c(=O)c(C(=O)O)cn1c23,0,C[C@H]1COc2c(N3CCN(C)CC3)c(F)cc3c(=O)c(C(=O)O)cn1c23,GSDSWSVVBLHKDQ-JTQLQIEISA-N
liarozol,Clc1cccc([C@H](c2ccc3nc[nH]c3c2)n2ccnc2)c1,0,Clc1cccc([C@H](c2ccc3[nH]cnc3c2)n2ccnc2)c1,UGFHIPBXIWJXNA-QGZVFWFLSA-N
lidocaine,CCN(CC)CC(=O)Nc1c(C)cccc1C,1,CCN(CC)CC(=O)Nc1c(C)cccc1C,NNJVILVZKWQKPM-UHFFFAOYSA-N
lilopristone,CN(C)c1ccc([C@H]2C[C@@]3(C)[C@@H](CC[C@@]3(O)/C=C/CO)[C@@H]3CCC4=CC(=O)CCC4=C32)cc1,1,CN(C)c1ccc(C2=C3C4=C(CCC3[C@@H]3CC[C@@](O)(/C=C/CO)[C@@]3(C)C2)CC(=O)CC4)cc1,ZEQYDMUNUYOURN-IGLDPDQTSA-N
linezolid,CC(=O)NC[C@H]1CN(c2ccc(N3CCOCC3)c(F)c2)C(=O)O1,0,CC(=O)NC[C@H]1CN(c2ccc(N3CCOCC3)c(F)c2)C(=O)O1,TYZROVQLWOKYKF-ZDUSSCGKSA-N
liothyronine,N[C@@H](Cc1cc(I)c(Oc2ccc(O)c(I)c2)c(I)c1)C(=O)O,0,NC(Cc1cc(I)c(Oc2ccc(O)c(I)c2)c(I)c1)C(=O)O,AUYYCJSJGJYCDS-UHFFFAOYSA-N
lisofylline,C[C@@H](O)CCCCn1c(=O)c2c(ncn2C)n(C)c1=O,1,C[C@@H](O)CCCCn1c(=O)c2c(ncn2C)n(C)c1=O,NSMXQKNUPPXBRG-SECBINFHSA-N
lisuride,CCN(CC)C(=O)N[C@H]1C=C2c3cccc4[nH]cc(c34)C[C@H]2N(C)C1,1,CCN(CC)C(=O)N[C@H]1C=C2c3cccc4[nH]cc(c34)C[C@H]2N(C)C1,BKRGVLQUQGGVSM-KBXCAEBGSA-N
litoxetine,c1ccc2cc(COC3CCNCC3)ccc2c1,0,c1ccc2cc(COC3CCNCC3)ccc2c1,MJJDYOLPMGIWND-UHFFFAOYSA-N
lobeline,CN1[C@H](C[C@H](O)c2ccccc2)CCC[C@@H]1CC(=O)c1ccccc1,0,CN1[C@@H](CC(=O)c2ccccc2)CCC[C@H]1C[C@H](O)c1ccccc1,MXYUKLILVYORSK-HBMCJLEFSA-N
lomefloxacin,CCn1cc(C(=O)O)c(=O)c2cc(F)c(N3CCN[C@H](C)C3)c(F)c21,0,CCn1cc(C(=O)O)c(=O)c2cc(F)c(N3CCN[C@H](C)C3)c(F)c21,ZEKZLJVOYLTDKK-SECBINFHSA-N
lomustine,O=NN(CCCl)C(=O)NC1CCCCC1,0,O=NN(CCCl)C(=O)NC1CCCCC1,GQYIWUVLTXOXAJ-UHFFFAOYSA-N
lopinavir,Cc1cccc(C)c1OCC(=O)N[C@@H](Cc1ccccc1)[C@@H](O)C[C@H](Cc1ccccc1)NC(=O)[C@H](C(C)C)N1CCCNC1=O,1,Cc1cccc(C)c1OCC(=O)N[C@@H](Cc1ccccc1)[C@@H](O)C[C@H](Cc1ccccc1)NC(=O)C(C(C)C)N1CCCNC1=O,KJHKTHWMRKYKJE-QZKHDZGUSA-N
loratadine,CCOC(=O)N1CCC(=C2c3ccc(Cl)cc3CCc3cccnc32)CC1,1,CCOC(=O)N1CCC(=C2c3ccc(Cl)cc3CCc3cccnc32)CC1,JCCNYMKQOSZNPW-UHFFFAOYSA-N
lornoxicam,CN1C(C(=O)Nc2ccccn2)=C(O)c2sc(Cl)cc2S1(=O)=O,0,CN1C(C(=O)Nc2ccccn2)C(=O)c2sc(Cl)cc2S1(=O)=O,QOFQTBTZCJVITI-UHFFFAOYSA-N
losartan,CCCCc1nc(Cl)c(CO)n1Cc1ccc(-c2ccccc2-c2nnn[nH]2)cc1,1,CCCCc1nc(Cl)c(CO)n1Cc1ccc(-c2ccccc2-c2nn[nH]n2)cc1,PSIFNNKUMBGKDQ-UHFFFAOYSA-N
losigamone,COC1=CC(=O)O[C@H]1[C@H](O)c1ccccc1Cl,0,COC1=CC(=O)O[C@H]1[C@H](O)c1ccccc1Cl,ICDNYWJQGWNLFP-VXGBXAGGSA-N
lovastatin,CC[C@H](C)C(=O)O[C@H]1C[C@@H](C)C=C2C=C[C@H](C)[C@H](CC[C@@H]3C[C@@H](O)CC(=O)O3)[C@H]21,1,CCC(C)C(=O)O[C@H]1C[C@@H](C)C=C2C=C[C@H](C)[C@H](CC[C@@H]3C[C@@H](O)CC(=O)O3)[C@H]21,PCZOHLXUXFIOCF-SGFUJYLFSA-N
lumefantrine,CCCCN(CCCC)C[C@@H](O)c1cc(Cl)cc2c1-c1ccc(Cl)cc1/C2=C\c1ccc(Cl)cc1,1,CCCCN(CCCC)C[C@@H](O)c1cc(Cl)cc2c1-c1ccc(Cl)cc1/C2=C\c1ccc(Cl)cc1,DYLGFOYVTXJFJP-JUSQWJSBSA-N
malthion,CCOC(=O)C[C@@H](SP(=S)(OC)OC)C(=O)OCC,0,CCOC(=O)CC(SP(=S)(OC)OC)C(=O)OCC,JXSJBGJIGXNWCI-UHFFFAOYSA-N
manidipine,COC(=O)C1=C(C)NC(C)=C(C(=O)OCCN2CCN(C(c3ccccc3)c3ccccc3)CC2)[C@H]1c1cccc([N+](=O)[O-])c1,1,COC(=O)C1=C(C)N=C(C)C(C(=O)OCCN2CCN(C(c3ccccc3)c3ccccc3)CC2)[C@H]1c1cccc([N+](=O)[O-])c1,PIRWHBVBBBZNKG-JYUUXGOASA-N
maprotiline,CNCCCC12CCC(c3ccccc31)c1ccccc12,0,CNCCCC12CCC(c3ccccc31)c1ccccc12,QSLMDECMDJKHMQ-UHFFFAOYSA-N
mebendazole,COC(=O)Nc1nc2cc(C(=O)c3ccccc3)ccc2[nH]1,0,COC(=O)Nc1nc2cc(C(=O)c3ccccc3)ccc2[nH]1,OPXLLQIJSORQAM-UHFFFAOYSA-N
medazepam,CN1CCN=C(c2ccccc2)c2cc(Cl)ccc21,0,CN1CCN=C(c2ccccc2)c2cc(Cl)ccc21,YLCXGBZIZBEVPZ-UHFFFAOYSA-N
medifoxamine,CN(C)CC(Oc1ccccc1)Oc1ccccc1,1,CN(C)CC(Oc1ccccc1)Oc1ccccc1,QNMGHBMGNRQPNL-UHFFFAOYSA-N
medroxyprogesterone,CC(=O)[C@@]1(O)CC[C@H]2[C@@H]3C[C@H](C)C4=CC(=O)CC[C@]4(C)[C@H]3CC[C@@]21C,1,CC(=O)[C@@]1(O)CC[C@H]2[C@@H]3CC(C)=C4CC(=O)CC[C@]4(C)[C@H]3CC[C@@]21C,QOVGIKUHSFCSIK-NWUMPJBXSA-N
mefenamic-acid,Cc1cccc(Nc2ccccc2C(=O)O)c1C,0,Cc1cccc(Nc2ccccc2C(=O)O)c1C,HYYBABOKPJLUIN-UHFFFAOYSA-N
mefloquine,O[C@@H](c1cc(C(F)(F)F)nc2c(C(F)(F)F)cccc12)[C@H]1CCCCN1,1,O[C@@H](c1cc(C(F)(F)F)nc2c(C(F)(F)F)cccc12)[C@H]1CCCCN1,XEEQGYMUWCZPDN-DOMZBBRYSA-N
meloxicam,Cc1cnc(NC(=O)C2=C(O)c3ccccc3S(=O)(=O)N2C)s1,1,Cc1cnc(NC(=O)C2C(=O)c3ccccc3S(=O)(=O)N2C)s1,ZAHQBPYQBHTECE-UHFFFAOYSA-N
methoxyflurane,COC(F)(F)C(Cl)Cl,1,COC(F)(F)C(Cl)Cl,RFKMCNOHBTXSMU-UHFFFAOYSA-N
meperidine,CCOC(=O)C1(c2ccccc2)CCN(C)CC1,0,CCOC(=O)C1(c2ccccc2)CCN(C)CC1,XADCESSVHJOZHK-UHFFFAOYSA-N
mephenytoin,CC[C@]1(c2ccccc2)NC(=O)N(C)C1=O,0,CC[C@]1(c2ccccc2)NC(=O)N(C)C1=O,GMHKMTDVRCWUDX-GFCCVEGCSA-N
methylphenidate,COC(=O)[C@H](c1ccccc1)[C@H]1CCCCN1,1,COC(=O)C(c1ccccc1)[C@H]1CCCCN1,DUGOZIWVEXMGBE-PZORYLMUSA-N
mephobarbital,CC[C@]1(c2ccccc2)C(=O)NC(=O)N(C)C1=O,0,CC[C@]1(c2ccccc2)C(=O)NC(=O)N(C)C1=O,ALARQZQTBTVLJV-ZDUSSCGKSA-N
methylprednisolone,C[C@H]1C[C@H]2[C@@H]3CC[C@](O)(C(=O)CO)[C@@]3(C)C[C@H](O)[C@@H]2[C@@]2(C)C=CC(=O)C=C12,1,CC1=C2CC(=O)C=C[C@]2(C)[C@@H]2[C@@H](C1)[C@@H]1CC[C@](O)(C(=O)CO)[C@@]1(C)C[C@@H]2O,ZABDAGALHQDSEU-SJLJSBKTSA-N
mequitazine,c1ccc2c(c1)Sc1ccccc1N2C[C@H]1CN2CCC1CC2,0,c1ccc2c(c1)Sc1ccccc1N2C[C@H]1CN2CCC1CC2,HOKDBMAJZXIPGC-MRXNPFEDSA-N
methamphetamine,CN[C@@H](C)Cc1ccccc1,0,CN[C@@H](C)Cc1ccccc1,MYWUZJCMWCOHBA-VIFPVBQESA-N
methaqualone,Cc1ccccc1-n1c(C)nc2ccccc2c1=O,1,Cc1ccccc1-n1c(C)nc2ccccc2c1=O,JEYCTXHKTXCGPB-UHFFFAOYSA-N
methimazole,Cn1ccnc1S,0,Cn1cc[nH]c1=S,PMRYVIKBURPHAH-UHFFFAOYSA-N
methiocarb,CNC(=O)Oc1cc(C)c(SC)c(C)c1,1,CNC(=O)Oc1cc(C)c(SC)c(C)c1,YFBPRJGDJKVWAH-UHFFFAOYSA-N
methomyl,CNC(=O)O/N=C(\C)SC,0,CNC(=O)O/N=C(\C)SC,UHXUZOCRWCRNSJ-QPJJXVBHSA-N
methoxsalen,COc1c2occc2cc2ccc(=O)oc12,0,COc1c2occc2cc2ccc(=O)oc12,QXKHYNVANLEOEG-UHFFFAOYSA-N
metoclopramide,CCN(CC)CCNC(=O)c1cc(Cl)c(N)cc1OC,1,CCN(CC)CCNC(=O)c1cc(Cl)c(N)cc1OC,TTWJBBZEZQICBI-UHFFFAOYSA-N
metoprolol,COCCc1ccc(OC[C@@H](O)CNC(C)C)cc1,0,COCCc1ccc(OC[C@@H](O)CNC(C)C)cc1,IUBSYMUCCVWXPE-AWEZNQCLSA-N
metronidazole,Cc1ncc([N+](=O)[O-])n1CCO,0,Cc1ncc([N+](=O)[O-])n1CCO,VAOCPAMSLUNLGC-UHFFFAOYSA-N
metyrapone,CC(C)(C(=O)c1cccnc1)c1cccnc1,0,CC(C)(C(=O)c1cccnc1)c1cccnc1,FJLBFSROUSIWMA-UHFFFAOYSA-N
mevastatin,CC[C@H](C)C(=O)O[C@H]1CCC=C2C=C[C@H](C)[C@H](CC[C@@H]3C[C@@H](O)CC(=O)O3)[C@H]21,0,CCC(C)C(=O)O[C@H]1CCC=C2C=C[C@H](C)[C@H](CC[C@@H]3C[C@@H](O)CC(=O)O3)[C@H]21,AJLFOPYRIVGYMJ-PJXHJHJJSA-N
mexazolam,C[C@@H]1CO[C@]2(c3ccccc3Cl)c3cc(Cl)ccc3NC(=O)CN12,1,C[C@@H]1CO[C@]2(c3ccccc3Cl)c3cc(Cl)ccc3NC(=O)CN12,ANUCDXCTICZJRH-ADLMAVQZSA-N
mexiletine,Cc1cccc(C)c1OC[C@@H](C)N,0,Cc1cccc(C)c1OC[C@@H](C)N,VLPIATFUUWWMKC-SNVBAGLBSA-N
mianserin,CN1CCN2c3ccccc3Cc3ccccc3[C@@H]2C1,1,CN1CCN2c3ccccc3Cc3ccccc3[C@@H]2C1,UEQUQVLFIPOEMF-SFHVURJKSA-N
mibefradil,COCC(=O)O[C@]1(CCN(C)CCCc2nc3ccccc3[nH]2)CCc2cc(F)ccc2[C@@H]1C(C)C,1,COCC(=O)O[C@]1(CCN(C)CCCc2nc3ccccc3[nH]2)CCc2cc(F)ccc2[C@@H]1C(C)C,HBNPJJILLOYFJU-VMPREFPWSA-N
miconazole,Clc1ccc(CO[C@@H](Cn2ccnc2)c2ccc(Cl)cc2Cl)c(Cl)c1,1,Clc1ccc(CO[C@@H](Cn2ccnc2)c2ccc(Cl)cc2Cl)c(Cl)c1,BYBLEWFAAKGYCD-SFHVURJKSA-N
midazolam,Cc1ncc2n1-c1ccc(Cl)cc1C(c1ccccc1F)=NC2,1,Cc1ncc2n1-c1ccc(Cl)cc1C(c1ccccc1F)=NC2,DDLIGBOFAVUZHB-UHFFFAOYSA-N
mifepristone,CC#C[C@]1(O)CC[C@H]2[C@@H]3CCC4=CC(=O)CCC4=C3[C@@H](c3ccc(N(C)C)cc3)C[C@@]21C,1,CC#C[C@]1(O)CC[C@H]2C3=C(C4=C(CC3)CC(=O)CC4)C(c3ccc(N(C)C)cc3)C[C@@]21C,BHZCGCMWEVHUBA-ZLMDOPAYSA-N
milameline,CO/N=C\C1=CCCN(C)C1,0,CO/N=C\C1=CCCN(C)C1,YMMXHEYLRHNXAB-TWGQIWQCSA-N
milnacipran,CCN(CC)C(=O)[C@]1(c2ccccc2)C[C@@H]1CN,0,CCN(CC)C(=O)[C@]1(c2ccccc2)C[C@@H]1CN,GJJFMKBJSRMPLA-HIFRSBDPSA-N
minaprine,Cc1cc(-c2ccccc2)nnc1NCCN1CCOCC1,0,Cc1cc(-c2ccccc2)nnc1NCCN1CCOCC1,LDMWSLGGVTVJPG-UHFFFAOYSA-N
minoxidil,Nc1cc(N2CCCCC2)nc(N)[n+]1[O-],0,Nc1cc(N2CCCCC2)nc(N)[n+]1[O-],ZFMITUMMTDLWHR-UHFFFAOYSA-N
mirtazepine,CN1CCN2c3ccccc3Cc3cccnc3[C@@H]2C1,1,CN1CCN2c3ccccc3Cc3cccnc3[C@@H]2C1,NBHIPDPAYGAMRL-INIZCTEOSA-N
mitoxandrone,O=C1c2c(O)ccc(O)c2C(=O)c2c(NCCNCCO)ccc(NCCNCCO)c21,0,O=C1C=CC(=O)c2c1c(O)c1c(NCCNCCO)ccc(NCCNCCO)c1c2O,BWGNRRGTNFKGQK-UHFFFAOYSA-N
mizolastine,CN(c1nccc(=O)[nH]1)C1CCN(c2nc3ccccc3n2Cc2ccc(F)cc2)CC1,1,CN(c1nc(=O)cc[nH]1)C1CCN(c2nc3ccccc3n2Cc2ccc(F)cc2)CC1,PVLJETXTTWAYEW-UHFFFAOYSA-N
moclobemide,O=C(NCCN1CCOCC1)c1ccc(Cl)cc1,0,O=C(NCCN1CCOCC1)c1ccc(Cl)cc1,YHXISWVBGDMDLQ-UHFFFAOYSA-N
modafinil,NC(=O)C[S@H](=O)C(c1ccccc1)c1ccccc1,1,NC(=O)C[S@H](=O)C(c1ccccc1)c1ccccc1,IVKILGIMYPRNEP-UHFFFAOYSA-N
miolindone,CCc1c(C)[nH]c2c1C(=O)[C@@H](CN1CCOCC1)CC2,0,CCc1c(C)[nH]c2c1C(=O)C(CN1CCOCC1)CC2,KLPWJLBORRMFGK-UHFFFAOYSA-N
montelukast,CC(C)(O)c1ccccc1CC[C@@H](SCC1(CC(=O)O)CC1)c1cccc(/C=C\c2ccc3ccc(Cl)cc3n2)c1,1,CC(C)(O)c1ccccc1CC[C@@H](SCC1(CC(=O)O)CC1)c1cccc(/C=C\c2ccc3ccc(Cl)cc3n2)c1,UCHDWCPVSPXUMX-LNMNGANESA-N
moricizine,CCOC(=O)Nc1ccc2c(c1)N(C(=O)CCN1CCOCC1)c1ccccc1S2,0,CCOC(=O)Nc1ccc2c(c1)N(C(=O)CCN1CCOCC1)c1ccccc1S2,FUBVWMNBEHXPSU-UHFFFAOYSA-N
morphine,CN1CC[C@]23c4c5ccc(O)c4O[C@H]2[C@@H](O)C=C[C@H]3[C@H]1C5,1,CN1CC[C@]23c4c5ccc(O)c4O[C@H]2[C@@H](O)C=C[C@H]3[C@H]1C5,BQJCRHHNABKAKU-KBQPJGBKSA-N
mosapride,CCOc1cc(N)c(Cl)cc1C(=O)NC[C@@H]1CN(Cc2ccc(F)cc2)CCO1,1,CCOc1cc(N)c(Cl)cc1C(=O)NC[C@@H]1CN(Cc2ccc(F)cc2)CCO1,YPELFRMCRYSPKZ-MRXNPFEDSA-N
nafcillin,CCOc1ccc2ccccc2c1C(=O)N[C@@H]1C(=O)N2[C@@H](C(=O)O)C(C)(C)S[C@H]12,0,CCOc1ccc2ccccc2c1C(=O)NC1C(=O)N2C(C(=O)O)C(C)(C)S[C@H]12,GPXLMGHLHQJAGZ-LADRWXRNSA-N
nalidixic-acid,CCn1cc(C(=O)O)c(=O)c2ccc(C)nc21,0,CCn1cc(C(=O)O)c(=O)c2ccc(C)nc21,MHWLWQUZZRMNGJ-UHFFFAOYSA-N
naproxen,COc1ccc2cc([C@H](C)C(=O)O)ccc2c1,0,COc1ccc2cc(C(C)C(=O)O)ccc2c1,CMWTZPSULFXXJA-UHFFFAOYSA-N
nateglinide,CC(C)C1CCC(C(=O)N[C@H](Cc2ccccc2)C(=O)O)CC1,1,CC(C)C1CCC(C(=O)NC(Cc2ccccc2)C(=O)O)CC1,OELFLUMRDSZNSF-UHFFFAOYSA-N
nefazodone,CCc1nn(CCCN2CCN(c3cccc(Cl)c3)CC2)c(=O)n1CCOc1ccccc1,1,CCc1nn(CCCN2CCN(c3cccc(Cl)c3)CC2)c(=O)n1CCOc1ccccc1,VRBKIVRKKCLPHA-UHFFFAOYSA-N
nefiracetam,Cc1cccc(C)c1NC(=O)CN1CCCC1=O,1,Cc1cccc(C)c1NC(=O)CN1CCCC1=O,NGHTXZCKLWZPGK-UHFFFAOYSA-N
nelfinavir,Cc1c(O)cccc1C(=O)N[C@@H](CSc1ccccc1)[C@H](O)CN1C[C@H]2CCCC[C@H]2C[C@H]1C(=O)NC(C)(C)C,1,Cc1c(O)cccc1C(=O)N[C@@H](CSc1ccccc1)[C@H](O)CN1C[C@H]2CCCC[C@H]2CC1C(=O)NC(C)(C)C,QAGYKUNXZHXKMR-RHMILFQJSA-N
nevirapine,Cc1ccnc2c1NC(=O)c1cccnc1N2C1CC1,1,Cc1ccnc2c1NC(=O)c1cccnc1N2C1CC1,NQDJXKOVJZTUJA-UHFFFAOYSA-N
nicardipine,COC(=O)C1=C(C)NC(C)=C(C(=O)OCCN(C)Cc2ccccc2)[C@H]1c1cccc([N+](=O)[O-])c1,1,COC(=O)C1=C(C)N=C(C)C(C(=O)OCCN(C)Cc2ccccc2)[C@H]1c1cccc([N+](=O)[O-])c1,UXVSDVSUISWXKD-CGAIIQECSA-N
nicotine,CN1CCC[C@H]1c1cccnc1,1,CN1CCC[C@H]1c1cccnc1,SNICXCGAKADSCV-JTQLQIEISA-N
nifedipine,COC(=O)C1=C(C)NC(C)=C(C(=O)OC)C1c1ccccc1[N+](=O)[O-],1,COC(=O)C1=C(C)N=C(C)C(C(=O)OC)C1c1ccccc1[N+](=O)[O-],OSUCQKNXQBPLDG-UHFFFAOYSA-N
niludipine,CCCOCCOC(=O)C1=C(C)NC(C)=C(C(=O)OCCOCCC)C1c1cccc([N+](=O)[O-])c1,1,CCCOCCOC(=O)C1=C(C)N=C(C)C(C(=O)OCCOCCC)C1c1cccc([N+](=O)[O-])c1,AQSVPVSOLRMDQI-UHFFFAOYSA-N
nilutamide,CC1(C)NC(=O)N(c2ccc([N+](=O)[O-])c(C(F)(F)F)c2)C1=O,0,CC1(C)NC(=O)N(c2ccc([N+](=O)[O-])c(C(F)(F)F)c2)C1=O,XWXYUMMDTVBTOU-UHFFFAOYSA-N
nilvadipine,COC(=O)C1=C(C#N)NC(C)=C(C(=O)OC(C)C)[C@H]1c1cccc([N+](=O)[O-])c1,1,COC(=O)C1=C(C#N)N=C(C)C(C(=O)OC(C)C)[C@H]1c1cccc([N+](=O)[O-])c1,KJWGEXJCWCYEMI-OEMAIJDKSA-N
nimodipine,COCCOC(=O)C1=C(C)NC(C)=C(C(=O)OC(C)C)[C@@H]1c1cccc([N+](=O)[O-])c1,1,COCCOC(=O)C1=C(C)N=C(C)C(C(=O)OC(C)C)[C@@H]1c1cccc([N+](=O)[O-])c1,SVMHYHIZWOJKDL-MUMRKEEXSA-N
nimorazole,O=[N+]([O-])c1cncn1CCN1CCOCC1,0,O=[N+]([O-])c1cncn1CCN1CCOCC1,MDJFHRLTPRPZLY-UHFFFAOYSA-N
nisoldipine,COC(=O)C1=C(C)NC(C)=C(C(=O)OCC(C)C)[C@H]1c1ccccc1[N+](=O)[O-],1,COC(=O)C1=C(C)N=C(C)C(C(=O)OCC(C)C)[C@H]1c1ccccc1[N+](=O)[O-],PKICUDXEAPMDNG-ZVAWYAOSSA-N
nitrendipine,CCOC(=O)C1=C(C)NC(C)=C(C(=O)OC)[C@@H]1c1cccc([N+](=O)[O-])c1,1,CCOC(=O)C1=C(C)N=C(C)C(C(=O)OC)[C@@H]1c1cccc([N+](=O)[O-])c1,VVTJQHCRBOHFTD-WMCAAGNKSA-N
nitroglycerin,O=[N+]([O-])OCC(CO[N+](=O)[O-])O[N+](=O)[O-],1,O=[N+]([O-])OCC(CO[N+](=O)[O-])O[N+](=O)[O-],SNIOPGDIGTZGOP-UHFFFAOYSA-N
nitrosamine,NN=O,0,NN=O,XKLJHFLUAHKGGU-UHFFFAOYSA-N
norlastemizole,Fc1ccc(Cn2c(NC3CCNCC3)nc3ccccc32)cc1,1,Fc1ccc(Cn2c(NC3CCNCC3)nc3ccccc32)cc1,SFOVDSLXFUGAIV-UHFFFAOYSA-N
norcodeine,COc1ccc2c3c1O[C@H]1[C@@H](O)C=C[C@H]4[C@@H](C2)NCC[C@]314,0,COc1ccc2c3c1O[C@H]1[C@@H](O)C=C[C@H]4[C@@H](C2)NCC[C@@]341,HKOIXWVRNLGFOR-KOFBORESSA-N
nordazepam,O=C1CN=C(c2ccccc2)c2cc(Cl)ccc2N1,1,O=C1CN=C(c2ccccc2)c2cc(Cl)ccc2N1,AKPLHCDWDRPJGD-UHFFFAOYSA-N
norethindrone,C#C[C@]1(O)CC[C@H]2[C@@H]3CCC4=CC(=O)CC[C@@H]4[C@H]3CC[C@@]21C,0,C#C[C@]1(O)CC[C@H]2[C@@H]3CC=C4CC(=O)CCC4[C@H]3CC[C@@]21C,QGQUHXSBTSDAML-ULCNYCTPSA-N
norfloxacin,CCn1cc(C(=O)O)c(=O)c2cc(F)c(N3CCNCC3)cc21,0,CCn1cc(C(=O)O)c(=O)c2cc(F)c(N3CCNCC3)cc21,OGJPXUAPXNRGGI-UHFFFAOYSA-N
fluoxetine,NCC[C@@H](Oc1ccc(C(F)(F)F)cc1)c1ccccc1,0,NCC[C@@H](Oc1ccc(C(F)(F)F)cc1)c1ccccc1,WIQRCHMSJFFONW-OAHLLOKOSA-N
(-)-norgestrel,C#C[C@]1(O)CC[C@H]2[C@@H]3CCC4=CC(=O)CC[C@@H]4[C@H]3CC[C@@]21CC,1,C#C[C@]1(O)CC[C@H]2[C@@H]3CC=C4CC(=O)CCC4[C@H]3CC[C@@]21CC,LYRBZVWRTAFWPO-XZCODKSBSA-N
nortriptyline,CNCCC=C1c2ccccc2CCc2ccccc21,1,CNCCC=C1c2ccccc2CCc2ccccc21,PHVGLTMQBUFIQQ-UHFFFAOYSA-N
ofloxacin,C[C@H]1COc2c(N3CCN(C)CC3)c(F)cc3c(=O)c(C(=O)O)cn1c23,0,C[C@H]1COc2c(N3CCN(C)CC3)c(F)cc3c(=O)c(C(=O)O)cn1c23,GSDSWSVVBLHKDQ-JTQLQIEISA-N
olanzapine,Cc1cc2c(s1)Nc1ccccc1N=C2N1CCN(C)CC1,0,Cc1cc2c(s1)Nc1ccccc1N=C2N1CCN(C)CC1,KVWDHTXUZHCGIO-UHFFFAOYSA-N
olopatadine,CN(C)CC/C=C1\c2ccccc2COc2ccc(CC(=O)O)cc21,1,CN(C)CC/C=C1\c2ccccc2COc2ccc(CC(=O)O)cc21,JBIMVDZLSHOPLA-QGMBQPNBSA-N
oltipraz,Cc1c(-c2cnccn2)ssc1=S,0,Cc1c(-c2cnccn2)ssc1=S,CKNAQFVBEHDJQV-UHFFFAOYSA-N
omapatrilat,O=C(N[C@H]1CCS[C@H]2CCC[C@@H](C(=O)O)N2C1=O)[C@@H](S)Cc1ccccc1,0,O=C(NC1CCS[C@H]2CCCC(C(=O)O)N2C1=O)C(S)Cc1ccccc1,LVRLSYPNFFBYCZ-AUSYRVNMSA-N
omeprazole,COc1ccc2nc([S@H](=O)Cc3ncc(C)c(OC)c3C)[nH]c2c1,1,COc1ccc2[nH]c(=[S](=O)Cc3ncc(C)c(OC)c3C)[nH]c2c1,LKNKJNSMNMGWQR-UHFFFAOYSA-N
onapristone,CN(C)c1ccc([C@H]2C[C@@]3(C)[C@@H](CC[C@]3(O)CCCO)[C@@H]3CCC4=CC(=O)CCC4=C32)cc1,1,CN(C)c1ccc(C2=C3C4=C(CCC3[C@@H]3CC[C@](O)(CCCO)[C@@]3(C)C2)CC(=O)CC4)cc1,WCCRLLABFCMDBZ-CMXGKJGFSA-N
ondansetron,Cc1nccn1C[C@H]1CCc2c(c3ccccc3n2C)C1=O,1,Cc1nccn1CC1CCc2c(c3ccccc3n2C)C1=O,FELGMEQIXOGIFQ-UHFFFAOYSA-N
opipramol,OCCN1CCN(CCCN2c3ccccc3C=Cc3ccccc32)CC1,0,OCCN1CCN(CCCN2c3ccccc3C=Cc3ccccc32)CC1,YNZFUWZUGRBMHL-UHFFFAOYSA-N
orphenadrine,Cc1ccccc1[C@H](OCCN(C)C)c1ccccc1,1,Cc1ccccc1[C@H](OCCN(C)C)c1ccccc1,QVYRGXJJSLMXQH-GOSISDBHSA-N
oxamniquine,CC(C)NC[C@@H]1CCc2cc(CO)c([N+](=O)[O-])cc2N1,0,CC(C)NC[C@@H]1CCc2cc(CO)c([N+](=O)[O-])cc2N1,XCGYUJZMCCFSRP-LBPRGKRZSA-N
oxcarbazepine,NC(=O)N1c2ccccc2CC(=O)c2ccccc21,0,NC(=O)N1c2ccccc2CC(=O)c2ccccc21,CTRLABGOLIVAIY-UHFFFAOYSA-N
oxiconazole,Clc1ccc(CO/N=C(\Cn2ccnc2)c2ccc(Cl)cc2Cl)c(Cl)c1,0,Clc1ccc(CO/N=C(\Cn2ccnc2)c2ccc(Cl)cc2Cl)c(Cl)c1,QRJJEGAJXVEBNE-HKOYGPOVSA-N
oxodipine,CCOC(=O)C1=C(C)NC(C)=C(C(=O)OC)[C@@H]1c1cccc2c1OCO2,1,CCOC(=O)C1=C(C)N=C(C)C(C(=O)OC)[C@@H]1c1cccc2c1OCO2,KPXMQNVOPUYOKS-WMCAAGNKSA-N
oxomemazine,C[C@H](CN(C)C)CN1c2ccccc2S(=O)(=O)c2ccccc21,0,C[C@H](CN(C)C)CN1c2ccccc2S(=O)(=O)c2ccccc21,QTQPVLDZQVPLGV-CQSZACIVSA-N
oxprenolol,C=CCOc1ccccc1OC[C@@H](O)CNC(C)C,0,C=CCOc1ccccc1OC[C@@H](O)CNC(C)C,CEMAWMOMDPGJMB-ZDUSSCGKSA-N
oxycodone,COc1ccc2c3c1O[C@H]1C(=O)CC[C@@]4(O)[C@@H](C2)N(C)CC[C@]314,0,COc1ccc2c3c1OC1C(=O)CC[C@@]4(O)[C@@H](C2)N(C)CC[C@]314,BRUQQQPBMZOVGD-FSFXSCMFSA-N
paclitaxel,CC(=O)O[C@H]1C(=O)[C@]2(C)[C@@H](O)C[C@H]3OC[C@@]3(OC(C)=O)[C@H]2[C@H](OC(=O)c2ccccc2)[C@]2(O)C[C@H](OC(=O)[C@H](O)[C@@H](NC(=O)c3ccccc3)c3ccccc3)C(C)=C1C2(C)C,1,CC(=O)OC1=C2C(C)[C@@H](OC(=O)C(O)C(NC(=O)c3ccccc3)c3ccccc3)C[C@@](O)([C@@H](OC(=O)c3ccccc3)[C@@H]3[C@]4(OC(C)=O)CO[C@@H]4C[C@H](O)[C@@]3(C)C1=O)C2(C)C,NDUAXKHGCJIYEQ-VSXYFVTFSA-N
pantoprazole,COc1ccnc(C[S@H](=O)c2nc3ccc(OC(F)F)cc3[nH]2)c1OC,1,COc1ccnc(C[S](=O)=c2[nH]c3ccc(OC(F)F)cc3[nH]2)c1OC,AXMVGLIJSNZHIZ-UHFFFAOYSA-N
papaverine,COc1ccc(Cc2nccc3cc(OC)c(OC)cc23)cc1OC,0,COc1ccc(Cc2nccc3cc(OC)c(OC)cc23)cc1OC,XQYZDYMELSJDRZ-UHFFFAOYSA-N
parathion,CCOP(=S)(OCC)Oc1ccc([N+](=O)[O-])cc1,1,CCOP(=S)(OCC)Oc1ccc([N+](=O)[O-])cc1,LCCNCVORNKJIRZ-UHFFFAOYSA-N
paraxanthine,Cn1c(=O)[nH]c2ncn(C)c2c1=O,0,Cn1c(=O)[nH]c2ncn(C)c2c1=O,QUNWUDVFRNGTCO-UHFFFAOYSA-N
parecoxib,CCC(=O)NS(=O)(=O)c1ccc(-c2c(-c3ccccc3)noc2C)cc1,0,CCC(=O)NS(=O)(=O)c1ccc(-c2c(-c3ccccc3)noc2C)cc1,TZRHLKRLEZJVIJ-UHFFFAOYSA-N
pargyline,C#CCN(C)Cc1ccccc1,0,C#CCN(C)Cc1ccccc1,DPWPWRLQFGFJFI-UHFFFAOYSA-N
paroxetine,Fc1ccc([C@@H]2CCNC[C@H]2COc2ccc3c(c2)OCO3)cc1,0,Fc1ccc([C@@H]2CCNC[C@H]2COc2ccc3c(c2)OCO3)cc1,AHOUBRCZNHFOSL-YOEHRIQHSA-N
pefloxacin,CCn1cc(C(=O)O)c(=O)c2cc(F)c(N3CCN(C)CC3)cc21,0,CCn1cc(C(=O)O)c(=O)c2cc(F)c(N3CCN(C)CC3)cc21,FHFYDNQZQSQIAI-UHFFFAOYSA-N
penbutolol,CC(C)(C)NC[C@H](O)COc1ccccc1C1CCCC1,0,CC(C)(C)NC[C@H](O)COc1ccccc1C1CCCC1,KQXKVJAGOJTNJS-HNNXBMFYSA-N
pentamidine,N=C(N)c1ccc(OCCCCCOc2ccc(C(=N)N)cc2)cc1,0,N=C(N)c1ccc(OCCCCCOc2ccc(C(=N)N)cc2)cc1,XDRYMKDFEDOLFX-UHFFFAOYSA-N
pentazocine,CC(C)=CCN1CC[C@]2(C)c3cc(O)ccc3C[C@H]1[C@H]2C,0,CC(C)=CCN1CC[C@]2(C)c3cc(O)ccc3C[C@H]1[C@H]2C,VOKSWYLNZZRQPF-CCKFTAQKSA-N
pentobarbital,CCC[C@@H](C)C1(CC)C(=O)NC(=O)NC1=O,0,CCC[C@@H](C)C1(CC)C(=O)NC(=O)NC1=O,WEXRUCMBJFQVBZ-SSDOTTSWSA-N
pentoxifylline,CC(=O)CCCCn1c(=O)c2c(ncn2C)n(C)c1=O,0,CC(=O)CCCCn1c(=O)c2c(ncn2C)n(C)c1=O,BYPFEZZEUUWMEJ-UHFFFAOYSA-N
prgolide,CCCN1C[C@H](CSC)C[C@@H]2c3cccc4[nH]cc(c34)C[C@H]21,0,CCCN1C[C@H](CSC)C[C@@H]2c3cccc4[nH]cc(c34)C[C@H]21,YEHCICAEULNIGD-MZMPZRCHSA-N
perhexiline,C1CCC(C(C[C@H]2CCCCN2)C2CCCCC2)CC1,0,C1CCC(C(C[C@H]2CCCCN2)C2CCCCC2)CC1,CYXKNKQEMFBLER-GOSISDBHSA-N
perospirone,O=C1[C@H]2CCCC[C@H]2C(=O)N1CCCCN1CCN(c2nsc3ccccc23)CC1,1,Oc1c2c(c(O)n1CCCCN1CCN(c3nsc4ccccc34)CC1)CCCC2,GRZAUXJKSWFZCU-UHFFFAOYSA-N
perphenazine,OCCN1CCN(CCCN2c3ccccc3Sc3ccc(Cl)cc32)CC1,1,OCCN1CCN(CCCN2c3ccccc3Sc3ccc(Cl)cc32)CC1,RGCVKNLCSQQDEP-UHFFFAOYSA-N
phenacetin,CCOc1ccc(NC(C)=O)cc1,1,CCOc1ccc(NC(C)=O)cc1,CPJSUEIXXCENMM-UHFFFAOYSA-N
phencyclidine,c1ccc(C2(N3CCCCC3)CCCCC2)cc1,1,c1ccc(C2(N3CCCCC3)CCCCC2)cc1,JTJMJGYZQZDUJJ-UHFFFAOYSA-N
phenformine,NC(N)=N/C(N)=N/CCc1ccccc1,0,N=C(N)N=C(N)NCCc1ccccc1,ICFJFFQQTFMIBG-UHFFFAOYSA-N
phenobarbital,CCC1(c2ccccc2)C(=O)NC(=O)NC1=O,0,CCC1(c2ccccc2)C(=O)NC(=O)NC1=O,DDBREPKUVSBGFI-UHFFFAOYSA-N
phenol,Oc1ccccc1,0,Oc1ccccc1,ISWSIDIOOBJBQZ-UHFFFAOYSA-N
phenprocoumon,CC[C@H](c1ccccc1)c1c(O)c2ccccc2oc1=O,0,CC[C@H](c1ccccc1)c1c(O)c2ccccc2oc1=O,DQDAYGNAKTZFIW-CYBMUJFWSA-N
phensuximide,CN1C(=O)C[C@@H](c2ccccc2)C1=O,0,Cn1c(O)cc(-c2ccccc2)c1O,HKISVIYTVBXSEX-UHFFFAOYSA-N
phenytoin,O=C1NC(=O)C(c2ccccc2)(c2ccccc2)N1,0,O=C1NC(=O)C(c2ccccc2)(c2ccccc2)N1,CXOFVDLJLONNDW-UHFFFAOYSA-N
phenylbutazone,CCCCC1C(=O)N(c2ccccc2)N(c2ccccc2)C1=O,0,CCCCc1c(O)n(-c2ccccc2)n(-c2ccccc2)c1=O,PKYKNPLSFOKASK-UHFFFAOYSA-N
pilocarpine,CC[C@@H]1C(=O)OC[C@@H]1Cc1cncn1C,0,CCC1C(=O)OC[C@@H]1Cc1cncn1C,QCHFTSOMWOSFHM-PEHGTWAWSA-N
pilsicaine,Cc1cccc(C)c1NC(=O)CC12CCCN1CCC2,0,Cc1cccc(C)c1NC(=O)CC12CCCN1CCC2,BCQTVJKBTWGHCX-UHFFFAOYSA-N
pimobendan,COc1ccc(-c2nc3cc(C4=NNC(=O)C[C@H]4C)ccc3[nH]2)cc1,1,COc1ccc(-c2nc3cc(C4=NNC(=O)CC4C)ccc3[nH]2)cc1,GLBJJMFZWDBELO-UHFFFAOYSA-N
pimozide,O=c1[nH]c2ccccc2n1C1CCN(CCCC(c2ccc(F)cc2)c2ccc(F)cc2)CC1,1,O=c1[nH]c2ccccc2n1C1CCN(CCCC(c2ccc(F)cc2)c2ccc(F)cc2)CC1,YVUQSNJEYSNKRX-UHFFFAOYSA-N
pinacidil,C[C@H](N/C(=N\C#N)Nc1ccncc1)C(C)(C)C,1,C[C@H](N=C(N=c1cc[nH]cc1)NC#N)C(C)(C)C,IVVNZDGDKPTYHK-JTQLQIEISA-N
pindolol,CC(C)NC[C@H](O)COc1cccc2[nH]ccc12,0,CC(C)NC[C@H](O)COc1cccc2[nH]ccc12,JZQKKSLKJUAGIC-NSHDSACASA-N
pioglitazone,CCc1ccc(CCOc2ccc(C[C@@H]3SC(=O)NC3=O)cc2)nc1,1,CCc1ccc(CCOc2ccc(Cc3sc(=O)[nH]c3O)cc2)nc1,IYYGBZJXHJSLEV-UHFFFAOYSA-N
pipemidic-acid,CCn1cc(C(=O)O)c(=O)c2cnc(N3CCNCC3)nc21,0,CCn1cc(C(=O)O)c(=O)c2cnc(N3CCNCC3)nc21,JOHZPMXAZQZXHR-UHFFFAOYSA-N
piroxicam,CN1C(C(=O)Nc2ccccn2)=C(O)c2ccccc2S1(=O)=O,0,CN1C(C(=O)Nc2ccccn2)C(=O)c2ccccc2S1(=O)=O,MNSCVRXKDINXEY-UHFFFAOYSA-N
plomestane,C#CC[C@]12CCC(=O)C=C1CC[C@H]1[C@@H]3CCC(=O)[C@@]3(C)CC[C@@H]12,0,C#CC[C@]12CCC(=O)C=C1CC[C@@H]1[C@@H]2CC[C@]2(C)C(=O)CC[C@@H]12,JKPDEYAOCSQBSZ-OEUJLIAZSA-N
pramipexole,CCCN[C@H]1CCc2nc(N)sc2C1,0,CCCN[C@H]1CCc2nc(N)sc2C1,FASDKYOPVNHBLU-ZETCQYMHSA-N
pranidipine,COC(=O)C1=C(C)NC(C)=C(C(=O)OC/C=C/c2ccccc2)[C@H]1c1cccc([N+](=O)[O-])c1,1,COC(=O)C1=C(C)N=C(C)C(C(=O)OC/C=C/c2ccccc2)[C@H]1c1cccc([N+](=O)[O-])c1,ISBYPYUIOMMYGS-RRWAONMYSA-N
prasterone,C[C@]12CC[C@H]3[C@@H](CC=C4C[C@@H](O)CC[C@@]43C)[C@@H]1CCC2=O,1,C[C@]12CC[C@H](O)CC1=CC[C@@H]1[C@@H]2CC[C@]2(C)C(=O)CC[C@@H]12,FMGSKLZLMKYGDP-USOAJAOKSA-N
pravastatin,CC[C@H](C)C(=O)O[C@H]1C[C@H](O)C=C2C=C[C@H](C)[C@H](CC[C@@H](O)C[C@@H](O)CC(=O)O)[C@H]21,1,CCC(C)C(=O)O[C@H]1C[C@H](O)C=C2C=C[C@H](C)[C@H](CC[C@@H](O)C[C@@H](O)CC(=O)O)[C@H]21,TUZYXOIXSAXUGO-RXYRLICESA-N
praziquantel,O=C(C1CCCCC1)N1CC(=O)N2CCc3ccccc3[C@H]2C1,1,O=C(C1CCCCC1)N1CC(=O)N2CCc3ccccc3[C@H]2C1,FSVJFNAIGNNGKK-QGZVFWFLSA-N
prednisolone,C[C@]12C[C@H](O)[C@H]3[C@@H](CCC4=CC(=O)C=C[C@@]43C)[C@@H]1CC[C@]2(O)C(=O)CO,1,C[C@]12C=CC(=O)C=C1CC[C@@H]1[C@@H]2[C@@H](O)C[C@@]2(C)[C@H]1CC[C@]2(O)C(=O)CO,OIGNJSKKLXVSLS-VWUMJDOOSA-N
prednisone,C[C@]12CC(=O)[C@H]3[C@@H](CCC4=CC(=O)C=C[C@@]43C)[C@@H]1CC[C@]2(O)C(=O)CO,1,C[C@]12C=CC(=O)C=C1CC[C@@H]1C2C(=O)C[C@@]2(C)[C@H]1CC[C@]2(O)C(=O)CO,XOFYZVNMUHMLCC-VLNSYWPESA-N
pregnenolone,CC(=O)[C@H]1CC[C@H]2[C@@H]3CC=C4C[C@@H](O)CC[C@]4(C)[C@H]3CC[C@]12C,1,CC(=O)C1CC[C@H]2[C@@H]3CC=C4C[C@@H](O)CC[C@]4(C)[C@H]3CC[C@]12C,ORNBQBCIOKFOEO-ZRWJKECHSA-N
primaquine,COc1cc(N[C@@H](C)CCCN)c2ncccc2c1,1,COc1cc(N[C@@H](C)CCCN)c2ncccc2c1,INDBQLZJXZLFIT-NSHDSACASA-N
proadifen,CCCC(C(=O)OCCN(CC)CC)(c1ccccc1)c1ccccc1,0,CCCC(C(=O)OCCN(CC)CC)(c1ccccc1)c1ccccc1,SNTQPLDRUZOSDP-UHFFFAOYSA-N
probenecid,CCCN(CCC)S(=O)(=O)c1ccc(C(=O)O)cc1,0,CCCN(CCC)S(=O)(=O)c1ccc(C(=O)O)cc1,DBABZHXKTCFAPX-UHFFFAOYSA-N
procainamide,CCN(CC)CCNC(=O)c1ccc(N)cc1,0,CCN(CC)CCNC(=O)c1ccc(N)cc1,REQCZEXYDRLIBE-UHFFFAOYSA-N
progesterone,CC(=O)[C@H]1CC[C@H]2[C@@H]3CCC4=CC(=O)CC[C@]4(C)[C@H]3CC[C@]12C,1,CC(=O)C1CC[C@H]2[C@@H]3CC=C4CC(=O)CC[C@]4(C)[C@H]3CC[C@]12C,MNRHZPCIEGLWGK-MWXAKFKLSA-N
promazine,CN(C)CCCN1c2ccccc2Sc2ccccc21,1,CN(C)CCCN1c2ccccc2Sc2ccccc21,ZGUGWUXLJSTTMA-UHFFFAOYSA-N
promethazine,C[C@H](CN1c2ccccc2Sc2ccccc21)N(C)C,0,C[C@H](CN1c2ccccc2Sc2ccccc21)N(C)C,PWWVAXIEGOYWEE-CYBMUJFWSA-N
propafenone,CCCNC[C@H](O)COc1ccccc1C(=O)CCc1ccccc1,1,CCCNC[C@H](O)COc1ccccc1C(=O)CCc1ccccc1,JWHAUXFOSRPERK-SFHVURJKSA-N
n-propanol,CCCO,0,CCCO,BDERNNFJNOPAEC-UHFFFAOYSA-N
propofol,CC(C)c1cccc(C(C)C)c1O,1,CC(C)c1cccc(C(C)C)c1O,OLBCVFGFOZPWHH-UHFFFAOYSA-N
dextropropoxyphene,CCC(=O)O[C@](Cc1ccccc1)(c1ccccc1)[C@H](C)CN(C)C,0,CCC(=O)O[C@](Cc1ccccc1)(c1ccccc1)[C@H](C)CN(C)C,XLMALTXPSGQGBX-GCJKJVERSA-N
propranolol,CC(C)NC[C@H](O)COc1cccc2ccccc12,1,CC(C)NC[C@H](O)COc1cccc2ccccc12,AQHHHDLHHXJYJD-AWEZNQCLSA-N
pyrantel,CN1CCCN=C1/C=C\c1cccs1,0,CN1CCCN=C1/C=C\c1cccs1,YSAUAVHXTIETRK-WAYWQWQTSA-N
pyrilamine,COc1ccc(CN(CCN(C)C)c2ccccn2)cc1,0,COc1ccc(CN(CCN(C)C)c2ccccn2)cc1,YECBIJXISLIIDS-UHFFFAOYSA-N
pyrimethamine,CCc1nc(N)nc(N)c1-c1ccc(Cl)cc1,0,CCc1nc(N)nc(N)c1-c1ccc(Cl)cc1,WKSAUQYGYAYLPV-UHFFFAOYSA-N
quercetin,O=c1c(O)c(-c2ccc(O)c(O)c2)oc2cc(O)cc(O)c12,1,O=c1c(O)c(-c2ccc(O)c(O)c2)oc2cc(O)cc(O)c12,REFJWTPEDVJJIY-UHFFFAOYSA-N
quetiapine,OCCOCCN1CCN(C2=Nc3ccccc3Sc3ccccc32)CC1,1,OCCOCCN1CCN(C2=Nc3ccccc3Sc3ccccc32)CC1,URKOMYMAXPYINW-UHFFFAOYSA-N
quinacrine,CCN(CC)CCC[C@@H](C)Nc1c2ccc(Cl)cc2nc2ccc(OC)cc12,0,CCN(CC)CCC[C@@H](C)Nc1c2ccc(Cl)cc2nc2ccc(OC)cc12,GPKJTRJOBQGKQK-MRXNPFEDSA-N
quinelorane,CCCN1CCC[C@@H]2Cc3nc(N)ncc3C[C@H]21,0,CCCN1CCC[C@@H]2Cc3nc(N)ncc3C[C@H]21,TUFADSGTJUOBEH-ZWNOBZJWSA-N
quinine,C=C[C@H]1CN2CC[C@H]1C[C@@H]2[C@H](O)c1ccnc2ccc(OC)cc12,1,C=C[C@H]1CN2CC[C@H]1C[C@@H]2[C@H](O)c1ccnc2ccc(OC)cc12,LOUPRKONTZGTKE-AFHBHXEDSA-N
quinuprostin,CC[C@@H]1NC(=O)[C@@H](NC(=O)c2ncccc2O)[C@@H](C)OC(=O)[C@H](c2ccccc2)NC(=O)[C@@H]2CC(=O)[C@H](CS[C@@H]3CN4CCC3CC4)CN2C(=O)[C@H](Cc2ccc(N(C)C)cc2)N(C)C(=O)[C@@H]2CCCN2C1=O,0,CCC1NC(=O)C(NC(=O)c2ncccc2O)[C@@H](C)OC(=O)C(c2ccccc2)NC(=O)C2CC(=O)C(CS[C@@H]3CN4CCC3CC4)CN2C(=O)C(Cc2ccc(N(C)C)cc2)N(C)C(=O)C2CCCN2C1=O,WTHRRGMBUAHGNI-SNIOVFPDSA-N
rabeprazole,COCCCOc1ccnc(C[S@@H](=O)c2nc3ccccc3[nH]2)c1C,1,COCCCOc1ccnc(C[S](=O)=c2[nH]c3ccccc3[nH]2)c1C,RGTJZFHNLUQECB-UHFFFAOYSA-N
raloxifene,O=C(c1ccc(OCCN2CCCCC2)cc1)c1c(-c2ccc(O)cc2)sc2cc(O)ccc12,0,O=C(c1ccc(OCCN2CCCCC2)cc1)c1c(-c2ccc(O)cc2)sc2cc(O)ccc12,GZUITABIAKMVPG-UHFFFAOYSA-N
ranitidine,CN/C(=C\[N+](=O)[O-])NCCSCc1ccc(CN(C)C)o1,0,CN=C(C[N+](=O)[O-])NCCSCc1ccc(CN(C)C)o1,SYNOVMDJYWJCON-UHFFFAOYSA-N
ranolazine,COc1ccccc1OC[C@@H](O)CN1CCN(CC(=O)Nc2c(C)cccc2C)CC1,1,COc1ccccc1OC[C@@H](O)CN1CCN(CC(=O)Nc2c(C)cccc2C)CC1,XKLMZUWKNUAPSZ-FQEVSTJZSA-N
rapamycin,CO[C@H]1C[C@@H]2CC[C@@H](C)[C@@](O)(O2)C(=O)C(=O)N2CCC[C@H](C2)C(=O)O[C@H]([C@H](C)C[C@@H]2CC[C@@H](O)[C@H](OC)C2)CC(=O)[C@H](C)C=C(C)[C@@H](O)[C@@H](OC)C(=O)[C@H](C)C[C@H](C)C=CC=CC=C1C,1,COC1C(=O)C(C)C[C@H](C)C=CC=CC=C(C)[C@@H](OC)C[C@@H]2CC[C@@H](C)[C@@](O)(O2)C(=O)C(=O)N2CCCC(C2)C(=O)O[C@H]([C@H](C)C[C@@H]2CC[C@@H](O)[C@H](OC)C2)CC(=O)C(C)=CC(C)[C@H]1O,NKWNFIPVJTZRHI-KBGGBVJESA-N
rebamipide,O=C(N[C@H](Cc1cc(=O)[nH]c2ccccc12)C(=O)O)c1ccc(Cl)cc1,1,O=C(NC(Cc1cc(=O)[nH]c2ccccc12)C(=O)O)c1ccc(Cl)cc1,ALLWOAVDORUJLA-UHFFFAOYSA-N
reboxetine,CCOc1ccccc1O[C@H](c1ccccc1)[C@H]1CNCCO1,1,CCOc1ccccc1O[C@H](c1ccccc1)[C@H]1CNCCO1,CBQGYUDMJHNJBX-RTBURBONSA-N
remacemide,C[C@@](Cc1ccccc1)(NC(=O)CN)c1ccccc1,0,C[C@@](Cc1ccccc1)(NC(=O)CN)c1ccccc1,YSGASDXSLKIKOD-KRWDZBQOSA-N
remoxipride,CCN1CCC[C@H]1CNC(=O)c1c(OC)ccc(Br)c1OC,0,CCN1CCC[C@H]1CNC(=O)c1c(OC)ccc(Br)c1OC,GUJRSXAPGDDABA-NSHDSACASA-N
repaglinide,CCOc1cc(CC(=O)N[C@@H](CC(C)C)c2ccccc2N2CCCCC2)ccc1C(=O)O,1,CCOc1cc(CC(=O)N[C@@H](CC(C)C)c2ccccc2N2CCCCC2)ccc1C(=O)O,FAEKWTJYAYMJKF-QHCPKHFHSA-N
reserpine,COC(=O)[C@H]1[C@H]2C[C@@H]3c4[nH]c5cc(OC)ccc5c4CCN3C[C@H]2C[C@@H](OC(=O)c2cc(OC)c(OC)c(OC)c2)[C@@H]1OC,0,COC(=O)C1[C@H]2C[C@@H]3c4[nH]c5cc(OC)ccc5c4CCN3C[C@H]2C[C@@H](OC(=O)c2cc(OC)c(OC)c(OC)c2)[C@@H]1OC,QEVHRUUCFGRFIF-QVNODVLKSA-N
resiquimod,CCOCc1nc2c(N)nc3ccccc3c2n1CC(C)(C)O,1,CCOCc1nc2c(N)nc3ccccc3c2n1CC(C)(C)O,BXNMTOQRYBFHNZ-UHFFFAOYSA-N
retinoic-acid,CC1=C(/C=C\C(C)=C/C=C\C(C)=C/C(=O)O)C(C)(C)CCC1,1,CC1=C(/C=C\C(C)=C/C=C\C(C)=C/C(=O)O)C(C)(C)CCC1,SHGAZHPCJJPHSC-HUHGIDTOSA-N
rifabutin,CO[C@H]1C=CO[C@@]2(C)Oc3c(C)c(O)c4c(c3C2=O)C2=NC3(CCN(CC(C)C)CC3)NC2=C(NC(=O)C(C)=CC=C[C@H](C)[C@H](O)[C@@H](C)[C@@H](O)[C@@H](C)[C@H](OC(C)=O)[C@@H]1C)C4=O,1,CO[C@H]1C=CO[C@@]2(C)Oc3c(C)c(O)c4c(O)c(c5c(c4c3C2=O)=NC2(CCN(CC(C)C)CC2)N=5)NC(=O)C(C)=CC=CC(C)[C@H](O)[C@@H](C)[C@@H](O)[C@@H](C)[C@H](OC(C)=O)[C@@H]1C,AZFBLLCNOQPJGJ-RTPYXIRHSA-N
rifampin,CO[C@H]1C=CO[C@@]2(C)Oc3c(C)c(O)c4c(O)c(c(/C=N\N5CCN(C)CC5)c(O)c4c3C2=O)NC(=O)C(C)=CC=C[C@H](C)[C@H](O)[C@@H](C)[C@@H](O)[C@@H](C)[C@H](OC(C)=O)[C@H]1C,1,CO[C@H]1C=CO[C@@]2(C)Oc3c(C)c(O)c4c(O)c(c(C=NN5CCN(C)CC5)c(O)c4c3C2=O)NC(=O)C(C)=CC=CC(C)[C@H](O)[C@@H](C)[C@@H](O)[C@@H](C)[C@H](OC(C)=O)[C@H]1C,JQXXHWHPUNPDRT-TUCUVEGVSA-N
rifamycin-SV,CO[C@H]1C=CO[C@@]2(C)Oc3c(C)c(O)c4c(O)c(cc(O)c4c3C2=O)NC(=O)C(C)=CC=C[C@H](C)[C@H](O)[C@@H](C)[C@@H](O)[C@@H](C)[C@H](OC(C)=O)[C@H]1C,0,CO[C@H]1C=CO[C@@]2(C)Oc3c(C)c(O)c4c(O)c(cc(O)c4c3C2=O)NC(=O)C(C)=CC=CC(C)[C@H](O)[C@@H](C)[C@@H](O)[C@@H](C)[C@H](OC(C)=O)[C@H]1C,HJYYPODYNSCCOU-WPVOAIBISA-N
rifapentine,CO[C@H]1C=CO[C@@]2(C)Oc3c(C)c(O)c4c(O)c(c(/C=N\N5CCN(C6CCCC6)CC5)c(O)c4c3C2=O)NC(=O)C(C)=CC=C[C@H](C)[C@H](O)[C@@H](C)[C@@H](O)[C@@H](C)[C@H](OC(C)=O)[C@H]1C,0,CO[C@H]1C=CO[C@@]2(C)Oc3c(C)c(O)c4c(O)c(c(C=NN5CCN(C6CCCC6)CC5)c(O)c4c3C2=O)NC(=O)C(C)=CC=CC(C)[C@H](O)[C@@H](C)[C@@H](O)[C@@H](C)[C@H](OC(C)=O)[C@H]1C,WDZCUPBHRAEYDL-YPTSZNAQSA-N
riluzole,Nc1nc2ccc(OC(F)(F)F)cc2s1,0,Nc1nc2ccc(OC(F)(F)F)cc2s1,FTALBRSUTCGOEG-UHFFFAOYSA-N
risperidone,Cc1nc2n(c(=O)c1CCN1CCC(c3noc4cc(F)ccc34)CC1)CCCC2,1,Cc1nc2n(c(=O)c1CCN1CCC(c3noc4cc(F)ccc34)CC1)CCCC2,RAPZEAPATHNIPO-UHFFFAOYSA-N
ritonavir,CC(C)c1nc(CN(C)C(=O)N[C@H](C(=O)N[C@@H](Cc2ccccc2)C[C@H](O)[C@H](Cc2ccccc2)NC(=O)OCc2cncs2)C(C)C)cs1,1,CC(C)c1nc(CN(C)C(=O)NC(C(=O)N[C@@H](Cc2ccccc2)C[C@H](O)[C@H](Cc2ccccc2)NC(=O)OCc2cncs2)C(C)C)cs1,NCDNCNXCDXHOMX-BWGGSIGWSA-N
rofecoxib,CS(=O)(=O)c1ccc(C2=C(c3ccccc3)C(=O)OC2)cc1,0,CS(=O)(=O)c1ccc(C2=C(c3ccccc3)C(=O)OC2)cc1,RZJQGNCSTQAWON-UHFFFAOYSA-N
rogletimide,CC[C@@]1(c2ccncc2)CCC(=O)NC1=O,0,CC[C@@]1(c2ccncc2)CCC(=O)NC1=O,QXKJWHWUDVQATH-LBPRGKRZSA-N
rokitamycin,CCCC(=O)O[C@H]1[C@H](C)O[C@@H](O[C@@H]2[C@@H](C)O[C@@H](O[C@@H]3[C@@H](OC)[C@H](O)CC(=O)O[C@H](C)CC=CC=C[C@H](O)[C@H](C)C[C@@H]3CC=O)[C@H](O)[C@H]2N(C)C)C[C@@]1(C)OC(=O)CC,0,CCCC(=O)O[C@H]1[C@H](C)O[C@@H](O[C@H]2[C@H](N(C)C)[C@@H](O)[C@H](O[C@H]3[C@@H](CC=O)C[C@@H](C)[C@@H](O)C=CC=CC[C@@H](C)OC(=O)C[C@@H](O)[C@@H]3OC)O[C@@H]2C)C[C@@]1(C)OC(=O)CC,VYWWNRMSAPEJLS-RVPGWPFOSA-N
ropinirole,CCCN(CCC)CCc1cccc2c1CC(=O)N2,1,CCCN(CCC)CCc1cccc2[nH]c(O)cc12,FBYFJOVKHROJSY-UHFFFAOYSA-N
ropivacaine,CCCN1CCCC[C@H]1C(=O)Nc1c(C)cccc1C,1,CCCN1CCCCC1C(=O)Nc1c(C)cccc1C,ZKMNUMMKYBVTFN-UHFFFAOYSA-N
roquinimex,CN(C(=O)c1c(O)n(C)c2ccccc2c1=O)c1ccccc1,1,CN(C(=O)c1c(O)c2ccccc2n(C)c1=O)c1ccccc1,SGOOQMRIPALTEL-UHFFFAOYSA-N
rosiglitazone,CN(CCOc1ccc(C[C@@H]2SC(=O)NC2=O)cc1)c1ccccn1,0,CN(CCOc1ccc(Cc2sc(=O)[nH]c2O)cc1)c1ccccn1,FLDPBMANMDLQTH-UHFFFAOYSA-N
rosuvastatin,CC(C)c1nc(N(C)S(C)(=O)=O)nc(-c2ccc(F)cc2)c1CC[C@@H](O)C[C@@H](O)CC(=O)O,0,CC(C)c1nc(N(C)S(C)(=O)=O)nc(-c2ccc(F)cc2)c1CC[C@@H](O)C[C@@H](O)CC(=O)O,ZVPAUNJUMAQCNK-IAGOWNOFSA-N
roxatidine,O=C(CO)NCCCOc1cccc(CN2CCCCC2)c1,0,O=C(CO)NCCCOc1cccc(CN2CCCCC2)c1,BCCREUFCSIMJFS-UHFFFAOYSA-N
roxithromycin,CC[C@H]1OC(=O)[C@H](C)[C@@H](O[C@H]2C[C@@](C)(OC)[C@@H](O)[C@H](C)O2)[C@H](C)[C@@H](O[C@@H]2O[C@H](C)C[C@H](N(C)C)[C@H]2O)[C@](C)(O)C[C@@H](C)/C(=N\OCOCCOC)[C@H](C)[C@@H](O)[C@]1(C)O,1,CC[C@H]1OC(=O)C(C)[C@@H](O[C@H]2C[C@@](C)(OC)[C@@H](O)[C@H](C)O2)[C@H](C)[C@@H](O[C@@H]2O[C@H](C)C[C@H](N(C)C)[C@H]2O)[C@](C)(O)C[C@@H](C)/C(=N\OCOCCOC)[C@H](C)[C@@H](O)[C@]1(C)O,RXZBMPWDPOLZGW-FPANCLIHSA-N
rupatadine,Cc1cncc(CN2CCC(=C3c4ccc(Cl)cc4CCc4cccnc43)CC2)c1,1,Cc1cncc(CN2CCC(=C3c4ccc(Cl)cc4CCc4cccnc43)CC2)c1,WUZYKBABMWJHDL-UHFFFAOYSA-N
salicylic-acid,O=C(O)c1ccccc1O,1,O=C(O)c1ccccc1O,YGSDEFSMJLZEOE-UHFFFAOYSA-N
salmeterol,OCc1cc([C@H](O)CNCCCCCCOCCCCc2ccccc2)ccc1O,1,OCc1cc([C@H](O)CNCCCCCCOCCCCc2ccccc2)ccc1O,GIIZNNXWQWCKIB-RUZDIDTESA-N
saquinavir,CC(C)(C)NC(=O)[C@@H]1C[C@@H]2CCCC[C@@H]2CN1C[C@@H](O)[C@H](Cc1ccccc1)NC(=O)[C@H](CC(N)=O)NC(=O)c1ccc2ccccc2n1,1,CC(C)(C)NC(=O)C1C[C@@H]2CCCC[C@@H]2CN1C[C@@H](O)[C@H](Cc1ccccc1)NC(=O)C(CC(N)=O)NC(=O)c1ccc2ccccc2n1,QWAXKHKRTORLEM-PVCXOJBVSA-N
secobarbital,C=CCC1([C@@H](C)CCC)C(=O)NC(=O)NC1=O,0,C=CCC1([C@@H](C)CCC)C(=O)NC(=O)NC1=O,KQPKPCNLIDLUMF-QMMMGPOBSA-N
selegiline,C#CCN(C)[C@@H](C)Cc1ccccc1,1,C#CCN(C)[C@@H](C)Cc1ccccc1,MEZLKOACVSPNER-LBPRGKRZSA-N
seratrodast,CC1=C(C)C(=O)C([C@@H](CCCCCC(=O)O)c2ccccc2)=C(C)C1=O,1,Cc1c(C)c(O)c(C(=CCCCCC(=O)O)c2ccccc2)c(C)c1O,RADRBZBLNXVQEU-UHFFFAOYSA-N
sertaline,CN[C@H]1CC[C@@H](c2ccc(Cl)c(Cl)c2)c2ccccc21,1,CN[C@H]1CC[C@@H](c2ccc(Cl)c(Cl)c2)c2ccccc21,VGKDLMBJGBXTGI-SJCJKPOMSA-N
sertindole,O=C1NCCN1CCN1CCC(c2cn(-c3ccc(F)cc3)c3ccc(Cl)cc23)CC1,1,O=C1NCCN1CCN1CCC(c2cn(-c3ccc(F)cc3)c3ccc(Cl)cc23)CC1,GZKLJWGUPQBVJQ-UHFFFAOYSA-N
sevoflurane,FCOC(C(F)(F)F)C(F)(F)F,1,FCOC(C(F)(F)F)C(F)(F)F,DFEYYRMXOJXZRJ-UHFFFAOYSA-N
sibutramine,CC(C)C[C@H](N(C)C)C1(c2ccc(Cl)cc2)CCC1,1,CC(C)C[C@H](N(C)C)C1(c2ccc(Cl)cc2)CCC1,UNAANXDKBXWMLN-INIZCTEOSA-N
sildenafil,CCCc1nn(C)c2c(=O)nc(-c3cc(S(=O)(=O)N4CCN(C)CC4)ccc3OCC)[nH]c12,1,CCCc1nn(C)c2c(=O)[nH]c(-c3cc(S(=O)(=O)N4CCN(C)CC4)ccc3OCC)nc12,BNRNXUUZRGQAQC-UHFFFAOYSA-N
simvastatin,CCC(C)(C)C(=O)O[C@H]1C[C@@H](C)C=C2C=C[C@H](C)[C@H](CC[C@@H]3C[C@@H](O)CC(=O)O3)[C@H]21,1,CCC(C)(C)C(=O)O[C@H]1C[C@@H](C)C=C2C=C[C@H](C)[C@H](CC[C@@H]3C[C@@H](O)CC(=O)O3)[C@H]21,RYMZZMVNJRMUDD-HGQWONQESA-N
sparteine,C1CCN2C[C@H]3C[C@H](CN4CCCC[C@H]34)[C@@H]2C1,0,C1CCN2C[C@H]3C[C@H](CN4CCCC[C@@H]34)[C@H]2C1,SLRCCWJSBJZJBV-TUVASFSCSA-N
spironolactone,CC(=O)S[C@@H]1CC2=CC(=O)CC[C@]2(C)[C@H]2CC[C@@]3(C)[C@@H](CC[C@@]34CCC(=O)O4)[C@@H]21,0,CC(=O)S[C@@H]1C=C2CC(=O)CC[C@]2(C)[C@H]2CC[C@@]3(C)[C@@H](CC[C@@]34CCC(=O)O4)[C@H]12,RRQQBPFUONLKTL-ZHYRCANASA-N
stiripentol,CC(C)(C)[C@@H](O)/C=C\c1ccc2c(c1)OCO2,0,CC(C)(C)[C@@H](O)/C=C\c1ccc2c(c1)OCO2,IBLNKMRFIPWSOY-VGVVRCBHSA-N
sufentanil,CCC(=O)N(c1ccccc1)C1(COC)CCN(CCc2cccs2)CC1,1,CCC(=O)N(c1ccccc1)C1(COC)CCN(CCc2cccs2)CC1,GGCSSNBKKAUURC-UHFFFAOYSA-N
sulconazole,Clc1ccc(CS[C@@H](Cn2ccnc2)c2ccc(Cl)cc2Cl)cc1,0,Clc1ccc(CS[C@@H](Cn2ccnc2)c2ccc(Cl)cc2Cl)cc1,AFNXATANNDIXLG-SFHVURJKSA-N
sulfamoxol,Cc1onc(NS(=O)(=O)c2ccc(N)cc2)c1C,0,Cc1onc(NS(=O)(=O)c2ccc(N)cc2)c1C,DAUFGBIKKGOPJA-UHFFFAOYSA-N
sulfasalazine,O=C(O)c1cc(/N=N\c2ccc(S(=O)(=O)Nc3ccccn3)cc2)ccc1O,0,O=C(O)c1cc(N=Nc2ccc(S(=O)(=O)Nc3ccccn3)cc2)ccc1O,NCEXYHBECQHGNR-UHFFFAOYSA-N
sulfadiazine,Nc1ccc(S(=O)(=O)Nc2ncccn2)cc1,1,Nc1ccc(S(=O)(=O)Nc2ncccn2)cc1,SEEPANYCNGTZFQ-UHFFFAOYSA-N
sulfadimethoxine,COc1cc(OC)nc(NS(=O)(=O)c2ccc(N)cc2)n1,0,COc1cc(OC)nc(NS(=O)(=O)c2ccc(N)cc2)n1,RMSFTZDTJHYIFE-UHFFFAOYSA-N
sulfadoxine,COc1ncnc(NS(=O)(=O)c2ccc(N)cc2)c1OC,0,COc1ncnc(NS(=O)(=O)c2ccc(N)cc2)c1OC,PJSFRIWCGOHTNF-UHFFFAOYSA-N
sulfinpyrazone,O=C1C(CC[S@@H](=O)c2ccccc2)C(=O)N(c2ccccc2)N1c1ccccc1,1,O=c1c(CC[S@@H](=O)c2ccccc2)c(O)n(-c2ccccc2)n1-c1ccccc1,DHERCTWLMWBTDZ-UHFFFAOYSA-N
sulfisoxazole,Cc1noc(NS(=O)(=O)c2ccc(N)cc2)c1C,0,Cc1noc(NS(=O)(=O)c2ccc(N)cc2)c1C,NHUHCSRWZMLRLA-UHFFFAOYSA-N
sulfamerazine,Cc1ccnc(NS(=O)(=O)c2ccc(N)cc2)n1,0,Cc1ccnc(NS(=O)(=O)c2ccc(N)cc2)n1,QPPBRPIAZZHUNT-UHFFFAOYSA-N
sulfamethoxazole,Cc1cc(NS(=O)(=O)c2ccc(N)cc2)no1,1,Cc1cc(NS(=O)(=O)c2ccc(N)cc2)no1,JLKIGFTWXXRPMT-UHFFFAOYSA-N
sulfamethizole,Cc1nnc(NS(=O)(=O)c2ccc(N)cc2)s1,0,Cc1nnc(NS(=O)(=O)c2ccc(N)cc2)s1,VACCAVUAMIDAGB-UHFFFAOYSA-N
sulfanilamide,Nc1ccc(S(N)(=O)=O)cc1,0,Nc1ccc(S(N)(=O)=O)cc1,FDDDEECHVMSUSB-UHFFFAOYSA-N
sulfaphenazole,Nc1ccc(S(=O)(=O)Nc2ccnn2-c2ccccc2)cc1,0,Nc1ccc(S(=O)(=O)Nc2ccnn2-c2ccccc2)cc1,QWCJHSGMANYXCW-UHFFFAOYSA-N
sulfapyridine,Nc1ccc(S(=O)(=O)Nc2ccccn2)cc1,0,Nc1ccc(S(=O)(=O)Nc2ccccn2)cc1,GECHUMIMRBOMGK-UHFFFAOYSA-N
sulfatroxazole,Cc1onc(NS(=O)(=O)c2ccc(N)cc2)c1C,0,Cc1onc(NS(=O)(=O)c2ccc(N)cc2)c1C,DAUFGBIKKGOPJA-UHFFFAOYSA-N
sulindac,CC1=C(CC(=O)O)c2cc(F)ccc2/C1=C\c1ccc([S@@H](C)=O)cc1,0,CC1=C(CC(=O)O)c2cc(F)ccc2C1=Cc1ccc([SH](C)=O)cc1,INVMPYSSMWXOGI-UHFFFAOYSA-N
sulpiride,CCN1CCC[C@@H]1CNC(=O)c1cc(S(N)(=O)=O)ccc1OC,0,CCN1CCC[C@@H]1CNC(=O)c1cc(S(N)(=O)=O)ccc1OC,BGRJTUBHPOOWDU-LLVKDONJSA-N
suprofen,C[C@H](C(=O)O)c1cccc(C(=O)c2cccs2)c1,0,CC(C(=O)O)c1cccc(C(=O)c2cccs2)c1,OKKUZOASBYWBPX-UHFFFAOYSA-N
tacrine,Nc1c2c(nc3ccccc13)CCCC2,0,Nc1c2c(nc3ccccc13)CCCC2,YLJREFDVOIBQDA-UHFFFAOYSA-N
tacrolsimus,C=CC[C@@H]1C=C(C)C[C@H](C)C[C@H](OC)[C@@H]2O[C@](O)(C(=O)C(=O)N3CCCC[C@H]3C(=O)O[C@H](/C(C)=C/[C@@H]3CC[C@@H](O)[C@H](OC)C3)[C@H](C)[C@@H](O)CC1=O)[C@H](C)C[C@@H]2OC,1,C=CCC1=CC(C)C[C@H](C)C[C@H](OC)[C@@H]2O[C@](O)(C(=O)C(=O)N3CCCCC3C(=O)O[C@H](/C(C)=C/[C@@H]3CC[C@@H](O)[C@H](OC)C3)[C@H](C)[C@@H](O)CC1=O)[C@H](C)C[C@@H]2OC,SLUYGGAVUSVJOT-SXIFMMQPSA-N
tadalafil,CN1CC(=O)N2[C@H](Cc3c([nH]c4ccccc34)[C@H]2c2ccc3c(c2)OCO3)C1=O,1,CN1CC(=O)N2C(Cc3c([nH]c4ccccc34)[C@H]2c2ccc3c(c2)OCO3)C1=O,WOXKDUGGOYFFRN-CAWMZFRYSA-N
tamoxifen,CC/C(=C(/c1ccccc1)c1ccc(OCCN(C)C)cc1)c1ccccc1,1,CC/C(=C(/c1ccccc1)c1ccc(OCCN(C)C)cc1)c1ccccc1,NKANXQFJJICGDU-OCEACIFDSA-N
tamsulosin,CCOc1ccccc1OCCN[C@H](C)Cc1ccc(OC)c(S(N)(=O)=O)c1,1,CCOc1ccccc1OCCN[C@H](C)Cc1ccc(OC)c(S(N)(=O)=O)c1,DRHKJLXJIQTDTD-OAHLLOKOSA-N
tasosartan,Cc1nc(C)c2c(n1)N(Cc1ccc(-c3ccccc3-c3nnn[nH]3)cc1)C(=O)CC2,1,Cc1nc(C)c2c(n1)N(Cc1ccc(-c3ccccc3-c3nn[nH]n3)cc1)C(=O)CC2,ADXGNEYLLLSOAR-UHFFFAOYSA-N
tauromustine,CN(C)S(=O)(=O)CCNC(=O)N(CCCl)N=O,1,CN(C)S(=O)(=O)CCNC(=O)N(CCCl)N=O,RCLLNBVPCJDIPX-UHFFFAOYSA-N
tazanolast,CCCCOC(=O)C(=O)Nc1cccc(-c2nnn[nH]2)c1,0,CCCCOC(=O)C(=O)Nc1cccc(-c2nn[nH]n2)c1,XQTARQNQIVVBRX-UHFFFAOYSA-N
tazofelone,CC(C)(C)c1cc(C[C@H]2SCNC2=O)cc(C(C)(C)C)c1O,1,CC(C)(C)c1cc(CC2SCNC2=O)cc(C(C)(C)C)c1O,ILMMRHUILQOQGP-UHFFFAOYSA-N
tegafur,O=c1[nH]c(=O)n([C@@H]2CCCO2)cc1F,0,O=c1[nH]c(=O)n([C@@H]2CCCO2)cc1F,WFWLQNSHRPWKFK-LURJTMIESA-N
tegaserod,CCCCC/N=C(\N)N/N=C\c1c[nH]c2ccc(CO)cc12,0,CCCCCN=C(N)NN=Cc1c[nH]c2ccc(CO)cc12,HXYYJPLPXWLAMQ-UHFFFAOYSA-N
telmisartan,CCCc1nc2c(C)cc(-c3nc4ccccc4n3C)cc2n1Cc1ccc(-c2ccccc2C(=O)O)cc1,0,CCCc1nc2c(C)cc(-c3nc4ccccc4n3C)cc2n1Cc1ccc(-c2ccccc2C(=O)O)cc1,RMMXLENWKUUMAY-UHFFFAOYSA-N
temazepam,CN1C(=O)[C@H](O)N=C(c2ccccc2)c2cc(Cl)ccc21,1,CN1C(=O)C(O)N=C(c2ccccc2)c2cc(Cl)ccc21,SEQDDYPDSLOBDC-UHFFFAOYSA-N
teniposide,COc1cc([C@@H]2c3cc4c(cc3[C@@H](O[C@@H]3O[C@@H]5CO[C@@H](c6cccs6)O[C@H]5[C@H](O)[C@H]3O)[C@H]3COC(=O)[C@H]23)OCO4)cc(OC)c1O,1,COc1cc([C@@H]2c3cc4c(cc3[C@@H](O[C@@H]3O[C@@H]5CO[C@@H](c6cccs6)O[C@H]5[C@H](O)[C@H]3O)[C@H]3COC(=O)C23)OCO4)cc(OC)c1O,NRUKOCRGYNPUPR-NKWZCLBQSA-N
tenofovir,C[C@H](Cn1cnc2c(N)ncnc21)OCP(=O)(O)O,0,C[C@H](Cn1cnc2c(N)ncnc21)OCP(=O)(O)O,SGOIRFVFHAKUTI-ZCFIWIBFSA-N
tenoxicam,CN1C(C(=O)Nc2ccccn2)=C(O)c2sccc2S1(=O)=O,0,CN1C(C(=O)Nc2ccccn2)C(=O)c2sccc2S1(=O)=O,OTGJPAOGHQFBMI-UHFFFAOYSA-N
terbinafine,CN(C/C=C/C#CC(C)(C)C)Cc1cccc2ccccc12,1,CN(C/C=C/C#CC(C)(C)C)Cc1cccc2ccccc12,DOMXUEMWDBAQBQ-WEVVVXLNSA-N
terfenadine,CC(C)(C)c1ccc([C@H](O)CCCN2CCC(C(O)(c3ccccc3)c3ccccc3)CC2)cc1,1,CC(C)(C)c1ccc([C@H](O)CCCN2CCC(C(O)(c3ccccc3)c3ccccc3)CC2)cc1,GUGOEEXESWIERI-SSEXGKCCSA-N
terguride,CCN(CC)C(=O)N[C@H]1C[C@@H]2c3cccc4[nH]cc(c34)C[C@H]2N(C)C1,1,CCN(CC)C(=O)N[C@H]1C[C@@H]2c3cccc4[nH]cc(c34)C[C@H]2N(C)C1,JOAHPSVPXZTVEP-YXJHDRRASA-N
testolactone,C[C@]12CC[C@H]3[C@@H](CCC4=CC(=O)C=C[C@@]43C)[C@@H]1CCC(=O)O2,0,C[C@]12C=CC(=O)C=C1CC[C@@H]1[C@@H]2CC[C@]2(C)OC(=O)CC[C@@H]12,BPEWUONYVDABNZ-DZBHQSCQSA-N
testosterone,C[C@]12CC[C@H]3[C@@H](CCC4=CC(=O)CC[C@@]43C)[C@@H]1CC[C@@H]2O,1,C[C@]12CC[C@H]3[C@@H](CC=C4CC(=O)CC[C@@]43C)[C@@H]1CC[C@@H]2O,SEDRVEWTPRTLOZ-DYKIIFRCSA-N
tetrahydrocannabinol,CCCCCc1cc(O)c2c(c1)OC(C)(C)[C@@H]1CCC(C)=C[C@@H]21,1,CCCCCc1cc(O)c2c(c1)OC(C)(C)[C@@H]1CCC(C)=C[C@@H]21,CYQFCXCEBYINGO-IAGOWNOFSA-N
tetracycline,CN(C)[C@@H]1C(O)=C(C(N)=O)C(=O)[C@@]2(O)C(O)=C3C(=O)c4c(O)cccc4[C@@](C)(O)[C@H]3C[C@@H]12,0,CN(C)C1C(=O)C(C(N)=O)C(=O)[C@@]2(O)C(=O)C3C(=O)c4c(O)cccc4[C@@](C)(O)[C@H]3C[C@@H]12,MUHBBHLZPHKTTR-VUMGMMBSSA-N
tezosentan,COc1ccccc1Oc1c(NS(=O)(=O)c2ccc(C(C)C)cn2)nc(-c2ccnc(-c3nn[nH]n3)c2)nc1OCCO,0,COc1ccccc1Oc1c(NS(=O)(=O)c2ccc(C(C)C)cn2)nc(-c2ccnc(-c3nn[nH]n3)c2)nc1OCCO,TUYWTLTWNJOZNY-UHFFFAOYSA-N
trifluoperazine,CN1CCN(CCCN2c3ccccc3Sc3ccc(C(F)(F)F)cc32)CC1,0,CN1CCN(CCCN2c3ccccc3Sc3ccc(C(F)(F)F)cc32)CC1,ZEWQUBUPAILYHI-UHFFFAOYSA-N
thalidomide,O=C1CC[C@H](N2C(=O)c3ccccc3C2=O)C(=O)N1,0,O=C1CCC(N2C(=O)c3ccccc3C2=O)C(=O)N1,UEJJHQNACJXSKW-UHFFFAOYSA-N
theobromine,Cn1cnc2c1c(=O)[nH]c(=O)n2C,0,Cn1cnc2c1c(=O)[nH]c(=O)n2C,YAPQBXQYLJRXSA-UHFFFAOYSA-N
theophyline,Cn1c(=O)c2[nH]cnc2n(C)c1=O,1,Cn1c(=O)c2[nH]cnc2n(C)c1=O,ZFXYFBGIUFBOJW-UHFFFAOYSA-N
thiabendazole,c1ccc2[nH]c(-c3cscn3)nc2c1,0,c1ccc2[nH]c(-c3cscn3)nc2c1,WJCNZQLZVWNLKY-UHFFFAOYSA-N
thioridazine,CSc1ccc2c(c1)N(CC[C@@H]1CCCCN1C)c1ccccc1S2,0,CSc1ccc2c(c1)N(CC[C@@H]1CCCCN1C)c1ccccc1S2,KLBQZWRITKRQQV-INIZCTEOSA-N
thiotepa,S=P(N1CC1)(N1CC1)N1CC1,0,S=P(N1CC1)(N1CC1)N1CC1,FOCVUCIESVLUNU-UHFFFAOYSA-N
thiothixene,CN1CCN(CC/C=C2\c3ccccc3Sc3ccc(S(=O)(=O)N(C)C)cc32)CC1,0,CN1CCN(CC/C=C2\c3ccccc3Sc3ccc(S(=O)(=O)N(C)C)cc32)CC1,GFBKORZTTCHDGY-UFWORHAWSA-N
tiagabine,Cc1ccsc1C(=CCCN1CCC[C@@H](C(=O)O)C1)c1sccc1C,1,Cc1ccsc1C(=CCCN1CCCC(C(=O)O)C1)c1sccc1C,PBJUNZJWGZTSKL-UHFFFAOYSA-N
tiaramide,O=C(Cn1c(=O)sc2ccc(Cl)cc21)N1CCN(CCO)CC1,0,O=C(Cn1c(=O)sc2ccc(Cl)cc21)N1CCN(CCO)CC1,HTJXMOGUGMSZOG-UHFFFAOYSA-N
ticlopidine,Clc1ccccc1CN1CCc2sccc2C1,1,Clc1ccccc1CN1CCc2sccc2C1,PHWBOXQYWZNQIN-UHFFFAOYSA-N
ticrynafen,O=C(O)COc1ccc(C(=O)c2cccs2)c(Cl)c1Cl,0,O=C(O)COc1ccc(C(=O)c2cccs2)c(Cl)c1Cl,AGHANLSBXUWXTB-UHFFFAOYSA-N
timolol,CC(C)(C)NC[C@H](O)COc1nsnc1N1CCOCC1,0,CC(C)(C)NC[C@H](O)COc1nsnc1N1CCOCC1,BLJRIMJGRPQVNF-JTQLQIEISA-N
timoprazole,O=[S@H](Cc1ccccn1)c1nc2ccccc2[nH]1,0,O=[S](Cc1ccccn1)=c1[nH]c2ccccc2[nH]1,PZNZHSDUUKFVGJ-UHFFFAOYSA-N
tinidazole,CCS(=O)(=O)CCn1c([N+](=O)[O-])cnc1C,1,CCS(=O)(=O)CCn1c([N+](=O)[O-])cnc1C,HJLSLZFTEKNLFI-UHFFFAOYSA-N
tioconazole,Clc1ccc([C@@H](Cn2ccnc2)OCc2ccsc2Cl)c(Cl)c1,0,Clc1ccc([C@@H](Cn2ccnc2)OCc2ccsc2Cl)c(Cl)c1,QXHHHPZILQDDPS-OAHLLOKOSA-N
tipranavir,CCC[C@@]1(CCc2ccccc2)CC(=O)C([C@H](CC)c2cccc(NS(=O)(=O)c3ccc(C(F)(F)F)cn3)c2)=C(O)O1,1,CCC[C@@]1(CCc2ccccc2)CC(=O)C([C@H](CC)c2cccc(NS(=O)(=O)c3ccc(C(F)(F)F)cn3)c2)C(=O)O1,MYXACKZCYFKMTE-JETRDCLMSA-N
tirilazad,C[C@@H]1C[C@H]2[C@@H]3CCC4=CC(=O)C=C[C@]4(C)C3=CC[C@]2(C)[C@H]1C(=O)CN1CCN(c2cc(N3CCCC3)nc(N3CCCC3)n2)CC1,1,C[C@@H]1C[C@H]2[C@@H]3CC=C4CC(=O)C=C[C@]4(C)C3=CC[C@]2(C)C1C(=O)CN1CCN(c2cc(N3CCCC3)nc(N3CCCC3)n2)CC1,NSTCAXPRTTYSFG-ZVAVEHQWSA-N
tocainide,Cc1cccc(C)c1NC(=O)[C@H](C)N,0,Cc1cccc(C)c1NC(=O)C(C)N,BUJAGSGYPOAWEI-UHFFFAOYSA-N
tolbutamide,CCCCNC(=O)NS(=O)(=O)c1ccc(C)cc1,0,CCCCNC(=O)NS(=O)(=O)c1ccc(C)cc1,JLRGJRBPOGGCBT-UHFFFAOYSA-N
tolcapone,Cc1ccc(C(=O)c2cc(O)c(O)c([N+](=O)[O-])c2)cc1,1,Cc1ccc(C(=O)c2cc(O)c(O)c([N+](=O)[O-])c2)cc1,MIQPIUSUKVNLNT-UHFFFAOYSA-N
tolperisone,Cc1ccc(C(=O)[C@H](C)CN2CCCCC2)cc1,0,Cc1ccc(C(=O)C(C)CN2CCCCC2)cc1,FSKFPVLPFLJRQB-UHFFFAOYSA-N
(+)-tolterodine,Cc1ccc(O)c([C@@H](CCN(C(C)C)C(C)C)c2ccccc2)c1,1,Cc1ccc(O)c([C@@H](CCN(C(C)C)C(C)C)c2ccccc2)c1,OOGJQPCLVADCPB-FQEVSTJZSA-N
toluene,Cc1ccccc1,0,Cc1ccccc1,YXFVVABEGXRONW-UHFFFAOYSA-N
tomoxetine,CNCC[C@@H](Oc1ccccc1C)c1ccccc1,1,CNCC[C@@H](Oc1ccccc1C)c1ccccc1,VHGCDTVCOLNTBX-QGZVFWFLSA-N
topiramate,CC1(C)O[C@@H]2CO[C@@]3(COS(N)(=O)=O)OC(C)(C)O[C@H]3[C@@H]2O1,0,CC1(C)O[C@@H]2[C@@H](CO[C@@]3(COS(N)(=O)=O)OC(C)(C)O[C@@H]23)O1,KJADKKWYZYXHBB-XBWDGYHZSA-N
toremifene,CN(C)CCOc1ccc(/C(=C(\CCCl)c2ccccc2)c2ccccc2)cc1,1,CN(C)CCOc1ccc(/C(=C(\CCCl)c2ccccc2)c2ccccc2)cc1,XFCLJVABOIYOMF-OCEACIFDSA-N
torsemide,Cc1cccc(Nc2ccncc2S(=O)(=O)NC(=O)NC(C)C)c1,0,Cc1cccc(Nc2ccncc2S(=O)(=O)NC(=O)NC(C)C)c1,NGBFQHCMQULJNZ-UHFFFAOYSA-N
tramadol,COc1cccc([C@@]2(O)CCCC[C@@H]2CN(C)C)c1,1,COc1cccc([C@@]2(O)CCCC[C@@H]2CN(C)C)c1,TVYLLZQTGLZFBW-ZBFHGGJFSA-N
tranylcypromine,N[C@@H]1C[C@H]1c1ccccc1,0,N[C@@H]1C[C@H]1c1ccccc1,AELCINSCMGFISI-DTWKUNHWSA-N
trapidil,CCN(CC)c1cc(C)nc2ncnn12,0,CCN(CC)c1cc(C)nc2ncnn12,GSNOZLZNQMLSKJ-UHFFFAOYSA-N
trazodone,O=c1n(CCCN2CCN(c3cccc(Cl)c3)CC2)nc2ccccn12,1,O=c1n(CCCN2CCN(c3cccc(Cl)c3)CC2)nc2ccccn12,PHLBKPHSAVXXEF-UHFFFAOYSA-N
triazolam,Cc1nnc2n1-c1ccc(Cl)cc1C(c1ccccc1Cl)=NC2,1,Cc1nnc2n1-c1ccc(Cl)cc1C(c1ccccc1Cl)=NC2,JOFWLTCLBGQGBO-UHFFFAOYSA-N
trichloroethylene,ClC=C(Cl)Cl,1,ClC=C(Cl)Cl,XSTXAVWGXDQKEL-UHFFFAOYSA-N
trifluperidol,O=C(CCCN1CCC(O)(c2cccc(C(F)(F)F)c2)CC1)c1ccc(F)cc1,0,O=C(CCCN1CCC(O)(c2cccc(C(F)(F)F)c2)CC1)c1ccc(F)cc1,GPMXUUPHFNMNDH-UHFFFAOYSA-N
trimethadione,CN1C(=O)OC(C)(C)C1=O,1,CN1C(=O)OC(C)(C)C1=O,IRYJRGCIQBGHIV-UHFFFAOYSA-N
trimetrexate,COc1cc(NCc2ccc3nc(N)nc(N)c3c2C)cc(OC)c1OC,1,COc1cc(NCc2ccc3nc(N)nc(N)c3c2C)cc(OC)c1OC,NOYPYLRCIDNJJB-UHFFFAOYSA-N
trimipramine,C[C@H](CN(C)C)CN1c2ccccc2CCc2ccccc21,1,C[C@H](CN(C)C)CN1c2ccccc2CCc2ccccc21,ZSCDBOWYZJWBIY-MRXNPFEDSA-N
trimetazidine,COc1ccc(CN2CCNCC2)c(OC)c1OC,0,COc1ccc(CN2CCNCC2)c(OC)c1OC,UHWVSEOVJBQKBE-UHFFFAOYSA-N
trimethoprim,COc1cc(Cc2cnc(N)nc2N)cc(OC)c1OC,1,COc1cc(Cc2cnc(N)nc2N)cc(OC)c1OC,IEDVJHCEMCRBQM-UHFFFAOYSA-N
tripelennamine,CN(C)CCN(Cc1ccccc1)c1ccccn1,0,CN(C)CCN(Cc1ccccc1)c1ccccn1,UFLGIAIHIAPJJC-UHFFFAOYSA-N
triprolidine,Cc1ccc(/C(=C/CN2CCCC2)c2ccccn2)cc1,0,Cc1ccc(/C(=C/CN2CCCC2)c2ccccn2)cc1,CBEQULMOCCWAQT-WQRHYEAKSA-N
trofosfamide,O=[P@@]1(N(CCCl)CCCl)OCCCN1CCCl,1,O=[P@@]1(N(CCCl)CCCl)OCCCN1CCCl,UMKFEPPTGMDVMI-QGZVFWFLSA-N
troglitazone,Cc1c(C)c2c(c(C)c1O)CC[C@](C)(COc1ccc(C[C@@H]3SC(=O)NC3=O)cc1)O2,1,Cc1c(C)c2c(c(C)c1O)CC[C@](C)(COc1ccc(Cc3sc(=O)[nH]c3O)cc1)O2,BJWJSFCBOIUATF-XMMPIXPASA-N
troleandomycin,CO[C@H]1C[C@H](O[C@@H]2[C@@H](C)C(=O)O[C@H](C)[C@H](C)[C@H](OC(C)=O)[C@@H](C)C(=O)[C@@]3(CO3)C[C@H](C)[C@H](O[C@@H]3O[C@H](C)C[C@H](N(C)C)[C@H]3OC(C)=O)[C@H]2C)O[C@@H](C)[C@@H]1OC(C)=O,1,CO[C@H]1C[C@H](O[C@@H]2C(C)C(=O)O[C@H](C)[C@H](C)[C@H](OC(C)=O)C(C)C(=O)[C@@]3(CO3)C[C@H](C)[C@H](O[C@@H]3O[C@H](C)C[C@H](N(C)C)[C@H]3OC(C)=O)[C@H]2C)O[C@@H](C)[C@@H]1OC(C)=O,LQCLVBQBTUVCEQ-RLYXQZPLSA-N
tropisetron,CN1[C@H]2CC[C@@H]1CC(OC(=O)c1c[nH]c3ccccc13)C2,1,CN1[C@@H]2CC[C@H]1CC(OC(=O)c1c[nH]c3ccccc13)C2,ZNRGQMMCGHDTEI-FUNVUKJBSA-N
valdecoxib,Cc1onc(-c2ccccc2)c1-c1ccc(S(N)(=O)=O)cc1,1,Cc1onc(-c2ccccc2)c1-c1ccc(S(N)(=O)=O)cc1,LNPDTQAFDNKSHK-UHFFFAOYSA-N
valproic-acid,CCCC(CCC)C(=O)O,0,CCCC(CCC)C(=O)O,NIJJYAXOARWZEE-UHFFFAOYSA-N
valsartan,CCCCC(=O)N(Cc1ccc(-c2ccccc2-c2nnn[nH]2)cc1)[C@H](C(=O)O)C(C)C,0,CCCCC(=O)N(Cc1ccc(-c2ccccc2-c2nn[nH]n2)cc1)C(C(=O)O)C(C)C,ACWBQPMHZXGDFX-UHFFFAOYSA-N
valspodar,C/C=C/C[C@@H](C)C(=O)[C@H]1C(=O)N[C@@H](C(C)C)C(=O)N(C)CC(=O)N(C)[C@@H](CC(C)C)C(=O)N[C@H](C(C)C)C(=O)N(C)[C@@H](CC(C)C)C(=O)N[C@@H](C)C(=O)N[C@H](C)C(=O)N(C)[C@@H](CC(C)C)C(=O)N(C)[C@@H](CC(C)C)C(=O)N(C)[C@@H](C(C)C)C(=O)N1C,1,C/C=C/CC(C)C(=O)C1C(=O)NC(C(C)C)C(=O)N(C)CC(=O)N(C)C(CC(C)C)C(=O)NC(C(C)C)C(=O)N(C)C(CC(C)C)C(=O)NC(C)C(=O)NC(C)C(=O)N(C)C(CC(C)C)C(=O)N(C)C(CC(C)C)C(=O)N(C)C(C(C)C)C(=O)N1C,YJDYDFNKCBANTM-CYYJNZCTSA-N
vanoxerine,Fc1ccc(C(OCCN2CCN(CCCc3ccccc3)CC2)c2ccc(F)cc2)cc1,1,Fc1ccc(C(OCCN2CCN(CCCc3ccccc3)CC2)c2ccc(F)cc2)cc1,NAUWTFJOPJWYOT-UHFFFAOYSA-N
venlafaxine,COc1ccc([C@H](CN(C)C)C2(O)CCCCC2)cc1,1,COc1ccc([C@H](CN(C)C)C2(O)CCCCC2)cc1,PNVNVHUZROJLTJ-INIZCTEOSA-N
verapamil,COc1ccc(CCN(C)CCC[C@@](C#N)(c2ccc(OC)c(OC)c2)C(C)C)cc1OC,1,COc1ccc(CCN(C)CCC[C@@](C#N)(c2ccc(OC)c(OC)c2)C(C)C)cc1OC,SGTNSNPWRIOYBX-MHZLTWQESA-N
vesnarinone,COc1ccc(C(=O)N2CCN(c3ccc4c(c3)CCC(=O)N4)CC2)cc1OC,1,COc1ccc(C(=O)N2CCN(c3ccc4c(c3)CCC(=O)N4)CC2)cc1OC,ZVNYJIZDIRKMBF-UHFFFAOYSA-N
vinblastine,CC[C@]1(O)C[C@H]2CN(CCc3c([nH]c4ccccc34)[C@@](C(=O)OC)(c3cc4c(cc3OC)N(C)[C@H]3[C@@](O)(C(=O)OC)[C@H](OC(C)=O)[C@]5(CC)C=CCN6CC[C@]43[C@@H]65)C2)C1,1,CC[C@]1(O)C[C@H]2CN(CCc3c([nH]c4ccccc34)[C@@](C(=O)OC)(c3cc4c(cc3OC)N(C)[C@H]3[C@@](O)(C(=O)OC)[C@H](OC(C)=O)[C@]5(CC)C=CCN6CC[C@]43[C@@H]65)C2)C1,JXLYSJRDGCGARV-XQKSVPLYSA-N
vincristine,CC[C@]1(O)C[C@H]2CN(CCc3c([nH]c4ccccc34)[C@@](C(=O)OC)(c3cc4c(cc3OC)N(C=O)[C@H]3[C@@](O)(C(=O)OC)[C@H](OC(C)=O)[C@]5(CC)C=CCN6CC[C@]43[C@@H]65)C2)C1,1,CC[C@]1(O)C[C@H]2CN(CCc3c([nH]c4ccccc34)[C@@](C(=O)OC)(c3cc4c(cc3OC)N(C=O)[C@H]3[C@@](O)(C(=O)OC)[C@H](OC(C)=O)[C@]5(CC)C=CCN6CC[C@]43[C@@H]65)C2)C1,OGWKCGZFUXNPDA-XQKSVPLYSA-N
vindesine,CC[C@]1(O)C[C@H]2CN(CCc3c([nH]c4ccccc34)[C@@](C(=O)OC)(c3cc4c(cc3OC)N(C)[C@H]3[C@@](O)(C(N)=O)[C@H](O)[C@]5(CC)C=CCN6CC[C@]43[C@@H]65)C2)C1,1,CC[C@]1(O)C[C@H]2CN(CCc3c([nH]c4ccccc34)[C@@](C(=O)OC)(c3cc4c(cc3OC)N(C)[C@H]3[C@@](O)(C(N)=O)[C@H](O)[C@]5(CC)C=CCN6CC[C@]43[C@@H]65)C2)C1,HHJUWIANJFBDHT-KOTLKJBCSA-N
vinorelbine,CCC1=C[C@@H]2CN(C1)Cc1c([nH]c3ccccc13)[C@@](C(=O)OC)(c1cc3c(cc1OC)N(C)[C@H]1[C@@](O)(C(=O)OC)[C@H](OC(C)=O)[C@]4(CC)C=CCN5CC[C@]31[C@@H]54)C2,1,CCC1=C[C@@H]2CN(C1)Cc1c([nH]c3ccccc13)[C@@](C(=O)OC)(c1cc3c(cc1OC)N(C)[C@H]1[C@@](O)(C(=O)OC)[C@H](OC(C)=O)[C@]4(CC)C=CCN5CC[C@]31[C@@H]54)C2,GBABOYUKABKIAF-IELIFDKJSA-N
voriconazole,C[C@@H](c1ncncc1F)[C@](O)(Cn1cncn1)c1ccc(F)cc1F,1,CC(c1ncncc1F)[C@](O)(Cn1cncn1)c1ccc(F)cc1F,BCEHBSKCWLPMDN-YRQZNCJOSA-N
vorozole,Cn1nnc2ccc([C@H](c3ccc(Cl)cc3)n3cncn3)cc21,0,Cn1nnc2ccc([C@H](c3ccc(Cl)cc3)n3cncn3)cc21,XLMPPFTZALNBFS-INIZCTEOSA-N
S-(-)-warfarin,CC(=O)C[C@@H](c1ccccc1)c1c(O)c2ccccc2oc1=O,1,CC(=O)C[C@@H](c1ccccc1)c1c(O)c2ccccc2oc1=O,PJVWKTKQMONHTI-HNNXBMFYSA-N
yohimbine,COC(=O)[C@H]1[C@@H](O)CC[C@H]2CN3CCc4c([nH]c5ccccc45)[C@@H]3C[C@@H]21,1,COC(=O)C1[C@H]2C[C@H]3c4[nH]c5ccccc5c4CCN3C[C@@H]2CC[C@@H]1O,BLGXFZZNTVWLAY-AMZRAFDVSA-N
zafirlukast,COc1cc(C(=O)NS(=O)(=O)c2ccccc2C)ccc1Cc1cn(C)c2ccc(NC(=O)OC3CCCC3)cc12,0,COc1cc(C(=O)NS(=O)(=O)c2ccccc2C)ccc1Cc1cn(C)c2ccc(NC(=O)OC3CCCC3)cc12,YEEZWCHGZNKEEK-UHFFFAOYSA-N
zaltoprofen,C[C@@H](C(=O)O)c1ccc2c(c1)CC(=O)c1ccccc1S2,0,CC(C(=O)O)c1ccc2c(c1)CC(=O)c1ccccc1S2,MUXFZBHBYYYLTH-UHFFFAOYSA-N
zatosetron,CN1[C@H]2CC[C@@H]1CC(NC(=O)c1cc(Cl)cc3c1OC(C)(C)C3)C2,1,CN1[C@@H]2CC[C@H]1CC(NC(=O)c1cc(Cl)cc3c1OC(C)(C)C3)C2,SPKBYQZELVEOLL-GOOCMWNKSA-N
zileuton,C[C@@H](c1cc2ccccc2s1)N(O)C(N)=O,1,C[C@@H](c1cc2ccccc2s1)N(O)C(N)=O,MWLSOWXNZPKENC-ZETCQYMHSA-N
ziprasidone,O=C1Cc2cc(CCN3CCN(c4nsc5ccccc45)CC3)c(Cl)cc2N1,1,Oc1cc2cc(CCN3CCN(c4nsc5ccccc45)CC3)c(Cl)cc2[nH]1,CARRCRVKWDEWCD-UHFFFAOYSA-N
zolmitriptan,CN(C)CCc1c[nH]c2ccc(C[C@H]3COC(=O)N3)cc12,0,CN(C)CCc1c[nH]c2ccc(C[C@H]3COC(=O)N3)cc12,ULSDMUVEXKOYBU-ZDUSSCGKSA-N
zolpidem,Cc1ccc(-c2nc3ccc(C)cn3c2CC(=O)N(C)C)cc1,1,Cc1ccc(-c2nc3ccc(C)cn3c2CC(=O)N(C)C)cc1,ZAFYATHCZYHLPB-UHFFFAOYSA-N
zonisamide,NS(=O)(=O)Cc1noc2ccccc12,1,NS(=O)(=O)Cc1noc2ccccc12,UBQNRHZMVUUOMG-UHFFFAOYSA-N
zopiclone,CN1CCN(C(=O)O[C@H]2c3nccnc3C(=O)N2c2ccc(Cl)cn2)CC1,1,CN1CCN(C(=O)O[C@H]2c3nccnc3C(=O)N2c2ccc(Cl)cn2)CC1,GBBSUAFBMRNDJC-INIZCTEOSA-N
zotepine,CN(C)CCOC1=Cc2ccccc2Sc2ccc(Cl)cc21,1,CN(C)CCOC1=Cc2ccccc2Sc2ccc(Cl)cc21,HDOZVRUNCMBHFH-UHFFFAOYSA-N
zoxazolamin,Nc1nc2cc(Cl)ccc2o1,0,Nc1nc2cc(Cl)ccc2o1,YGCODSQDUUUKIV-UHFFFAOYSA-N
