CANONICAL_SMILES,INCHIKEY,common_name,dataset,active,action_type
COc1ccc(/C=C/c2cc(OC)cc(=O)o2)cc1,XLHIYUYCSMZCCC-VMPITWQZSA-N,YANGONIN,ChEMBL_curated,True,agonist
O=c1ccc2ccc(O)cc2o1,ORHBXUUXSCNDEV-UHFFFAOYSA-N,UMBELLIFERONE,ChEMBL_curated,True,agonist
COc1ccc2[nH]c(SCc3ncc(C)c(OC)c3C)nc2c1,XURCIPRUUASYLR-UHFFFAOYSA-N,UFIPRAZOLE,ChEMBL_curated,True,agonist
COc1ccc(/C=C/c2cc(OC)cc(OC)c2)cc1,GDHNBPHYVRHYCC-SNAWJCMRSA-N,TRISMETHOXYRESVERATROL,ChEMBL_curated,True,agonist
O=P(OCC(Br)CBr)(OCC(Br)CBr)OCC(Br)CBr,PQYJRMFWJJONBO-UHFFFAOYSA-N,"TRIS(2,3-DIBROMOPROPYL)PHOSPHATE",ChEMBL_curated,True,agonist
CO/N=C(/C(=O)OC)c1ccccc1CO/N=C(\C)c1cccc(C(F)(F)F)c1,ONCZDRURRATYFI-TVJDWZFNSA-N,TRIFLOXYSTROBIN,ChEMBL_curated,True,agonist
Oc1cc(Cl)ccc1Oc1ccc(Cl)cc1Cl,XEFQLINVKFYRCS-UHFFFAOYSA-N,TRICLOSAN,ChEMBL_curated,True,agonist
O=C(Nc1ccc(Cl)cc1)Nc1ccc(Cl)c(Cl)c1,ICUTUKXCWQYESQ-UHFFFAOYSA-N,TRICLOCARBAN,ChEMBL_curated,True,agonist
CCOP(=S)(OCC)Oc1ncn(-c2ccccc2)n1,AMFGTOFWMRQMEM-UHFFFAOYSA-N,TRIAZOPHOS,ChEMBL_curated,True,agonist
CC(C)(C)C(=O)C(Oc1ccc(Cl)cc1)n1cncn1,WURBVZBTWMNKQT-UHFFFAOYSA-N,TRIADIMEFON,ChEMBL_curated,True,agonist
O=C(O)c1cc(=O)c2ccccc2[nH]1,HCZHHEIFKROPDY-UHFFFAOYSA-N,TRANSTORINE,ChEMBL_curated,True,agonist
Cc1ccc(N=C=O)cc1N=C=O,DVKJHBMWWAPEIU-UHFFFAOYSA-N,TOLUENE DIISOCYANATE,ChEMBL_curated,True,agonist
COP(=S)(OC)Oc1c(Cl)cc(C)cc1Cl,OBZIQQJJIKNWNO-UHFFFAOYSA-N,TOLCOFOS-METHYL,ChEMBL_curated,True,agonist
O=C(Nc1ccccc1)Nc1cnns1,HFCYZXMHUIHAQI-UHFFFAOYSA-N,THIDIAZURON,ChEMBL_curated,True,agonist
c1ccc2[nH]c(-c3cscn3)nc2c1,WJCNZQLZVWNLKY-UHFFFAOYSA-N,THIABENDAZOLE,ChEMBL_curated,True,agonist
CC(C)c1c(O)cc(/C=C/c2ccccc2)cc1O,ZISJNXNHJRQYJO-CMDGGOBGSA-N,TAPINAROF,ChEMBL_curated,True,agonist
CCNc1nc(NCC)nc(SC)n1,MGLWZSOBALDPEK-UHFFFAOYSA-N,SIMETRYN,ChEMBL_curated,True,agonist
O=C(Nc1ccccc1)c1ccccc1O,WKEDVNSFRWHDNR-UHFFFAOYSA-N,SALICYLANILIDE,ChEMBL_curated,True,agonist
CCS(=O)(=O)c1cccnc1S(=O)(=O)NC(=O)Nc1nc(OC)cc(OC)n1,MEFOUWRMVYJCQC-UHFFFAOYSA-N,RIMSULFURON,ChEMBL_curated,True,agonist
Oc1ccc(C=Cc2cc(O)cc(O)c2)cc1,LUKBXSAWLPMMSZ-UHFFFAOYSA-N,RESVERATROL,ChEMBL_curated,True,agonist
CCOP(=S)(OCC)Oc1cnc2ccccc2n1,JYQUHIFYBATCCY-UHFFFAOYSA-N,QUINALPHOS,ChEMBL_curated,True,agonist
Nc1ccccc1O,CDAWCLOXVUBKRW-UHFFFAOYSA-N,QUESTIOMYCIN B,ChEMBL_curated,True,agonist
CC(COc1ccc(Oc2ccccc2)cc1)Oc1ccccn1,NHDHVHZZCFYRSB-UHFFFAOYSA-N,PYRIPROXYFEN,ChEMBL_curated,True,agonist
CCOC(=O)COc1cc(-c2nn(C)c(OC(F)F)c2Cl)c(F)cc1Cl,APTZNLHMIGJTEW-UHFFFAOYSA-N,PYRAFLUFEN-ETHYL,ChEMBL_curated,True,agonist
CCCOC(=O)c1ccc(O)cc1,QELSKZZBTMNZEB-UHFFFAOYSA-N,PROPYLPARABEN,ChEMBL_curated,True,agonist
CCCC1COC(Cn2cncn2)(c2ccc(Cl)cc2Cl)O1,STJLVHWMYQXCPB-UHFFFAOYSA-N,PROPICONAZOLE,ChEMBL_curated,True,agonist
CCNP(=S)(OC)O/C(C)=C/C(=O)OC(C)C,BZNDWPRGXNILMS-VQHVLOKHSA-N,PROPETAMPHOS,ChEMBL_curated,True,agonist
CCCN(CCOc1c(Cl)cc(Cl)cc1Cl)C(=O)n1ccnc1,TVLSRXXIMLFWEO-UHFFFAOYSA-N,PROCHLORAZ,ChEMBL_curated,True,agonist
Clc1ccc(-c2cc(Cl)c(Cl)c(Cl)c2)cc1Cl,REHONNLQRWTIFF-UHFFFAOYSA-N,POLYCHLORINATED BIPHENYL 126,ChEMBL_curated,True,agonist
O=C(/C=C/C=C/c1ccc2c(c1)OCO2)N1CCCCC1,MXXWOMGUGJBKIW-YPCIICBESA-N,PIPERINE,ChEMBL_curated,True,agonist
CCOP(=S)(OCC)SCn1c(=O)oc2cc(Cl)ccc21,IOUNQDKNJZEDEP-UHFFFAOYSA-N,PHOSALONE,ChEMBL_curated,True,agonist
O=C1OC(c2ccc(O)cc2)(c2ccc(O)cc2)c2ccccc21,KJFMBFZCATUALV-UHFFFAOYSA-N,PHENOLPHTHALEIN,ChEMBL_curated,True,agonist
COC(=O)Nc1cccc(OC(=O)Nc2cccc(C)c2)c1,IDOWTHOLJBTAFI-UHFFFAOYSA-N,PHENMEDIPHAM,ChEMBL_curated,True,agonist
Nc1ccc(N=Nc2ccccc2)c(N)n1,QPFYXYFORQJZEC-UHFFFAOYSA-N,PHENAZOPYRIDINE HYDROCHLORIDE,ChEMBL_curated,True,agonist
CC1(C)C(C=C(Cl)Cl)C1C(=O)OCc1cccc(Oc2ccccc2)c1,RLLPVAHGXHCWKJ-UHFFFAOYSA-N,PERMETHRIN,ChEMBL_curated,True,agonist
Oc1c(Cl)c(Cl)c(Cl)c(Cl)c1Cl,IZUPBVBPLAPZRR-UHFFFAOYSA-N,PENTACHLOROPHENOL,ChEMBL_curated,True,agonist
O=C1C=C2C(=CCOC2O)O1,ZRWPUFFVAOMMNM-UHFFFAOYSA-N,PATULIN,ChEMBL_curated,True,agonist
CCOP(=S)(OCC)Oc1ccc([N+](=O)[O-])cc1,LCCNCVORNKJIRZ-UHFFFAOYSA-N,PARATHION,ChEMBL_curated,True,agonist
Cc1ccc(S(N)(=O)=O)cc1,LMYRWZFENFIFIT-UHFFFAOYSA-N,P-TOLUENESULFONAMIDE,ChEMBL_curated,True,agonist
CN1CC[C@]23c4c5ccc(O)c4OC2C(=O)CC[C@@]3(O)[C@H]1C5,UQCNKQCJZOAFTQ-VSYOVCOZSA-N,OXYMORPHONE,ChEMBL_curated,True,agonist
COc1ccc2c3c1OC1C(=O)CC[C@@]4(O)[C@@H](C2)N(C)CC[C@]314,BRUQQQPBMZOVGD-FSFXSCMFSA-N,OXYCODONE,ChEMBL_curated,True,agonist
NC(Cc1c[nH]c2ccc(O)cc12)C(=O)O,LDCYZAJDBXYCGN-UHFFFAOYSA-N,OXITRIPTAN,ChEMBL_curated,True,agonist
COc1ccc2[nH]c([S+]([O-])Cc3ncc(C)c(OC)c3C)nc2c1,SUBDBMMJDZJVOS-UHFFFAOYSA-N,OMEPRAZOLE,ChEMBL_curated,True,agonist
CNc1cnn(-c2cccc(C(F)(F)F)c2)c(=O)c1Cl,NVGOPFQZYCNLDU-UHFFFAOYSA-N,NORFLURAZONE,ChEMBL_curated,True,agonist
CC(=O)Oc1ccccc1C(=O)Nc1ncc([N+](=O)[O-])s1,YQNQNVDNTFHQSW-UHFFFAOYSA-N,NITAZOXANIDE,ChEMBL_curated,True,agonist
O=C(Nc1ccc([N+](=O)[O-])cc1Cl)c1cc(Cl)ccc1O,RJMUSRYZPJIFPJ-UHFFFAOYSA-N,NICLOSAMIDE,ChEMBL_curated,True,agonist
Cn1c(O)c(Cc2c[nH]c3ccccc23)[nH]c1=S,BPUNDQLKPUIGBR-UHFFFAOYSA-N,NECROSTATIN,ChEMBL_curated,True,agonist
O[C@H](C[C@H]1c2c(F)cccc2-c2cncn21)[C@H]1CC[C@H](O)CC1,YGACXVRLDHEXKY-WXRXAMBDSA-N,NAVOXIMOD,ChEMBL_curated,True,agonist
Nc1ccc2ccccc2c1,JBIJLHTVPXGSAM-UHFFFAOYSA-N,NAPHTHYLAMINE,ChEMBL_curated,True,agonist
O=C1C=CC(=O)c2ccccc21,FRASJONUBLZVQX-UHFFFAOYSA-N,NAPHTHOQUINONE,ChEMBL_curated,True,agonist
c1ccc(Nc2ccc(Nc3ccccc3)cc2)cc1,UTGQNNCQYDRXCH-UHFFFAOYSA-N,"N,N'-DIPHENYL-P-PHENYLENEDIAMINE",ChEMBL_curated,True,agonist
CCCCC(C#N)(Cn1cncn1)c1ccc(Cl)cc1,HZJKXKUJVSEEFU-UHFFFAOYSA-N,MYCLOBUTANIL,ChEMBL_curated,True,agonist
CN(C)c1ccc(C(=O)c2ccc(N(C)C)cc2)cc1,VVBLNCFGVYUYGU-UHFFFAOYSA-N,MICHLER'S KETONE,ChEMBL_curated,True,agonist
CNC(=O)N(C)c1nc2ccccc2s1,RRVIAQKBTUQODI-UHFFFAOYSA-N,METHABENZTHIAZURON,ChEMBL_curated,True,agonist
Cc1ccccc1C(=O)Nc1cccc(OC(C)C)c1,BCTQJXQXJVLSIG-UHFFFAOYSA-N,MEPRONIL,ChEMBL_curated,True,agonist
NC(Cc1cc(I)c(Oc2ccc(O)c(I)c2)c(I)c1)C(=O)O,AUYYCJSJGJYCDS-UHFFFAOYSA-N,LIOTHYRONINE,ChEMBL_curated,True,agonist
CON(C)C(=O)Nc1ccc(Cl)c(Cl)c1,XKJMBINCVNINCA-UHFFFAOYSA-N,LINURON,ChEMBL_curated,True,agonist
NC(Cc1cc(I)c(Oc2cc(I)c(O)c(I)c2)c(I)c1)C(=O)O,XUIIKFGFIJCVMT-UHFFFAOYSA-N,LEVOTHYROXINE,ChEMBL_curated,True,agonist
Nc1ccccc1C(=O)CC(N)C(=O)O,YGPSJZOEDVAXAB-UHFFFAOYSA-N,L-KYNURENINE,ChEMBL_curated,True,agonist
CC(=O)N1CCN(c2ccc(OCC3COC(Cn4ccnc4)(c4ccc(Cl)cc4Cl)O3)cc2)CC1,XMAYWYJOQHXEEK-UHFFFAOYSA-N,KETOCONAZOLE,ChEMBL_curated,True,agonist
O=C1C2(Cl)C3(Cl)C4(Cl)C(Cl)(Cl)C5(Cl)C3(Cl)C1(Cl)C5(Cl)C24Cl,LHHGDZSESBACKH-UHFFFAOYSA-N,KEPONE,ChEMBL_curated,True,agonist
O=c1c(O)c(-c2ccc(O)cc2)oc2cc(O)cc(O)c12,IYRMWMYZSQPJKC-UHFFFAOYSA-N,KAEMPFEROL,ChEMBL_curated,True,agonist
IC(I)I,OKJPEAGHQZHRQV-UHFFFAOYSA-N,IODOFORM,ChEMBL_curated,True,agonist
O=C1N=c2ccccc2=C1c1[nH]c2ccccc2c1O,VYUIAGTXCYOIMK-UHFFFAOYSA-N,INDIRUBIN,ChEMBL_curated,True,agonist
O=C1C(c2[nH]c3ccccc3c2O)=Nc2ccccc21,QQILFGKZUJYXGS-UHFFFAOYSA-N,INDIGO,ChEMBL_curated,True,agonist
Oc1ccc(O)cc1,QIGBRXMKCJKVMJ-UHFFFAOYSA-N,HYDROQUINONE,ChEMBL_curated,True,agonist
Cc1cc(CC(NC(=O)N2CCC3(CC2)OC(=O)Nc2ncccc23)C(=O)NC(CC2CCNCC2)C(=O)N2CCN(c3ccncc3)CC2)cc2c[nH]nc12,LIPVCPUZWNTQHV-UHFFFAOYSA-N,HTL-0022562,ChEMBL_curated,True,agonist
COc1ccc2ccc(=O)oc2c1,LIIALPBMIOVAHH-UHFFFAOYSA-N,HERNIARIN,ChEMBL_curated,True,agonist
CNC(=O)c1cc(C(=O)NC2CC2)cn(Cc2ccccc2)c1=O,QZZCUOVXHPAQRQ-UHFFFAOYSA-N,GSK620,ChEMBL_curated,True,agonist
CC(=O)Nc1c(F)cc(C(=O)N[C@H]2CC[C@H](O)CC2)cc1O[C@@H](C)c1ccccc1,FRBRZGLUFOZRGD-JVPBZIDWSA-N,GSK046,ChEMBL_curated,True,agonist
C=CC(C)(C)c1c(O)c(CC=C(C)C)c(O)c2c(=O)c3ccc(O)c(O)c3oc12,SHKQTNVZRNUENO-UHFFFAOYSA-N,GERONTOXANTHONE I,ChEMBL_curated,True,agonist
CC(C)=CCc1c(O)cc(O)c2c(=O)c3c(C=CC(C)C)c(O)ccc3oc12,ZQJHMIGRHDIUQG-UHFFFAOYSA-N,GERONTOXANTHONE H,ChEMBL_curated,True,agonist
C=CC(C)(C)c1c(O)cc2oc3c(O)c4c(cc3c(=O)c2c1O)C=CC(C)(C)O4,LGFMLQQVQWNWFN-UHFFFAOYSA-N,GERONTOXANTHONE B,ChEMBL_curated,True,agonist
CC1Oc2cc3oc4c(O)c5c(cc4c(=O)c3c(O)c2C1(C)C)C=CC(C)(C)O5,YNHZDINWEJCMRF-UHFFFAOYSA-N,GERONTOXANTHONE A,ChEMBL_curated,True,agonist
O=c1c(-c2ccc(O)cc2)coc2cc(O)cc(O)c12,TZBJGXHYKVUXJN-UHFFFAOYSA-N,GENISTEIN,ChEMBL_curated,True,agonist
N#Cc1c[nH]cc1-c1cccc2c1OC(F)(F)O2,MUJOIMFVNIBMKC-UHFFFAOYSA-N,FLUDIOXONIL,ChEMBL_curated,True,agonist
O=[N+]([O-])c1cc(C(F)(F)F)c(Cl)c([N+](=O)[O-])c1Nc1ncc(C(F)(F)F)cc1Cl,UZCGKGPEKUCDTF-UHFFFAOYSA-N,FLUAZINAM,ChEMBL_curated,True,agonist
O=c1cc(-c2ccccc2)oc2ccccc12,VHBFFQKBGNRLFZ-UHFFFAOYSA-N,FLAVONE,ChEMBL_curated,True,agonist
COP(=S)(OC)Oc1ccc(SC)c(C)c1,PNVJTZOFSHSLTO-UHFFFAOYSA-N,FENTHION,ChEMBL_curated,True,agonist
Cc1nn(C)c(Oc2ccccc2)c1/C=N/OCc1ccc(C(=O)OC(C)(C)C)cc1,YYJNOYZRYGDPNH-MFKUBSTISA-N,FENPYROXYMATE,ChEMBL_curated,True,agonist
CCS(=O)(=O)c1ccc2oc(-c3ccc4ccccc4c3)nc2c1,KSGCNXAZROJSNW-UHFFFAOYSA-N,EZUTROMID,ChEMBL_curated,True,agonist
CCOc1ccc2ccc(=O)oc2c1,LIFAQMGORKPVDH-UHFFFAOYSA-N,ETHOXYCOUMARIN,ChEMBL_curated,True,agonist
Cc1cc(O)c2c(c1)C(=O)c1cc(O)cc(O)c1C2=O,RHMXXJGYXNZAPX-UHFFFAOYSA-N,EMODIN,ChEMBL_curated,True,agonist
Clc1ccc(COC(Cn2ccnc2)c2ccc(Cl)cc2Cl)cc1,LEZWWPYKPKIXLL-UHFFFAOYSA-N,ECONAZOLE NITRATE,ChEMBL_curated,True,agonist
CC(C)(C)c1cc(O)ccc1O,BGNXCDMCOKJUMV-UHFFFAOYSA-N,E319,ChEMBL_curated,True,agonist
O=C1C(Cl)=C(Cl)C(=O)c2ccccc21,SVPKNMBRVBMTLB-UHFFFAOYSA-N,Dichlon,ChEMBL_curated,True,agonist
COc1cccc2c(O)c3c(c(O)c12)C(=O)C1=C(C[C@@](O)(C(=O)CO)C[C@@H]1O[C@H]1C[C@H](N)[C@H](O)[C@H](C)O1)C3=O,XZTGINNGSQCYPR-TZSSRYMLSA-N,DOXORUBICIN HYDROCHLORIDE,ChEMBL_curated,True,agonist
CCN(CC)C(=S)SSC(=S)N(CC)CC,AUZONCFQVSMFAP-UHFFFAOYSA-N,DISULFIRAM,ChEMBL_curated,True,agonist
O=C(Nc1ccccc1)Nc1ccccc1,GWEHVDNNLFDJLR-UHFFFAOYSA-N,DIPHENYLUREA,ChEMBL_curated,True,agonist
CN(C)c1ccc(/N=N/c2ccccc2)cc1,JCYPECIVGRXBMO-FOCLMDBBSA-N,DIMETHYL YELLOW,ChEMBL_curated,True,agonist
O=C(NC(=O)c1c(F)cccc1F)Nc1ccc(Cl)cc1,QQQYTWIFVNKMRW-UHFFFAOYSA-N,DIFLUBENZURON,ChEMBL_curated,True,agonist
c1ccc2c(c1)ccc1cc3c(ccc4ccccc43)cc12,LHRCREOYAASXPZ-UHFFFAOYSA-N,"DIBENZ[A,H]ANTHRACENE",ChEMBL_curated,True,agonist
c1ccc2c(c1)oc1ccccc12,TXCDCPKCNAJMEE-UHFFFAOYSA-N,DIBENZOFURAN,ChEMBL_curated,True,agonist
COc1cc(/C=C/c2ccccc2)oc(=O)c1,DKKJNZYHGRUXBS-BQYQJAHWSA-N,DESMETHOXYYANGONIN,ChEMBL_curated,True,agonist
CCOC(=O)Nc1cccc(OC(=O)Nc2ccccc2)c1,WZJZMXBKUWKXTQ-UHFFFAOYSA-N,DESMEDIPHAM,ChEMBL_curated,True,agonist
O=[N+]([O-])Nc1nccn1Cc1ccc(Cl)nc1,TYLCDJYHUVCRBH-UHFFFAOYSA-N,DEHYDROIMIDACLOPRID,ChEMBL_curated,True,agonist
CN(C)C(=O)Nc1ccc(Cl)c(Cl)c1,XMTQQYYKAHVGBJ-UHFFFAOYSA-N,DCMU,ChEMBL_curated,True,agonist
COc1cccc2c(O)c3c(c(O)c12)C(=O)C1=C(C[C@@](O)(C(C)=O)C[C@@H]1O[C@H]1C[C@H](N)[C@H](O)[C@H](C)O1)C3=O,YSTRWQVEZGVBLR-VGBVRHCVSA-N,DAUNORUBICIN HYDROCHLORIDE,ChEMBL_curated,True,agonist
O=c1c(-c2ccc(O)cc2)coc2cc(O)ccc12,ZQSIJRDFPHDXIC-UHFFFAOYSA-N,DAIDZEIN,ChEMBL_curated,True,agonist
Cc1cc(C2CC2)nc(Nc2ccccc2)n1,HAORKNGNJCEJBX-UHFFFAOYSA-N,CYPRODINIL,ChEMBL_curated,True,agonist
CCSC(=O)N(CC)C1CCCCC1,DFCAFRGABIXSDS-UHFFFAOYSA-N,CYCLOATE,ChEMBL_curated,True,agonist
O=c1oc2cc(O)ccc2c2oc3cc(O)ccc3c12,ZZIALNLLNHEQPJ-UHFFFAOYSA-N,COUMESTROL,ChEMBL_curated,True,agonist
CCOP(=S)(OCC)Oc1ccc2c(C)c(Cl)c(=O)oc2c1,BXNANOICGRISHX-UHFFFAOYSA-N,COUMAPHOS,ChEMBL_curated,True,agonist
C=C[C@@]1(C)CC(=O)[C@]2(O)[C@@]3(C)[C@@H](O)CCC(C)(C)[C@@H]3[C@H](O)[C@H](OC(C)=O)[C@@]2(C)O1,OHCQJHSOBUTRHG-KGGHGJDLSA-N,COLFORSIN,ChEMBL_curated,True,agonist
Oc1c(I)cc(Cl)c2cccnc12,QCDFBFJGMNKBDO-UHFFFAOYSA-N,CLIOQUINOL,ChEMBL_curated,True,agonist
CC(C)(Oc1ccc(C2CC2(Cl)Cl)cc1)C(=O)O,KPSRODZRAIWAKH-UHFFFAOYSA-N,CIPROFIBRATE,ChEMBL_curated,True,agonist
CC1(COc2ccc(Cc3sc(=O)[nH]c3O)cc2)CCCCC1,YNQLJZYIOAPXMU-UHFFFAOYSA-N,CIGLITAZONE,ChEMBL_curated,True,agonist
O=c1cc(-c2ccccc2)oc2cc(O)cc(O)c12,RTIXKCRFFJGDFG-UHFFFAOYSA-N,CHRYSIN,ChEMBL_curated,True,agonist
c1ccc2c(c1)ccc1c3ccccc3ccc21,WDECIBYCCFPHNR-UHFFFAOYSA-N,CHRYSENE,ChEMBL_curated,True,agonist
CCOP(=S)(OCC)Oc1nc(Cl)c(Cl)cc1Cl,SBPBAQFWLVIOKP-UHFFFAOYSA-N,CHLORPYRIFOS,ChEMBL_curated,True,agonist
CC(C)OC(=O)Nc1cccc(Cl)c1,CWJSHJJYOPWUGX-UHFFFAOYSA-N,CHLORPROPHAM,ChEMBL_curated,True,agonist
N#Cc1c(Cl)c(Cl)c(Cl)c(C#N)c1Cl,CRQQGFGUEAVUIL-UHFFFAOYSA-N,CHLOROTHALONIL,ChEMBL_curated,True,agonist
CC1=C(C(=O)Nc2ccccc2)SCCO1,GYSSRZJIHXQEHQ-UHFFFAOYSA-N,CARBOXIN,ChEMBL_curated,True,agonist
COC(=O)Nc1nc2ccccc2[nH]1,TWFZGCMQGLPBSX-UHFFFAOYSA-N,CARBENDAZIM,ChEMBL_curated,True,agonist
CNC(=O)Oc1cccc2ccccc12,CVXBEEMKQHEXEN-UHFFFAOYSA-N,CARBARIL,ChEMBL_curated,True,agonist
COc1cc(/C=C/C(=O)O)ccc1OCC=C(C)C,DFEYQZMFSVQTGR-FNORWQNLSA-N,BOROPINIC ACID,ChEMBL_curated,True,agonist
CC(=O)Oc1ccc(C(c2ccc(OC(C)=O)cc2)c2ccccn2)cc1,KHOITXIGCFIULA-UHFFFAOYSA-N,BISACODYL,ChEMBL_curated,True,agonist
COc1ccc(-c2ccccc2)cc1NNC(=O)OC(C)C,VHLKTXFWDRXILV-UHFFFAOYSA-N,BIFENAZATE,ChEMBL_curated,True,agonist
O=c1cc(-c2ccccc2)oc2ccc3ccccc3c12,OUGIDAPQYNCXRA-UHFFFAOYSA-N,BETA-NAPHTHOFLAVONE,ChEMBL_curated,True,agonist
c1ccc2c(c1)cc1ccc3cccc4ccc2c1c34,FMMWHPNWAFZXNH-UHFFFAOYSA-N,BENZO[DEF]CHRYSENE,ChEMBL_curated,True,agonist
c1ccc2c(c1)-c1cccc3c1c-2cc1ccccc13,FTOVXSOBNPWTSH-UHFFFAOYSA-N,BENZO[B]FLUORANTHENE,ChEMBL_curated,True,agonist
N#Cc1ccccc1,JFDZBHWFFUWGJE-UHFFFAOYSA-N,BENZONITRILE,ChEMBL_curated,True,agonist
c1ccc2occc2c1,IANQTJSKSUMEQM-UHFFFAOYSA-N,BENZOFURAN,ChEMBL_curated,True,agonist
c1ccc2cc3c(cc2c1)-c1cccc2cccc-3c12,HAXBIWFMXWRORI-UHFFFAOYSA-N,BENZO(K)FLUORANTHENE,ChEMBL_curated,True,agonist
CC(C)N1C(=O)c2ccccc2NS1(=O)=O,ZOMSMJKLGFBRBS-UHFFFAOYSA-N,BENTAZON,ChEMBL_curated,True,agonist
COP(=O)(OC)SCn1c(=O)oc2cc(Cl)cnc21,VNKBTWQZTQIWDV-UHFFFAOYSA-N,AZAMETHIPHOS,ChEMBL_curated,True,agonist
CC(C)=CCC/C(C)=C/COc1ccc2ccc(=O)oc2c1,RSDDHGSKLOSQFK-RVDMUPIBSA-N,AURAPTENE,ChEMBL_curated,True,agonist
c1ccc2c(Cc3c[nH]c4ccccc34)c[nH]c2c1,VFTRKSBEFQDZKX-UHFFFAOYSA-N,ARUNDINE,ChEMBL_curated,True,agonist
O=c1cc(-c2ccc(O)cc2)oc2cc(O)cc(O)c12,KZNIFHPLKGYRTM-UHFFFAOYSA-N,APIGENIN,ChEMBL_curated,True,agonist
Cc1ccc(/N=C/N(C)/C=N/c2ccc(C)cc2C)c(C)c1,QXAITBQSYVNQDR-ZIOPAAQOSA-N,AMITRAZ,ChEMBL_curated,True,agonist
CNC(=O)O/N=C/C(C)(C)SC,QGLZXHRNAYXIBU-WEVVVXLNSA-N,ALDICARB,ChEMBL_curated,True,agonist
COc1ccc(/C=C\c2cc(OC)cc(OC)c2)cc1,GDHNBPHYVRHYCC-PLNGDYQASA-N,"8Z-3,4',5-TRIMETHOXYSTILBENE",ChEMBL_curated,True,agonist
CCCOc1ccc2ccc(=O)oc2c1,FCCCOTWGEKNZMI-UHFFFAOYSA-N,7-PROPOXYCOUMARIN,ChEMBL_curated,True,agonist
CC(C)=CCOc1ccc2ccc(=O)oc2c1,SMHJTSOVVRGDEO-UHFFFAOYSA-N,7-PRENYLOXYCOUMARIN,ChEMBL_curated,True,agonist
O=c1ccc2ccc(OCc3ccccc3)cc2o1,QDLFCBKKECTJSK-UHFFFAOYSA-N,7-BENZYLOXYCOUMARIN,ChEMBL_curated,True,agonist
C=CCOc1ccc2ccc(=O)oc2c1,KWNHWLBNDYLDEC-UHFFFAOYSA-N,7-ALLYLOXYCOUMARIN,ChEMBL_curated,True,agonist
CCC#CCOc1ccc2ccc(=O)oc2c1,XFWZLFMHGVFWHA-UHFFFAOYSA-N,7-(2-PENTYNYLOXY)COUMARIN,ChEMBL_curated,True,agonist
CC(=O)ONc1c(C2=c3ccc(Br)cc3=NC2=O)[nH]c2ccccc12,PFVOTYWMUVXTAZ-UHFFFAOYSA-N,6-BROMOINDIRUBIN-3'-ACETOXIME,ChEMBL_curated,True,agonist
Nc1ccc(O)cc1,PLIKAWJENQZMHA-UHFFFAOYSA-N,4-AMINOPHENOL,ChEMBL_curated,True,agonist
Cc1ccc2cc3c(ccc4ccccc43)c3c2c1CC3,PPQNQXQZIWHJRB-UHFFFAOYSA-N,3-METHYLCHOLANTHRENE,ChEMBL_curated,True,agonist
S=c1[nH]c2ccccc2s1,YXIWHUQXZSMYRE-UHFFFAOYSA-N,2-MERCAPTOBENZOTHIAZOLE,ChEMBL_curated,True,agonist
Nc1ccc2cc3ccccc3cc2c1,YCSBALJAGZKWFF-UHFFFAOYSA-N,2-AMINOANTHRACENE,ChEMBL_curated,True,agonist
Clc1cc2c(cc1Cl)Oc1cc(Cl)c(Cl)cc1O2,HGUFODBRKLSHSI-UHFFFAOYSA-N,"2,3,7,8-TETRACHLORODIBENZO-P-DIOXIN",ChEMBL_curated,True,agonist
Clc1cc(Cl)c(-c2cc(Cl)c(Cl)cc2Cl)cc1Cl,MVWHGTYKUMDIHL-UHFFFAOYSA-N,"2,2',4,4',5,5'-HEXACHLOROBIPHENYL",ChEMBL_curated,True,agonist
S=C=Nc1cccc2ccccc12,JBDOSUUXMYMWQH-UHFFFAOYSA-N,1-NAPHTHYLISOTHIOCYANATE,ChEMBL_curated,True,agonist
C/C=C/COc1ccc2ccc(=O)oc2c1,ZAEXKGMTPPNFQA-NSCUHMNNSA-N,(E)-7-(2-BUTENYLOXY)COUMARIN,ChEMBL_curated,True,agonist
Cn1ncc2ccc(Nc3[nH]nc4cccnc34)cc21,RHWLMWAVSZGUAT-UHFFFAOYSA-N,,ChEMBL_curated,True,agonist
CC(=O)Oc1ccc(C(c2ccc(F)cc2)c2cccc[n+]2[O-])cc1,JNYAPEFSTCTXQV-UHFFFAOYSA-N,,ChEMBL_curated,True,agonist
N#Cc1ccc2nc(-c3ccc(Br)cc3)nn2c1,MVMAFHOUFGMTQD-UHFFFAOYSA-N,,ChEMBL_curated,True,agonist
CC(CO)NC(=O)c1cc(-c2ccc(Cl)cc2)nn(-c2cccc(F)c2)c1=O,RFGRNBWAUZSMBN-UHFFFAOYSA-N,,ChEMBL_curated,True,agonist
Cc1cccc(C)c1-c1cc(=O)c2c(ccc3ccccc32)o1,ZPCAYLZYHOXXJR-UHFFFAOYSA-N,,ChEMBL_curated,True,agonist
CC[C@@H](C)C1NC(=O)C(NC(=O)C(N)CCCCNC(=O)CCNC(=O)CCNC(=O)CCNC(=O)CCNC(=O)CCNC(=O)C(NC(=O)C2CCCN2C(=O)C(NC(=O)C(C)NC)C2CCCCC2)C(c2ccccc2)c2ccccc2)CSSCC(C(=O)NC(CCCN=C(N)N)C(=O)NC(CC(C)(C)C)C(=O)NC(CC(C)C)C(=O)NC(CCC(N)=O)C(=O)NCC(=O)NCC(=O)NCC(=O)NC(CCCNC(=N)N)C(=O)NC(CCCNC(=N)N)C(=O)NC(CCCNC(=N)N)C(=O)NC(CCCNC(=N)N)C(=O)NC(CCCNC(=N)N)C(=O)NC(CCCNC(=N)N)C(=O)NC(CCCNC(=N)N)C(N)=O)NC(=O)C(CC(C)C)NC1=O,LWQGKQFWXYTRNT-ZZRIKPAZSA-N,,ChEMBL_curated,True,agonist
Fc1ccc(Nc2[nH]nc3cccnc23)cc1Cl,SBDWTBISUBYOMI-UHFFFAOYSA-N,,ChEMBL_curated,True,agonist
Brc1ccc(-c2nc3ccc(Br)cn3n2)cc1,METAKUVFAGUKGU-UHFFFAOYSA-N,,ChEMBL_curated,True,agonist
Cc1nn(C)c2cc(Nc3[nH]nc4cccnc34)ccc12,XBUOPRIADANPSX-UHFFFAOYSA-N,,ChEMBL_curated,True,agonist
COc1ccc(-c2nc3ccccn3[n+]2[O-])cc1,HVCWKISNZSUDJF-UHFFFAOYSA-N,,ChEMBL_curated,True,agonist
Brc1cccc(-c2nc3ccc(Br)cn3n2)c1,ZWIMHUHGTFSTQE-UHFFFAOYSA-N,,ChEMBL_curated,True,agonist
C=CCN1C(=O)C(Cc2[nH]nc3ccccc23)=NC1=S,WOAHLASVFQYOLS-UHFFFAOYSA-N,,ChEMBL_curated,True,agonist
O=C1NC(=S)N=C1Cc1c[nH]c2ccccc12,NROOSOADTGIFMI-UHFFFAOYSA-N,,ChEMBL_curated,True,agonist
COc1cc2[nH]c(-c3cccc(F)c3)cc(=O)c2cc1OC,MZGIIDYXTJWDSR-UHFFFAOYSA-N,,ChEMBL_curated,True,agonist
Clc1cc2c(cc1Cl)Oc1cc(Br)c(Cl)cc1O2,MEDUBLZGNFZMKG-UHFFFAOYSA-N,,ChEMBL_curated,True,agonist
Clc1ccc2oc3c(Cl)c(Cl)c(Cl)cc3c2c1,IIKXRERKNIJJQY-UHFFFAOYSA-N,,ChEMBL_curated,True,agonist
Clc1c(Cl)c(Cl)c2c([nH]c3c(Cl)c(Cl)c(Cl)c(Cl)c32)c1Cl,HMXCAROPJPNCQV-UHFFFAOYSA-N,,ChEMBL_curated,True,agonist
O=c1[nH]c(=O)c2nc(-c3c[nH]c4ccccc34)c(=O)n(C[C@H](O)[C@H](O)[C@H](O)CO)c2[nH]1,XZHBOWKLLNKVKN-ZOWXZIJZSA-N,,ChEMBL_curated,True,agonist
CN(C)CCN1C(=O)C(Cc2[nH]nc3ccccc23)=NC1=S,BBOHQROUAAFETB-UHFFFAOYSA-N,,ChEMBL_curated,True,agonist
[O-][n+]1c(-c2ccc(Br)cc2)nc2cc(Br)ccn21,NITPQHYXQREJIT-UHFFFAOYSA-N,,ChEMBL_curated,True,agonist
[O-][n+]1c(-c2ccc(Br)cc2)nc2cc(F)ccn21,NGJONMBCBVRZOY-UHFFFAOYSA-N,,ChEMBL_curated,True,agonist
C[C@H]1CCCc2c1cc(C(=O)Nc1ccccc1)c(=O)n2C,JGGQUZLRSUXFRA-LBPRGKRZSA-N,,ChEMBL_curated,True,agonist
CC(C)(C)c1ccc(C(c2ccccn2)c2ccccc2O)cc1,VGZKGBXNFIKXSZ-UHFFFAOYSA-N,,ChEMBL_curated,True,agonist
Oc1ccc(C(c2ccccn2)c2cccs2)cc1,BGRGJURZTFHDFD-UHFFFAOYSA-N,,ChEMBL_curated,True,agonist
COc1ccc(/C=C/c2cc(Cl)cc(Cl)c2)cc1,YDVZIQMQLZBUKX-NSCUHMNNSA-N,,ChEMBL_curated,True,agonist
CC(=O)Nc1cccc(OCC(=O)Nc2ccc(F)cc2)c1,MWXQRNJKMHHKND-UHFFFAOYSA-N,,ChEMBL_curated,True,agonist
CC(C)N1C(=O)C(Cc2c[nH]c3ccccc23)=NC1=S,UGMXNTJCUMNPGG-UHFFFAOYSA-N,,ChEMBL_curated,True,agonist
CCC(CC)c1cc(C=CC=Cc2cc(O)cc(O)c2)ccc1O,ZRXPPULFJNXLEI-UHFFFAOYSA-N,,ChEMBL_curated,True,agonist
C[C@H]1CCc2c(cc(C(=O)Nc3ccccc3)c(=O)n2C)C1,DDJPUVBPORKUQG-LBPRGKRZSA-N,,ChEMBL_curated,True,agonist
Cc1cc(=O)[nH]c(N/N=C/c2ccc(Br)s2)n1,FEGSLDKUUMSUKO-LFYBBSHMSA-N,,ChEMBL_curated,True,agonist
CC(C)OC(=O)Cc1ccccc1,SSMBXPJYHMZLOJ-UHFFFAOYSA-N,,ChEMBL_curated,True,agonist
Cc1ccc(-c2cc(-c3cccs3)[nH]n2)c(O)c1,GJSKWHZFSLFJED-UHFFFAOYSA-N,,ChEMBL_curated,True,agonist
CN1C(=O)C(Cc2[nH]nc3ccccc23)=NC1=S,VXUQMGRPWDADNL-UHFFFAOYSA-N,,ChEMBL_curated,True,agonist
C[C@@H]1CCCc2c1cc(C(=O)Nc1ccccc1)c(=O)n2C,JGGQUZLRSUXFRA-GFCCVEGCSA-N,,ChEMBL_curated,True,agonist
COc1cccc(OC)c1C(=O)OCc1cc(=O)n2cc(Br)ccc2n1,HMJZTVPWVHZNOC-UHFFFAOYSA-N,,ChEMBL_curated,True,agonist
CN1C(=O)C(Cc2cncnc2)=NC1=S,DTDWLBMDZQQEST-UHFFFAOYSA-N,,ChEMBL_curated,True,agonist
CN1C(=S)NC(=O)C1=Cc1[nH]nc2ccccc12,QFLIXOMVZXEVSS-UHFFFAOYSA-N,,ChEMBL_curated,True,agonist
O=C(Nc1ccc(F)cc1)c1cc2cccc3c2n(c1=O)CC3,NQJRDSPPDLFGOL-UHFFFAOYSA-N,,ChEMBL_curated,True,agonist
Cc1ccc2nc(-c3ccc(Br)cc3)[n+]([O-])n2c1,DNMSPEWICLLTFZ-UHFFFAOYSA-N,,ChEMBL_curated,True,agonist
OCc1c2c(cc3c4ccccc4n(CC4CC4)c13)[nH]c1ccccc12,BAFGXLAJWZHZGC-UHFFFAOYSA-N,,ChEMBL_curated,True,agonist
COc1ccc(C(O)(c2ccc(C(F)(F)F)cc2)c2ccccn2)cc1,ATAIQCHMXFWMDZ-UHFFFAOYSA-N,,ChEMBL_curated,True,agonist
O=C(O)c1cc2ccccc2cc1O,ALKYHXVLJMQRLQ-UHFFFAOYSA-N,,ChEMBL_curated,True,agonist
[O-][n+]1c(-c2ccc(Br)cc2)nc2ccc(Cl)cn21,ZHHDPBPMHUGJCU-UHFFFAOYSA-N,,ChEMBL_curated,True,agonist
Cc1ccc(C)c2sc(NC(=O)C3CC3)nc12,NNFDXQXYZRDCQX-UHFFFAOYSA-N,,ChEMBL_curated,True,agonist
C/C(=N\NC(=O)c1cccnc1)c1ccc(-n2ccnc2)cc1,JKAXBDWBQYBEOZ-DEDYPNTBSA-N,,ChEMBL_curated,True,agonist
Cn1cc(Cc2[nH]c3ccccc3c2C=O)c2ccccc21,CMFUZBUFEXLHQF-UHFFFAOYSA-N,,ChEMBL_curated,True,agonist
c1ccc2[nH]c(Cc3c[nH]c4ccccc34)cc2c1,SHXKYUYEFDONQC-UHFFFAOYSA-N,,ChEMBL_curated,True,agonist
Brc1cc(Br)c2c(c1)Oc1cc(Br)c(Br)cc1O2,DKKJDGGGXMTZKQ-UHFFFAOYSA-N,,ChEMBL_curated,True,agonist
c1ccc2c(c1)[nH]c1cc3c(cc12)[nH]c1ccccc13,YCPBCVTUBBBNJJ-UHFFFAOYSA-N,,ChEMBL_curated,True,agonist
CCOC(=O)c1oc2ccccc2c1N,PWOARNMOPCOJEV-UHFFFAOYSA-N,,ChEMBL_curated,True,agonist
COc1cc(Cl)c(OC)cc1N,YGUFQYGSBVXPMC-UHFFFAOYSA-N,,ChEMBL_curated,True,agonist
Clc1c(Cl)c(Cl)c2c(c1Cl)Oc1ccccc1O2,DJHHDLMTUOLVHY-UHFFFAOYSA-N,,ChEMBL_curated,True,agonist
Clc1ccc(-c2cc(Cl)c(Cl)c(Cl)c2)c(Cl)c1,YAHNWSSFXMVPOU-UHFFFAOYSA-N,,ChEMBL_curated,True,agonist
Clc1ccc(-c2cc(Cl)c(Cl)cc2Cl)cc1Cl,IUTPYMGCWINGEY-UHFFFAOYSA-N,,ChEMBL_curated,True,agonist
Cc1cc(-c2ccc(C(=O)C3CCCCC3C(=O)Nc3cn(C)nc3C)cc2)[nH]n1,ICJANEWBKSXXPZ-UHFFFAOYSA-N,,ChEMBL_curated,True,agonist
Cc1cc(-c2ccc(C(=O)C3CCCCC3C(=O)Nc3cnn4c3C(=O)NCC4)cc2)[nH]n1,ROTWSDMXHVGAHZ-UHFFFAOYSA-N,,ChEMBL_curated,True,agonist
Cc1cc(-c2ccc(C(=O)C3CCCCC3C(=O)Nc3cnn(C)c3S(N)(=O)=O)cc2)[nH]n1,IVYACETTWFJKQK-UHFFFAOYSA-N,,ChEMBL_curated,True,agonist
CC(C)CCOc1ccc2ccc(=O)oc2c1,MIERKMYAZQXRBE-UHFFFAOYSA-N,,ChEMBL_curated,True,agonist
O=c1c(Cc2c[nH]c3ccccc23)nccc2c1[nH]c1ccccc12,KGUBPZOIQSHIRX-UHFFFAOYSA-N,,ChEMBL_curated,True,agonist
Brc1cc(Br)c2c(c1)Oc1cc(Br)cc(Br)c1O2,XQDUOAUBGVDINZ-UHFFFAOYSA-N,,ChEMBL_curated,True,agonist
CN1C(=O)N=C(Cc2c[nH]c3ccccc23)C1=O,YIEAEPYNJJBLGK-UHFFFAOYSA-N,,ChEMBL_curated,True,agonist
CCOC(=O)N1[C@@H]2CC[C@H]1C[C@H](CN1CC[C@@H](N3Cc4ccccc4NC3=O)C1)C2,BUYVTPGEWYQFCF-RSPOEFSDSA-N,,ChEMBL_curated,True,agonist
C#CCN1C(=O)C(Cc2[nH]nc3ccccc23)=NC1=S,ZJWAAOKVFPHHAS-UHFFFAOYSA-N,,ChEMBL_curated,True,agonist
O=Cc1c(Cc2c[nH]c3ccccc23)[nH]c2ccccc12,GBEJDLJINBVBFG-UHFFFAOYSA-N,,ChEMBL_curated,True,agonist
O=C(c1cc(F)cc(Cl)c1)N1CCn2nc(-c3ccc(F)cn3)cc2C1,PAVOURBCAONWKJ-UHFFFAOYSA-N,,ChEMBL_curated,True,agonist
Oc1ccc(C(c2ccccn2)c2c(O)ccc3ccccc23)cc1,SWBWYJKTFNEAMV-UHFFFAOYSA-N,,ChEMBL_curated,True,agonist
[O-][n+]1c(-c2ccc(Br)cc2)nc2ccccn21,JRFNVZYJIQMZNX-UHFFFAOYSA-N,,ChEMBL_curated,True,agonist
OCc1csc(C(O)c2c[nH]c3ccccc23)n1,WDHOXVYQNBYDQB-UHFFFAOYSA-N,,ChEMBL_curated,True,agonist
Brc1ccc2nc(-c3ccccc3Br)nn2c1,XRYLOVUFSCWBPU-UHFFFAOYSA-N,,ChEMBL_curated,True,agonist
Brc1ccc(-c2nc3cc(Br)ccn3n2)cc1,GLSQJIRQQYNWTM-UHFFFAOYSA-N,,ChEMBL_curated,True,agonist
Clc1ccc(-c2nc3ccc(Br)cn3n2)cc1,ZBAAGPPMCVKTFM-UHFFFAOYSA-N,,ChEMBL_curated,True,agonist
Fc1ccc(-c2nc3ccc(Br)cn3n2)cc1,MIBOVHXUHZRLSK-UHFFFAOYSA-N,,ChEMBL_curated,True,agonist
O=c1c(O)cc2c(O)oc3c(O)cc(=C(O)O)c3c2c1O,YVTIXNGKMQLICL-UHFFFAOYSA-N,,ChEMBL_curated,True,agonist
Brc1ccc2nc(-c3ccccc3)nn2c1,BCGHTABUSCLETP-UHFFFAOYSA-N,,ChEMBL_curated,True,agonist
O=C(/C=C/c1ccccc1Cl)c1ccc[nH]1,XSOAGLJGAHVYSG-BQYQJAHWSA-N,,ChEMBL_curated,True,agonist
Brc1c(Br)c(Br)c2c([nH]c3c(Br)c(Br)c(Br)c(Br)c32)c1Br,MIMMRUWTJKEQMM-UHFFFAOYSA-N,,ChEMBL_curated,True,agonist
COC(=O)c1cc(C(=O)Nc2nnc(C3CC3)s2)cc([N+](=O)[O-])c1,CZDSQEFDQQFLLQ-UHFFFAOYSA-N,,ChEMBL_curated,True,agonist
CC(C)(C)Cc1noc2cc(Nc3[nH]nc4nccnc34)ccc12,YFVZKUTZYVGBNI-UHFFFAOYSA-N,,ChEMBL_curated,True,agonist
NCCNc1cccc2ccccc12,NULAJYZBOLVQPQ-UHFFFAOYSA-N,,ChEMBL_curated,True,agonist
COc1ccc(/C=C\c2cc(F)cc(F)c2)cc1,JXXRRHGSTQRHIL-IHWYPQMZSA-N,,ChEMBL_curated,True,agonist
Brc1cc2c(cc1Br)Oc1c(cc(Br)c(Br)c1Br)O2,ZIFMQFDZODRVTG-UHFFFAOYSA-N,,ChEMBL_curated,True,agonist
CC(=O)Nc1sc2c(c1-c1nc3ccccc3s1)CCN(C(C)C)C2,JMSPCTGDYFVMJZ-UHFFFAOYSA-N,,ChEMBL_curated,True,agonist
COc1cc(/C=C/c2ccc(F)cc2)cc(OC)c1,BXIQOACOSDGVBH-ONEGZZNKSA-N,,ChEMBL_curated,True,agonist
Fc1ccc(/C=C/c2cc(F)cc(F)c2)cc1,AISCLLWJTMIDPD-OWOJBTEDSA-N,,ChEMBL_curated,True,agonist
Cc1ccc(C#Cc2cccc(-c3nn(-c4nc(C(=O)O)cs4)c(CC4CC4)c3Cc3ccc(S(N)(=O)=O)c(F)c3)c2)s1,LZIKVHXLVMNROK-UHFFFAOYSA-N,,ChEMBL_curated,True,agonist
Cc1cc(-c2ccc(N3CCOCC3)cc2)nc2ccccc12,XGSZPPXEIDZEMS-UHFFFAOYSA-N,,ChEMBL_curated,True,agonist
CC(C)(C)COc1ccc2ccc(=O)oc2c1,RQMLUJJGVYFTQK-UHFFFAOYSA-N,,ChEMBL_curated,True,agonist
O=C1N=c2ccccc2=C1Cc1nc(=O)c2ccccc2[nH]1,KMKIMKDNVRLQBU-UHFFFAOYSA-N,,ChEMBL_curated,True,agonist
O=C1N=c2ccccc2=C1Cc1nnc2ccccc2c1Cl,YDVMWMBKMIQDQO-UHFFFAOYSA-N,,ChEMBL_curated,True,agonist
Cn1c(C(=O)N2CCC(C(N)=O)CC2)cc2cc(Cl)ccc21,FFCSJSLKDCBFQM-UHFFFAOYSA-N,,ChEMBL_curated,True,agonist
Clc1cc(-c2ccccc2)c(Cl)c(Cl)c1Cl,HLQDGCWIOSOMDP-UHFFFAOYSA-N,,ChEMBL_curated,True,agonist
CC(=O)Oc1ccc(C(c2ccc(F)cc2)c2ccccn2)cc1,GZKCHFZVPZWTMY-UHFFFAOYSA-N,,ChEMBL_curated,True,agonist
O=C(NC(=S)Nc1ccc(F)c(Cl)c1)C1CC1,NNHBHBHICWBVRN-UHFFFAOYSA-N,,ChEMBL_curated,True,agonist
Cc1cccc2sc(N)nc12,GRIATXVEXOFBGO-UHFFFAOYSA-N,,ChEMBL_curated,True,agonist
O=C(CN1CCOCC1)Nc1nc2ccc([N+](=O)[O-])cc2s1,UHIUSKATQDRPGM-UHFFFAOYSA-N,,ChEMBL_curated,True,agonist
CCOc1ccccc1NC(=O)c1ccc2nccnc2c1,SPGIPWBECXTSSO-UHFFFAOYSA-N,,ChEMBL_curated,True,agonist
NC(=O)c1oc2ccccc2c1NC(=O)c1ccc(F)cc1,SUKPTNGJUYNFIG-UHFFFAOYSA-N,,ChEMBL_curated,True,agonist
CCOP(=S)(OCC)Oc1nc(Cl)n(C(C)C)n1,XRHGWAGWAHHFLF-UHFFFAOYSA-N,,ChEMBL_curated,True,agonist
NC(=O)c1cc(Cn2cc(-c3c(-c4ccc(Cl)cc4)nc4ccccn34)nn2)ccc1Cl,SAVRLKAEBBYHRT-UHFFFAOYSA-N,,ChEMBL_curated,True,agonist
Cc1nc(N(C)c2ccc3c(c2)cc(C)n3C)c2ccccc2n1,PMMMPEWURBWJPO-UHFFFAOYSA-N,,ChEMBL_curated,True,agonist
COc1ccccc1Nc1nc(NCCO)nc(N)c1[N+](=O)[O-],FWHDLLWTESTDBL-UHFFFAOYSA-N,,ChEMBL_curated,True,agonist
CCOc1ccc(-c2cc(C)n3nc(C(N)=O)cc3n2)cc1,BXIZJGZAEAKYFL-UHFFFAOYSA-N,,ChEMBL_curated,True,agonist
FC(F)(F)c1ccc(/C=C\c2cc(Cl)cc(Cl)c2)cc1,ISPYNXGXZRLLHM-UPHRSURJSA-N,,ChEMBL_curated,True,agonist
COc1ccc(/C=C\c2cc(Cl)cc(Cl)c2)cc1,YDVZIQMQLZBUKX-IHWYPQMZSA-N,,ChEMBL_curated,True,agonist
N#Cc1ccc2nc(-c3ccc(Br)cc3)[n+]([O-])n2c1,MYQNAOIKTNTEGP-UHFFFAOYSA-N,,ChEMBL_curated,True,agonist
C[C@@H](CO)NC(=O)c1cc(-c2ccc(OC(F)(F)F)cc2)nc(-c2cccnc2)n1,CSSGBPKFVJOAIZ-LBPRGKRZSA-N,,ChEMBL_curated,True,agonist
Cc1ccc(N)c(N)c1,DGRGLKZMKWPMOH-UHFFFAOYSA-N,,ChEMBL_curated,True,agonist
C#CCn1cc(/C=N/NC(=O)COc2cccc3cccnc23)c2ccccc21,LONDBUMELLWCNR-AFUMVMLFSA-N,,ChEMBL_curated,True,agonist
[O-][n+]1c(-c2ccc(Br)cc2)nc2cccc(Br)n21,FVHJGGSAUVMAIZ-UHFFFAOYSA-N,,ChEMBL_curated,True,agonist
Cc1c2ccccc2c(C)c2c1ccc1ccccc12,ARSRBNBHOADGJU-UHFFFAOYSA-N,,ChEMBL_curated,True,agonist
Oc1oc(-c2ccccc2)nc1C=Nc1nccs1,UGUIPEONHVWAJQ-UHFFFAOYSA-N,,ChEMBL_curated,True,agonist
COc1ccccc1-c1nnc(NC(C)=O)s1,OUNURTKDWRFINH-UHFFFAOYSA-N,,ChEMBL_curated,True,agonist
O=c1nc(Nc2ccc(Br)cc2)sc2ccc([N+](=O)[O-])cc12,LHBSPTJKFVAZFI-UHFFFAOYSA-N,,ChEMBL_curated,True,agonist
c1ccc(Nc2nc(-c3ccccn3)cs2)cc1,VZHGZKUEVAANEJ-UHFFFAOYSA-N,,ChEMBL_curated,True,agonist
Cn1c2ccccc2c2cc3[nH]c4ccccc4c3c(CO)c21,JJEMEAYEYDLYHW-UHFFFAOYSA-N,,ChEMBL_curated,True,agonist
CN(C)c1nc(N)nc(-c2nc3ccccc3s2)n1,RTZTYHJWJXYHPK-UHFFFAOYSA-N,,ChEMBL_curated,True,agonist
O=[N+]([O-])c1cc(-c2nc(-c3ccncc3)no2)cc([N+](=O)[O-])c1,GJORNZAMFLOHMQ-UHFFFAOYSA-N,,ChEMBL_curated,True,agonist
Nc1cc(Cl)ccc1O,SWFNPENEBHAHEB-UHFFFAOYSA-N,,ChEMBL_curated,True,agonist
Nc1cc(Cl)c(N)c(Cl)c1,HQCHAOKWWKLXQH-UHFFFAOYSA-N,,ChEMBL_curated,True,agonist
Nc1cc2c3c(cccc3c1)C(=O)N(CCN1CCCC1)C2=O,TXYIFVDECCPRPY-UHFFFAOYSA-N,,ChEMBL_curated,True,agonist
CCC(=O)Nc1cc(OC)c(NC(=O)c2ccccc2)cc1OC,OISQOKOTMCSSTC-UHFFFAOYSA-N,,ChEMBL_curated,True,agonist
CC(C)(C)[C@@H](O)/C(=C\c1ccc(Cl)cc1Cl)n1cncn1,FBOUIAKEJMZPQG-BLXFFLACSA-N,,ChEMBL_curated,True,agonist
O=C(Nc1cccc(Cl)c1)c1cccnn1,OVZJOGDDIIQZEC-UHFFFAOYSA-N,,ChEMBL_curated,True,agonist
O=C(O)COn1c(-c2ccccc2)nc2ccc([N+](=O)[O-])cc21,OUDJMDZZHKVBNB-UHFFFAOYSA-N,,ChEMBL_curated,True,agonist
Cn1c(=O)c(C(=O)Nc2ccc(F)cn2)cc2ccccc21,USMHHRBHRVVHFH-UHFFFAOYSA-N,,ChEMBL_curated,True,agonist
O=c1cc(-c2c(F)cccc2F)oc2ccc3ccccc3c12,OVPIPDBAWBHXGR-UHFFFAOYSA-N,,ChEMBL_curated,True,agonist
Nc1ccccc1N,GEYOCULIXLDCMW-UHFFFAOYSA-N,,ChEMBL_curated,True,agonist
Cn1c(=O)c2c(nc(/C=C/c3cccc(Cl)c3)n2C)n(C)c1=O,WBWFIUAVMCNYPG-BQYQJAHWSA-N,,ChEMBL_curated,True,agonist
Nc1ccc([N+](=O)[O-])cc1O,DOPJTDJKZNWLRB-UHFFFAOYSA-N,,ChEMBL_curated,True,agonist
CN(C)CCONc1c(C2=c3cccc(Br)c3=NC2=O)[nH]c2ccccc12,KFCWQPUESSZKOG-UHFFFAOYSA-N,,ChEMBL_curated,True,agonist
O=C(O)c1cc(O)c2ccccc2c1O,VOJUXHHACRXLTD-UHFFFAOYSA-N,,ChEMBL_curated,True,agonist
COc1ccccc1NC(=O)Nc1cccnc1,GXPNSFDRGMRUJM-UHFFFAOYSA-N,,ChEMBL_curated,True,agonist
CN(C)c1ccc(/N=N/S(=O)(=O)O)cc1,FLTYACUMGDVPLP-MDZDMXLPSA-N,,ChEMBL_curated,True,agonist
O=C1N=c2c(Br)cccc2=C1c1[nH]c2ccccc2c1NOCCN1CCCC1,HAFVZVXXQRCOLO-UHFFFAOYSA-N,,ChEMBL_curated,True,agonist
Cn1c(O)c(C2=Nc3ccccc3C2=NOCCN2CCCC2)c2cccc(Br)c21,LEBAXTFUELGCGQ-UHFFFAOYSA-N,,ChEMBL_curated,True,agonist
CC(C)(C)c1cc(C=Cc2cc(C(C)(C)C)c(O)c(C(C)(C)C)c2)cc(C(C)(C)C)c1O,AWUDLXWGQXPWFF-UHFFFAOYSA-N,,ChEMBL_curated,True,agonist
Cc1nc(N)nc(Nc2ccc(Cl)cc2)c1Br,WLUWADRUYNDGJO-UHFFFAOYSA-N,,ChEMBL_curated,True,agonist
CC(C)Nc1ccc(Nc2ccccc2)cc1,OUBMGJOQLXMSNT-UHFFFAOYSA-N,,ChEMBL_curated,True,agonist
Clc1cc(Cl)c2c(c1)oc1c(Cl)cccc12,AGPTXRLVBIRYLV-UHFFFAOYSA-N,,ChEMBL_curated,True,agonist
O=C(Nc1cccc(-c2nc3cc(Cl)ccc3o2)c1)C1CCCO1,GTVDSOSBNNLNHW-UHFFFAOYSA-N,,ChEMBL_curated,True,agonist
COc1cccc(/C=C/c2cc(Cl)cc(Cl)c2)c1,DKEUZBJTDBIIIQ-AATRIKPKSA-N,,ChEMBL_curated,True,agonist
FC(F)(F)c1cccc(/C=C\c2cc(Cl)cc(Cl)c2)c1,FVJGGSMODLJBMK-PLNGDYQASA-N,,ChEMBL_curated,True,agonist
CCCc1nn(C)c(C(=O)Nc2cccc3ccccc23)c1Cl,MGWYMWNIFOQFNG-UHFFFAOYSA-N,,ChEMBL_curated,True,agonist
CCOCCc1nnc(NC(=O)c2ccc(OC)c(OC)c2)s1,NURIZVDDIQZMRR-UHFFFAOYSA-N,,ChEMBL_curated,True,agonist
COc1cccc(/C=C\c2cc(Cl)cc(Cl)c2)c1,DKEUZBJTDBIIIQ-WAYWQWQTSA-N,,ChEMBL_curated,True,agonist
Clc1ccc2c(c1)Oc1c(Cl)c(Cl)c(Cl)c(Cl)c1O2,WRNGAZFESPEMCN-UHFFFAOYSA-N,,ChEMBL_curated,True,agonist
Nc1ccc2c(c1)C(=O)c1ccccc1C2=O,XOGPDSATLSAZEK-UHFFFAOYSA-N,,ChEMBL_curated,True,agonist
CCC(=O)NC(=S)Nc1ccc(NC(=O)c2ccco2)c(Cl)c1,ACPMLJLQLGEKHV-UHFFFAOYSA-N,,ChEMBL_curated,True,agonist
Cc1ccc(N)cc1O,DBFYESDCPWWCHN-UHFFFAOYSA-N,,ChEMBL_curated,True,agonist
CCCNc1nc(Cl)nc(Nc2ccc(Cl)cc2)n1,BSPRCSZWHCSQRT-UHFFFAOYSA-N,,ChEMBL_curated,True,agonist
c1ccc(Nc2cccc3ccccc23)cc1,XQVWYOYUZDUNRW-UHFFFAOYSA-N,,ChEMBL_curated,True,agonist
Cc1noc2ccc(Nc3[nH]nc4nccnc34)cc12,LHTDECDQYAWXDZ-UHFFFAOYSA-N,,ChEMBL_curated,True,agonist
Oc1ccc2ccccc2c1N=Nc1ccccc1,MRQIXHXHHPWVIL-UHFFFAOYSA-N,,ChEMBL_curated,True,agonist
Cn1c(N)c(C(=O)Nc2ccccc2F)sc1=S,ZAKPCTBIXWLOBB-UHFFFAOYSA-N,,ChEMBL_curated,True,agonist
Cc1ccc(C#Cc2cc(-c3nn(-c4nc(C(=O)O)cs4)c(CC4CC4)c3Cc3ccc(S(N)(=O)=O)c(F)c3)ccc2F)s1,ADUJCIPBWYSFQX-UHFFFAOYSA-N,,ChEMBL_curated,True,agonist
Oc1ccc(C(c2ccc(F)cc2)c2ccccn2)cc1,FAHJIYLQHFDGQI-UHFFFAOYSA-N,,ChEMBL_curated,True,agonist
c1ccc2c3cc4c([nH]c5ccccc54)[se]c-3nc2c1,ZLZOCZBUUFRWEO-UHFFFAOYSA-N,,ChEMBL_curated,True,agonist
O=c1cc(C(F)(F)F)c2ccc3c(c2o1)C=CCO3,KFTQGCAPOXTSAY-UHFFFAOYSA-N,,ChEMBL_curated,True,agonist
Brc1cc2c(cc1Br)Oc1c(Br)c(Br)cc(Br)c1O2,BUTCDYWYGPQTPC-UHFFFAOYSA-N,,ChEMBL_curated,True,agonist
COc1ccccc1NC(=O)c1ccc(C(=O)Nc2ccccc2OC)nc1,WNICLXBTHUYDLG-UHFFFAOYSA-N,,ChEMBL_curated,True,agonist
[O-][n+]1onc2c1CCc1nnc(-c3ccccc3)cc1-2,GFEMPVPBJKWUBS-UHFFFAOYSA-N,,ChEMBL_curated,True,agonist
CNC(=O)c1csc(C(=O)c2c[nH]c3ccccc23)n1,GOVAEEIQDCTMOG-UHFFFAOYSA-N,,ChEMBL_curated,True,agonist
CCN(/N=C/c1ccc(Cl)cc1)c1cc(=O)n(C)c(=O)[nH]1,OSHPWVBGYYZDQD-CXUHLZMHSA-N,,ChEMBL_curated,True,agonist
COc1ccc2c3c1OC1C(=O)CC[C@@]4(O)[C@@H](C2)NCC[C@]314,RIKMCJUNPCRFMW-VSYOVCOZSA-N,,ChEMBL_curated,True,agonist
Cc1nnc(N2C(=O)c3cccc4c([N+](=O)[O-])ccc(c34)C2=O)s1,PSRMOLGWPSXUTN-UHFFFAOYSA-N,,ChEMBL_curated,True,agonist
Clc1ccc2c(oc3c(Cl)cc(Cl)c(Cl)c32)c1Cl,BQTCODOVGXJHRB-UHFFFAOYSA-N,,ChEMBL_curated,True,agonist
COc1ccccc1-c1cc(=O)c2c(ccc3ccccc32)o1,PCTZJHHURYBJOH-UHFFFAOYSA-N,,ChEMBL_curated,True,agonist
COc1cc(Cn2cc(C(=O)c3nccs3)c3ccccc32)cc(OC)c1,MDEFOIVVRLFZRP-UHFFFAOYSA-N,,ChEMBL_curated,True,agonist
COc1cccc(C(=O)ON=C(N)c2ccc([N+](=O)[O-])cc2)c1,VJBZAAZOQSCECH-UHFFFAOYSA-N,,ChEMBL_curated,True,agonist
CN1CCN(CCCNC(=O)c2cc3c(-c4ccc(Cl)cc4)nn(C)c3s2)CC1,BDBKSQZFDAPJNK-UHFFFAOYSA-N,,ChEMBL_curated,True,agonist
C1=Cc2sc3ccccc3c2Sc2c1sc1ccccc21,QTRNPSUTHGEZRR-UHFFFAOYSA-N,,ChEMBL_curated,True,agonist
CC(=O)c1noc(C)c1C(=O)Nc1nccs1,DCCOBTUXCVVDMN-UHFFFAOYSA-N,,ChEMBL_curated,True,agonist
CC(C)CC(NC(=O)OCC1c2ccccc2-c2ccccc21)C(=O)O,CBPJQFCAFFNICX-UHFFFAOYSA-N,,ChEMBL_curated,True,agonist
Clc1ccc(/C=C/c2cc(Cl)cc(Cl)c2)cc1,JMYNPQVCVQVODQ-OWOJBTEDSA-N,,ChEMBL_curated,True,agonist
COc1cc2ccccc2cc1C(=O)Nc1ccc(C)cc1,UEAMJCFZTDEOAL-UHFFFAOYSA-N,,ChEMBL_curated,True,agonist
CC(=O)n1cc(/C=N/NC(=O)c2sc(C)nc2C)c2ccccc21,SENCRTQZPSCASX-QGMBQPNBSA-N,,ChEMBL_curated,True,agonist
C#CCn1cc(/C=N/NC(=O)c2cc3ccccc3o2)c2ccccc21,JZQIDSLXLXCION-LPYMAVHISA-N,,ChEMBL_curated,True,agonist
O=C(NCC(O)C(F)(F)F)c1cc(-c2ccc(OC(F)(F)F)cc2)nn(-c2cccnc2)c1=O,RABNJRDCQVHCQF-UHFFFAOYSA-N,,ChEMBL_curated,True,agonist
Nc1ccc(N=Nc2ccccc2)cc1,QPQKUYVSJWQSDY-UHFFFAOYSA-N,,ChEMBL_curated,True,agonist
c1ccc2c3cc4c([nH]c5ccccc54)sc-3nc2c1,QIVQYEJQPXVKLA-UHFFFAOYSA-N,,ChEMBL_curated,True,agonist
CC(=O)Oc1ccc(C(c2ccc(Cl)cc2)c2ccccn2)cc1,JXCVSEMZVDRFRA-UHFFFAOYSA-N,,ChEMBL_curated,True,agonist
COc1ccc(/C=N/Nc2cc(C)nc3ccccc23)cc1,NZBRHKYJUWKMKG-XDHOZWIPSA-N,,ChEMBL_curated,True,agonist
CC(=O)Nc1ccc(N=Nc2cc(C)ccc2O)cc1,PXOZAFXVEWKXED-UHFFFAOYSA-N,,ChEMBL_curated,True,agonist
Nc1ccc(Cl)cc1N,BXIXXXYDDJVHDL-UHFFFAOYSA-N,,ChEMBL_curated,True,agonist
Cc1ccc(NC(=O)c2cc3ccccc3n(C)c2=O)cc1,VVTXVOYXCYIENF-UHFFFAOYSA-N,,ChEMBL_curated,True,agonist
CCCCCCCCCC(CC)c1ccc(S(=O)(=O)O)cc1,QJRVOJKLQNSNDB-UHFFFAOYSA-N,,ChEMBL_curated,True,agonist
CCN1C(=O)N=C(Cc2c[nH]c3ccccc23)C1=O,LCSWHOUWZFLYEQ-UHFFFAOYSA-N,,ChEMBL_curated,True,agonist
Clc1cc2c(oc3c(Cl)c(Cl)c(Cl)cc32)c(Cl)c1Cl,XTAHLACQOVXINQ-UHFFFAOYSA-N,,ChEMBL_curated,True,agonist
Cn1c(=O)n(CC(=O)N2CCC2)c2cc(-c3ccc(C(F)(F)F)s3)cnc21,VBYDZMQKWHOANY-UHFFFAOYSA-N,,ChEMBL_curated,True,agonist
CCOc1ccc(/C=N/n2cc(-c3ccccc3)[nH]c2=S)cc1,GLQOGUNUNKSELM-XDHOZWIPSA-N,,ChEMBL_curated,True,agonist
O=c1c2c(O)cc(O)cc2oc2oc3cc(O)ccc3c12,BBBAWACESCACAP-UHFFFAOYSA-N,,ChEMBL_curated,True,agonist
CCOc1ccc(/C=C\c2cc(OC)cc(OC)c2)cc1,KDXLDHCWXKUFFD-WAYWQWQTSA-N,,ChEMBL_curated,True,agonist
CCCn1c2ccccc2c2cc3[nH]c4ccccc4c3c(CO)c21,RQUVUOOMNHSEBC-UHFFFAOYSA-N,,ChEMBL_curated,True,agonist
Clc1ccc(-c2cc(Cl)c(Cl)c(Cl)c2Cl)cc1Cl,LCXMEXLGMKFLQO-UHFFFAOYSA-N,,ChEMBL_curated,True,agonist
NS(=O)(=O)c1ccc(-c2ccc(/C=C3\SC(=O)NC3=O)o2)cc1,JNPRTUHVCHGFHJ-GHXNOFRVSA-N,,ChEMBL_curated,True,agonist
[O-][n+]1c(-c2ccc(Br)cc2)nc2cc(Cl)ccn21,QQISVBCXYHRRPX-UHFFFAOYSA-N,,ChEMBL_curated,True,agonist
O=[N+]([O-])c1cnc(Nc2ccc(Cl)cn2)c([N+](=O)[O-])c1,LFQZRGHJOLHCGV-UHFFFAOYSA-N,,ChEMBL_curated,True,agonist
Nc1ccc(Cl)c(Cl)c1,SDYWXFYBZPNOFX-UHFFFAOYSA-N,,ChEMBL_curated,True,agonist
Cc1cc(Nc2nccc(-c3sc(C4CCNCC4)nc3-c3ccc(F)cc3)n2)ccn1,ZDESNDWWUUVJLG-UHFFFAOYSA-N,,ChEMBL_curated,True,agonist
Clc1cc2c(cc1Cl)Oc1cc(Br)c(Br)cc1O2,SBSJXPIUKNBZND-UHFFFAOYSA-N,,ChEMBL_curated,True,agonist
O=C(Nc1cccc(Cl)c1)c1ccc(=O)[nH]n1,QPWCNDVZJNWKKW-UHFFFAOYSA-N,,ChEMBL_curated,True,agonist
Cc1nc(C)c(C(=O)NN=Cc2c[nH]c3ccccc23)s1,LTVMIHPNYPCMLQ-UHFFFAOYSA-N,,ChEMBL_curated,True,agonist
Cn1nc(C2CC2)c2ccc(Nc3[nH]nc4cccnc34)cc21,KFHLKGASZJEOJF-UHFFFAOYSA-N,,ChEMBL_curated,True,agonist
O=C(c1ccc(-c2cccc(NS(=O)(=O)c3ccccc3OC(F)(F)F)c2)s1)c1cc(F)c(F)c(O)c1F,RKOXKEAQCMCSPB-UHFFFAOYSA-N,,ChEMBL_curated,True,agonist
Brc1ccc(-c2nc3cccc(Br)n3n2)cc1,OGKRMULLNYGWSR-UHFFFAOYSA-N,,ChEMBL_curated,True,agonist
CN(C)CCON=C1C(c2c(O)n(C)c3c(Br)cccc23)=Nc2ccccc21,HITUNSGAOLHVND-UHFFFAOYSA-N,,ChEMBL_curated,True,agonist
N#C/C(=C/c1ccccc1)c1nn(CCO)c(N)c1C#N,YYMAOMQXVYFXEW-WQLSENKSSA-N,,ChEMBL_curated,True,agonist
O=Nc1c(-c2c(O)[nH]c3c(Br)cccc23)[nH]c2ccccc12,HYMACPDEJIEMST-UHFFFAOYSA-N,,ChEMBL_curated,True,agonist
Nc1c(C(=O)c2ccc(Br)cc2)oc2ccccc12,YTPPDEUSISZRMO-UHFFFAOYSA-N,,ChEMBL_curated,True,agonist
CC1CCc2c1cc(C(=O)Nc1ncc(F)s1)c(=O)n2C,GOMJNZWOVBQSFV-UHFFFAOYSA-N,,ChEMBL_curated,True,agonist
Nc1ccccc1C(=O)OCCc1ccccc1,PXWNBAGCFUDYBE-UHFFFAOYSA-N,,ChEMBL_curated,True,agonist
Cn1c2ccccc2c2c(C=O)c3c(cc21)c1ccccc1n3C,UQHOTNLCEFBUHU-UHFFFAOYSA-N,,ChEMBL_curated,True,agonist
CCCn1c2ccccc2c2c(C=O)c3c(cc21)c1ccccc1n3C,ZOIFMDICJCASQJ-UHFFFAOYSA-N,,ChEMBL_curated,True,agonist
Nc1ccc(N=Nc2ccccc2)c(N)c1,IWRVPXDHSLTIOC-UHFFFAOYSA-N,,ChEMBL_curated,True,agonist
COc1ccc(C)cc1N=C(N)N=c1nc(C)cc(C)[nH]1,KIZUXAWHEGBAJW-UHFFFAOYSA-N,,ChEMBL_curated,True,agonist
CN1C(=O)C(Cc2c[nH]c3ccncc23)=NC1=S,YLOZDQDHEBNUAD-UHFFFAOYSA-N,,ChEMBL_curated,True,agonist
O=C1C(Cc2[nH]nc3ccccc23)=NC(=S)N1C1CC1,XRADNCLUJNASPS-UHFFFAOYSA-N,,ChEMBL_curated,True,agonist
Cc1ccc(NC(=S)c2nc3ccccc3[nH]2)c(C)c1,XNGQZWJRKDZMEC-UHFFFAOYSA-N,,ChEMBL_curated,True,agonist
Clc1ccc2oc3c(Cl)cc(Cl)c(Cl)c3c2c1,BFTASCFRRBHFFK-UHFFFAOYSA-N,,ChEMBL_curated,True,agonist
O=C1C=CC(=Nc2c(Cl)c(O)c3ccccc3c2O)C=C1,JQRLJTBSISUODB-UHFFFAOYSA-N,,ChEMBL_curated,True,agonist
C1=Cc2sc3ccccc3c2[Se]c2c1sc1ccccc21,XQTGNDOGDDBKSR-UHFFFAOYSA-N,,ChEMBL_curated,True,agonist
COc1ccc(/C=N/NC(=O)c2cccc(NC(=O)c3ccc(F)cc3)c2)c(C(=O)O)c1OC,AIZWDKPECDMNDR-LGJNPRDNSA-N,,ChEMBL_curated,True,agonist
Cc1ccc2c(c1)c1nc3ccccc3nc1n2C,CMCFXZHCNYNTKD-UHFFFAOYSA-N,,ChEMBL_curated,True,agonist
COc1ccc2nc(N)sc2c1,KZHGPDSVHSDCMX-UHFFFAOYSA-N,,ChEMBL_curated,True,agonist
CC(C)(O)[C@H]1CC[C@H](NC(=O)c2cnc3cc(OC(F)F)ccc3c2)CC1,YRWMWDLEUYLURJ-SHTZXODSSA-N,,ChEMBL_curated,True,agonist
Cc1c(-c2cc[nH]n2)cc(NC(=O)c2ccc(Cl)cc2)c(=O)n1N,JYBOIYVOUXORRF-UHFFFAOYSA-N,,ChEMBL_curated,True,agonist
Cc1ccccc1-c1nc(-c2cccnc2)no1,CRTXHVXRSFHBOV-UHFFFAOYSA-N,,ChEMBL_curated,True,agonist
COc1ccc(/C=C/c2cc(F)cc(F)c2)cc1,JXXRRHGSTQRHIL-NSCUHMNNSA-N,,ChEMBL_curated,True,agonist
COc1cc(/C=C/C(=O)O)ccc1OC/C=C(\C)CCC=C(C)C,WAHYZVVZFNUXSC-TWGDSDBMSA-N,,ChEMBL_curated,True,agonist
O=C(NC1CCCC1)c1cc2c(ccc3ccccc32)o1,VPROQYQBNVRYST-UHFFFAOYSA-N,,ChEMBL_curated,True,agonist
CC(C)(C)c1cc(C=Cc2cc(O)cc(O)c2)cc(C(C)(C)C)c1O,VYJKKPFODDHPFA-UHFFFAOYSA-N,,ChEMBL_curated,True,agonist
Cc1ccc(N)cc1N,VOZKAJLKRJDJLL-UHFFFAOYSA-N,,ChEMBL_curated,True,agonist
CN1C(=O)C(Cc2cn(C)c3ccccc23)=NC1=S,PYSSGFCEJWJHOU-UHFFFAOYSA-N,,ChEMBL_curated,True,agonist
O=c1[nH]c(=O)c2nc(-c3ccccc3)c(=O)n(C[C@H](O)[C@H](O)[C@H](O)CO)c2[nH]1,VMYVXWYCEBHYGK-CWSCBRNRSA-N,,ChEMBL_curated,True,agonist
CC(C)=CCc1c(O)ccc2oc3c4c(cc(O)c3c(=O)c12)OC(C)(C)C=C4,WAFMSVUQOALWDN-UHFFFAOYSA-N,,ChEMBL_curated,True,agonist
O=C(c1nccs1)c1cn(Cc2ccccc2)c2ccccc12,XTMALSKPTFHURW-UHFFFAOYSA-N,,ChEMBL_curated,True,agonist
Cc1cc2c(ccc3c(=O)cc(-c4ccccc4)oc32)o1,MTUMFLJDHUBKMO-UHFFFAOYSA-N,,ChEMBL_curated,True,agonist
Cn1nc(C2CC2)c2ccc(Nc3[nH]nc4nccnc34)cc21,ZARNJMQSBTYULB-UHFFFAOYSA-N,,ChEMBL_curated,True,agonist
COc1ccc(C(c2ccccn2)n2nnc3ccccc32)cc1,GTHVDILDEHRLKX-UHFFFAOYSA-N,,ChEMBL_curated,True,agonist
Clc1cc2c(cc1Cl)Oc1c(Cl)c(Cl)c(Cl)c(Cl)c1O2,WCYYQNSQJHPVMG-UHFFFAOYSA-N,,ChEMBL_curated,True,agonist
OCCOCc1cn(CCNc2nonc2C(=NO)Nc2ccc(F)c(Br)c2)nn1,LFOXSTPPEXOYIT-UHFFFAOYSA-N,,ChEMBL_curated,True,agonist
Oc1ccccc1C(c1ccc(F)cc1)c1ccccn1,BMBREMLRFHJRKF-UHFFFAOYSA-N,,ChEMBL_curated,True,agonist
CC(=O)Oc1ccc(C(c2ccc(C)cc2)c2cccc[n+]2[O-])cc1,PAMRMPJHNGJWRO-UHFFFAOYSA-N,,ChEMBL_curated,True,agonist
COc1ccc2nc3[se]c4[nH]c5ccc(OC)cc5c4c(C)c-3c2c1,RDWYUGWHVXBAPE-UHFFFAOYSA-N,,ChEMBL_curated,True,agonist
Cc1ccc(OS(N)(=O)=O)cc1N(C)C(=O)c1ccc(-c2cc(C)c(O)c(C)c2)o1,CEGOOTALFMAFPK-UHFFFAOYSA-N,,ChEMBL_curated,True,agonist
[O-][n+]1c(-c2ccc(-c3ccc(Cl)cc3)o2)nc2ccccn21,SPKDTVPLBMOZBX-UHFFFAOYSA-N,,ChEMBL_curated,True,agonist
COc1cncc(Cc2cc(-c3ccccc3)no2)c1,RHNYFVBEYUTJIM-UHFFFAOYSA-N,,ChEMBL_curated,True,agonist
Cn1c2ccccc2c2cc3c(c(C=O)c21)c1ccccc1n3Cc1ccccc1,SPTDIBYZGVVGSK-UHFFFAOYSA-N,,ChEMBL_curated,True,agonist
c1cnc2c(Nc3ccc4c(C5CC5)[nH]nc4c3)[nH]nc2c1,WSWVJWFZNAZNCE-UHFFFAOYSA-N,,ChEMBL_curated,True,agonist
Cc1ccc[n+](CC(=O)c2ccc(Br)cc2)c1C,AYRUVEWBEHBRPO-UHFFFAOYSA-N,,ChEMBL_curated,True,agonist
[O-][n+]1c(-c2ccncc2)nc2ccccn21,NHTKUUZZZLGMJS-UHFFFAOYSA-N,,ChEMBL_curated,True,agonist
Cc1nccc(-c2ccc(-n3cnc4ccccc43)cc2)n1,DXNCAHDHRPSVKE-UHFFFAOYSA-N,,ChEMBL_curated,True,agonist
COc1ccc(C(c2ccccn2)c2cccs2)cc1,XYWLACIFIFTVPK-UHFFFAOYSA-N,,ChEMBL_curated,True,agonist
CC(=O)Oc1ccc(C(c2ccccn2)c2c[nH]c3ccccc23)cc1,LIOPGIKYQXVUPS-UHFFFAOYSA-N,,ChEMBL_curated,True,agonist
COc1cccc2sc(N)nc12,YEBCRAVYUWNFQT-UHFFFAOYSA-N,,ChEMBL_curated,True,agonist
Cc1cc(C)n2cc(-c3ccc(Cl)cc3)c(C(=O)O)c2n1,JBQMLOWLXLEWKA-UHFFFAOYSA-N,,ChEMBL_curated,True,agonist
Clc1c(Cl)c(Cl)c2c(c1Cl)Oc1c(Cl)c(Cl)c(Cl)c(Cl)c1O2,FOIBFBMSLDGNHL-UHFFFAOYSA-N,,ChEMBL_curated,True,agonist
O=C(N/N=C/c1ccco1)c1ccc(C(=O)N/N=C/c2ccco2)o1,VLIVNEKBOTWJJM-BEQMOXJMSA-N,,ChEMBL_curated,True,agonist
FC(F)(F)c1ccc(/C=C/c2cc(C(F)(F)F)cc(C(F)(F)F)c2)cc1,YWZOTDCCYHOIST-OWOJBTEDSA-N,,ChEMBL_curated,True,agonist
CCCCOc1ccc(/C=C/c2cc(OC)cc(OC)c2)cc1,DQKYFUQALKVCHH-VOTSOKGWSA-N,,ChEMBL_curated,True,agonist
COc1cccc2c(=O)c3cccc(N)c3[nH]c12,BCNHTZRTLWNPMJ-UHFFFAOYSA-N,,ChEMBL_curated,True,agonist
COc1cc2c(cc1NC(=O)Nc1ccc(C)cc1)oc1ccccc12,NHUFMLBHTYMPIW-UHFFFAOYSA-N,,ChEMBL_curated,True,agonist
Nc1cccc2ccccc12,RUFPHBVGCFYCNW-UHFFFAOYSA-N,,ChEMBL_curated,True,agonist
CC(C)(C)c1cc(C=Cc2cc(O)cc(O)c2)ccc1O,PXCSFGRGZBERID-UHFFFAOYSA-N,,ChEMBL_curated,True,agonist
Cc1cccc2cc3c(N)c(C(=O)N4CCOCC4)sc3nc12,KIOQMKSRJBIIET-UHFFFAOYSA-N,,ChEMBL_curated,True,agonist
Oc1c(Cl)cc(Cl)c(Cl)c1Cl,VGVRPFIJEJYOFN-UHFFFAOYSA-N,,ChEMBL_curated,True,agonist
Cc1cc2nc(N)sc2cc1C,IODWHFFPQHUDAG-UHFFFAOYSA-N,,ChEMBL_curated,True,agonist
COc1ccc(-c2nc3cc(F)ccc3s2)cc1OC,ZRLSVQBGBBYEAZ-UHFFFAOYSA-N,,ChEMBL_curated,True,agonist
Clc1cc2oc3c(Cl)cc(Cl)c(Cl)c3c2cc1Cl,GCFDWHIKRXCUPJ-UHFFFAOYSA-N,,ChEMBL_curated,True,agonist
COc1ccc(-c2oc3ccc(N4CCOCC4)cc3c2C#Cc2ccc(N)cc2)cc1,WKYLXDFSHZFFAL-UHFFFAOYSA-N,,ChEMBL_curated,True,agonist
C=CCCC,YWAKXRMUMFPDSH-UHFFFAOYSA-N,,ChEMBL_curated,True,agonist
CCCC(=O)Nc1nn(C)c2nc3cc(C)ccc3cc12,KIWKLFHHVGFZFN-UHFFFAOYSA-N,,ChEMBL_curated,True,agonist
CCc1cc(C(Cc2ccc3ccccc3n2)=NO)c(O)cc1O,MXNFQVAWKYNHNY-UHFFFAOYSA-N,,ChEMBL_curated,True,agonist
O=C=Nc1ccc(Cl)c(Cl)c1,MFUVCHZWGSJKEQ-UHFFFAOYSA-N,,ChEMBL_curated,True,agonist
Nc1nc(-c2ccccc2)cs1,PYSJLPAOBIGQPK-UHFFFAOYSA-N,,ChEMBL_curated,True,agonist
Brc1ccc2ncnc(Nc3ccc(N4CCOCC4)cc3)c2c1,RMKXGPDFRHFPOK-UHFFFAOYSA-N,,ChEMBL_curated,True,agonist
COc1ccc(C(=O)Nc2cc(OC)c(NC(=O)c3ccco3)cc2OC)cc1,RVXPVWMMLRIREY-UHFFFAOYSA-N,,ChEMBL_curated,True,agonist
CCc1ccc2[nH]c3nc(NN=Cc4ccc(O)cc4O)nnc3c2c1,MMZJENFLNKIQJL-UHFFFAOYSA-N,,ChEMBL_curated,True,agonist
Cc1ccc(C=Nn2cc(-c3ccccc3)[nH]c2=S)s1,HMLVXDCXWMVCJC-UHFFFAOYSA-N,,ChEMBL_curated,True,agonist
CC(=O)c1ccc(NC(=O)c2cc(Cl)nc3ccccc23)cc1,IDSGYYPVCFUWSX-UHFFFAOYSA-N,,ChEMBL_curated,True,agonist
COC(=O)c1ccccc1NC(=O)Cn1ccnc1,UJVHCIXNLMVXFA-UHFFFAOYSA-N,,ChEMBL_curated,True,agonist
CCOP(=O)(OCC)O/C(=C/Cl)c1ccc(Cl)cc1Cl,FSAVDKDHPDSCTO-XYOKQWHBSA-N,,ChEMBL_curated,True,agonist
Cc1ccc2c(c1[N+](=O)[O-])C(=O)c1ccccc1C2=O,FYXKXZFTZBYYNP-UHFFFAOYSA-N,,ChEMBL_curated,True,agonist
Cc1cc(N=Nc2ccccc2C)ccc1N,PFRYFZZSECNQOL-UHFFFAOYSA-N,,ChEMBL_curated,True,agonist
Clc1cc(Cl)c2oc3cc(Cl)c(Cl)cc3c2c1,SPMZHWVRMWWTSY-UHFFFAOYSA-N,,ChEMBL_curated,True,agonist
Clc1cc2c(cc1Br)Oc1cc(Br)c(Cl)cc1O2,MYVLLYZAJKDZST-UHFFFAOYSA-N,,ChEMBL_curated,True,agonist
Clc1cc(-c2ccc(Cl)c(Cl)c2Cl)cc(Cl)c1Cl,YTWXDQVNPCIEOX-UHFFFAOYSA-N,,ChEMBL_curated,True,agonist
CCCCc1cc2c(c(NC(C)=O)n1)c(=O)oc1ccccc12,NRBBJNHUAQLSTQ-UHFFFAOYSA-N,,ChEMBL_curated,True,agonist
COC(=O)c1csc(C(=O)c2c[nH]c3ccccc23)n1,KDDXOGDIPZSCTM-UHFFFAOYSA-N,,ChEMBL_curated,True,agonist
Oc1ccc(C(c2ccc(Br)cc2)c2ccccn2)cc1,BSIKFWVBWNVAAL-UHFFFAOYSA-N,,ChEMBL_curated,True,agonist
O=C(Nc1cccnc1)Nc1cc(Cl)cc(Cl)c1,YCNUSBREZUWZEV-UHFFFAOYSA-N,,ChEMBL_curated,True,agonist
Cc1ccccc1-c1cc(=O)c2c(ccc3ccccc32)o1,HTQOUKGHDBLEQZ-UHFFFAOYSA-N,,ChEMBL_curated,True,agonist
CC(C=Cc1cccc([N+](=O)[O-])c1)=NNC(=O)c1cccnc1,IGPPGDZUXAZAEQ-UHFFFAOYSA-N,,ChEMBL_curated,True,agonist
Brc1cc2c(cc1Br)Oc1cc(Br)c(Br)cc1O2,JZLQUWSWOJPCAK-UHFFFAOYSA-N,,ChEMBL_curated,True,agonist
Clc1cc(Cl)c(-c2cc(Cl)c(Cl)c(Cl)c2)c(Cl)c1,PITHIPNORFGJPI-UHFFFAOYSA-N,,ChEMBL_curated,True,agonist
O=C(Nc1ccccc1OC(=O)c1ccc(Cl)cc1)c1ccc(Cl)cc1,KDSBZHUJTOUSRK-UHFFFAOYSA-N,,ChEMBL_curated,True,agonist
[O-][n+]1onc2c3cc(-c4ccccc4)nnc3ccc21,XUNOBGQFCQNOPJ-UHFFFAOYSA-N,,ChEMBL_curated,True,agonist
Cc1csc(SCC(=O)Nc2ccc(Cl)cn2)n1,KPVDBHRTXOFQDK-UHFFFAOYSA-N,,ChEMBL_curated,True,agonist
N#CSCSc1nc2ccccc2s1,TUBQDCKAWGHZPF-UHFFFAOYSA-N,,ChEMBL_curated,True,agonist
COc1ccc(/C=N/Nc2nc3ccccc3[nH]2)cc1OC,DJKQOEXUDHHMJK-LICLKQGHSA-N,,ChEMBL_curated,True,agonist
Nc1[nH]ncc1C(=O)Nc1cccc(C(F)(F)F)c1,SJRSJUWOLAGGDE-UHFFFAOYSA-N,,ChEMBL_curated,True,agonist
Cc1ccccc1N=Nc1ccc(NC(=O)c2ccnn2C)c(C)c1,LKTNEXPODAWWFM-UHFFFAOYSA-N,,ChEMBL_curated,True,agonist
O=C1N=C(Cc2c[nH]c3ccccc23)C(=O)N1,HFLBXLIRUCSXJU-UHFFFAOYSA-N,,ChEMBL_curated,True,agonist
CC(C)(O)[C@H]1CC[C@H](NC(=O)c2cnc3nc(C4CC4)ccc3c2)CC1,VEKOTFOGNGVLSE-QAQDUYKDSA-N,,ChEMBL_curated,True,agonist
CC(=O)Nc1ccc(C(=O)CCl)cc1,VMMDOCYDNRLESP-UHFFFAOYSA-N,,ChEMBL_curated,True,agonist
Cc1csc(NC(=O)CSc2ccc3nnc(-c4ccncc4)n3n2)n1,TYSJDLJCTIMZDZ-UHFFFAOYSA-N,,ChEMBL_curated,True,agonist
c1ccc(N=NNc2ccccc2)cc1,ALIFPGGMJDWMJH-UHFFFAOYSA-N,,ChEMBL_curated,True,agonist
Clc1ccc(/C=C\c2cc(Cl)cc(Cl)c2)cc1,JMYNPQVCVQVODQ-UPHRSURJSA-N,,ChEMBL_curated,True,agonist
O=C(Oc1ccccc1)c1cccc(C(=O)Oc2ccccc2)c1,FHESUNXRPBHDQM-UHFFFAOYSA-N,,ChEMBL_curated,True,agonist
Brc1ccc2c(c1)Oc1ccc(Br)cc1O2,FPZRQZSGNKQNMF-UHFFFAOYSA-N,,ChEMBL_curated,True,agonist
Fc1ccc(/C=C\c2cc(F)cc(F)c2)cc1,AISCLLWJTMIDPD-UPHRSURJSA-N,,ChEMBL_curated,True,agonist
Clc1cc(Cl)c(-c2cc(Cl)c(Cl)c(Cl)c2)cc1Cl,AZXHAWRMEPZSSV-UHFFFAOYSA-N,,ChEMBL_curated,True,agonist
CCCCOc1ccc(/C=C\c2cc(OC)cc(OC)c2)cc1,DQKYFUQALKVCHH-SREVYHEPSA-N,,ChEMBL_curated,True,agonist
Nc1ccc(N)c([N+](=O)[O-])c1,HVHNMNGARPCGGD-UHFFFAOYSA-N,,ChEMBL_curated,True,agonist
NNc1nc(=O)c2c3c(sc2[nH]1)-c1ccccc1CC3,HEIIYFHUJSZIGX-UHFFFAOYSA-N,,ChEMBL_curated,True,agonist
O=c1[nH]c(=O)c2nc(-c3ccc(O)cc3)c(=O)n(C[C@H](O)[C@H](O)[C@H](O)CO)c2[nH]1,TXDRHIOQUDLCPV-CWSCBRNRSA-N,,ChEMBL_curated,True,agonist
O=C(/C=C\c1cccs1)c1c(O)ccc2ccc(=O)oc12,YIEQCEHJISSTDA-ALCCZGGFSA-N,,ChEMBL_curated,True,agonist
Clc1ccc2oc3c(Cl)c(Cl)ccc3c2c1,YTZWNIQGGIJHJX-UHFFFAOYSA-N,,ChEMBL_curated,True,agonist
Cc1cc(C)nc(Nc2ncc(O)n2-c2ccccc2)n1,HGZRZNWWNWCXBT-UHFFFAOYSA-N,,ChEMBL_curated,True,agonist
CCOc1ccc2nc(N)sc2c1,KOYJWFGMEBETBU-UHFFFAOYSA-N,,ChEMBL_curated,True,agonist
CC(C)(C)c1cc(C=CC=Cc2cc(O)cc(O)c2)ccc1O,SAPYYKUOFPEAHD-UHFFFAOYSA-N,,ChEMBL_curated,True,agonist
Cn1c2ccccc2c2cc3[nH]c4ccccc4c3c(C=O)c21,XGYBLMVBSSQZRI-UHFFFAOYSA-N,,ChEMBL_curated,True,agonist
Clc1ccc2c(c1)oc1cc(Cl)c(Cl)c(Cl)c12,MDNZFYGATDCKRB-UHFFFAOYSA-N,,ChEMBL_curated,True,agonist
CC(C)(C)c1cc(C=Cc2ccc(O)cc2)ccc1O,BLTATZRBGYKOEZ-UHFFFAOYSA-N,,ChEMBL_curated,True,agonist
CC(=O)Nc1cc(-c2ccc(Cl)cc2)[nH]n1,IIKSZRFVYVTNHL-UHFFFAOYSA-N,,ChEMBL_curated,True,agonist
COc1ccc(N2CCN(c3cc(C)c4ccc(O)cc4n3)CC2)cc1,KKKQJQHYCBKAGK-UHFFFAOYSA-N,,ChEMBL_curated,True,agonist
Clc1cc2oc3c(Cl)c(Cl)c(Cl)c(Cl)c3c2cc1Cl,LVYBAQIVPKCOEE-UHFFFAOYSA-N,,ChEMBL_curated,True,agonist
FC(F)(F)c1cccc(/C=C/c2cc(Cl)cc(Cl)c2)c1,FVJGGSMODLJBMK-SNAWJCMRSA-N,,ChEMBL_curated,True,agonist
CC(=O)Oc1ccc(C(c2ccc(Br)cc2)c2cccc[n+]2[O-])cc1,FYKUMGAOAVRBEH-UHFFFAOYSA-N,,ChEMBL_curated,True,agonist
O=C1c2ccccc2-c2nc3ccccc3nc21,GUGBQOJXKJAMTE-UHFFFAOYSA-N,,ChEMBL_curated,True,agonist
CCOC(=O)Cc1cc(-c2ccc(O)cc2)nc2ccc3ccccc3c12,PEKHDMHLDCARSE-UHFFFAOYSA-N,,ChEMBL_curated,True,agonist
Clc1cc2oc3cc(Cl)c(Cl)cc3c2cc1Cl,KSMVNVHUTQZITP-UHFFFAOYSA-N,,ChEMBL_curated,True,agonist
CC(=O)Nc1ccc2cc3ccc(NC(C)=O)cc3nc2c1,IPBVFYCAVIISQF-UHFFFAOYSA-N,,ChEMBL_curated,True,agonist
COc1cc(C=CC(=O)CC(=O)C=Cc2ccc(O)c(OC)c2)ccc1O,VFLDPWHFBUODDF-UHFFFAOYSA-N,,ChEMBL_curated,True,agonist
Cc1cc(-c2ccc(C(=O)N(C)c3c(C)cccc3OS(N)(=O)=O)o2)cc(C)c1O,NFKOCUZJYLKNNU-UHFFFAOYSA-N,,ChEMBL_curated,True,agonist
Cn1nc(C2CC2)c2ccc(Nc3[nH]nc4ncccc34)cc21,BOBGBFGRCGCNSE-UHFFFAOYSA-N,,ChEMBL_curated,True,agonist
COc1ccc2nc(C)cc(N/N=C/c3ccc(F)cc3)c2c1,FCIINDKJSDJDMO-RGVLZGJSSA-N,,ChEMBL_curated,True,agonist
OCc1c2c(cc3c4ccccc4n(Cc4ccccc4)c13)[nH]c1ccccc12,YYDJUYYECDLWCU-UHFFFAOYSA-N,,ChEMBL_curated,True,agonist
Cc1noc2ccc(Nc3[nH]nc4cc(F)cnc34)cc12,SEWTUAMNGASPPB-UHFFFAOYSA-N,,ChEMBL_curated,True,agonist
O=C(Nc1ccon1)c1cnc2sccn2c1=O,MOYQTOIZVLAVJN-UHFFFAOYSA-N,,ChEMBL_curated,True,agonist
CC(C)(C)c1ccc(C(c2ccc(O)cc2)c2ccccn2)cc1,KBPYLZYYYKSUJB-UHFFFAOYSA-N,,ChEMBL_curated,True,agonist
CC[C@H](C)C1NC(=O)C(NC(=O)C(N)CCCCNC(=O)COCCOCCNC(=O)COCCOCCNC(=O)C(NC(=O)C2CCCN2C(=O)C(NC(=O)C(C)NC)C2CCCCC2)C(c2ccccc2)c2ccccc2)CSSCC(C(=O)NC(CCCN=C(N)N)C(=O)NC(CC(C)(C)C)C(=O)NC(CC(C)C)C(=O)NC(CCC(N)=O)C(=O)NCC(=O)NCC(=O)NCC(=O)NC(CCCNC(=N)N)C(=O)NC(CCCNC(=N)N)C(=O)NC(CCCNC(=N)N)C(=O)NC(CCCNC(=N)N)C(=O)NC(CCCNC(=N)N)C(=O)NC(CCCNC(=N)N)C(=O)NC(CCCNC(=N)N)C(N)=O)NC(=O)C(CC(C)C)NC1=O,QFWUSRYSEZXQBO-CZIHFUFKSA-N,,ChEMBL_curated,True,agonist
O=Cc1c2[nH]c3ccccc3c2cc2[nH]c3ccccc3c12,ZUDXFBWDXVNRKF-UHFFFAOYSA-N,,ChEMBL_curated,True,agonist
OC(c1ccncc1)(c1cc2ccccc2[nH]1)c1cc2ccccc2[nH]1,OQKLLSKMLNDJJN-UHFFFAOYSA-N,,ChEMBL_curated,True,agonist
Oc1ccccc1C(c1ccc(Br)cc1)c1ccccn1,QSSLAYODZJXVIR-UHFFFAOYSA-N,,ChEMBL_curated,True,agonist
COc1cccc(-c2nc(OC)c3ccccc3n2)c1,JVKZOMRKPPPPJU-UHFFFAOYSA-N,,ChEMBL_curated,True,agonist
O=C(c1nccs1)c1cn(C(=O)c2ccccc2)c2ccccc12,YSZGEXXXBPAOJD-UHFFFAOYSA-N,,ChEMBL_curated,True,agonist
O=Nc1ccc(Nc2ccccc2)cc1,OIJHFHYPXWSVPF-UHFFFAOYSA-N,,ChEMBL_curated,True,agonist
Cc1nc(NC2=NCN(CCCN3CCOCC3)CN2)nc2c(C)cccc12,KUXGPKHPAUIQQQ-UHFFFAOYSA-N,,ChEMBL_curated,True,agonist
Nc1c2ccccc2nc2ccccc12,XJGFWWJLMVZSIG-UHFFFAOYSA-N,,ChEMBL_curated,True,agonist
Clc1ccc2c(c1)oc1c(Cl)c(Cl)c(Cl)cc12,BROFYOSLFHTGCQ-UHFFFAOYSA-N,,ChEMBL_curated,True,agonist
CC(C)n1cnc2c(NCCc3ccc(O)cc3)nc(-c3csc4ccccc34)nc21,BGFHMYJZJZLMHW-UHFFFAOYSA-N,,ChEMBL_curated,True,agonist
N#C/C(=C\c1ccc(OCC(O)CN2CCN(c3ccc(C#N)cc3)CC2)cc1)c1ccc(Cl)c(Cl)c1,HZTCPZYODZQDSF-BUVRLJJBSA-N,,ChEMBL_curated,True,agonist
CN(C)c1ccc(N)cc1,BZORFPDSXLZWJF-UHFFFAOYSA-N,,ChEMBL_curated,True,agonist
COc1ccc(/N=[N+](/[O-])c2ccc(OC)cc2)cc1,KAEZRSFWWCTVNP-FOCLMDBBSA-N,,ChEMBL_curated,True,agonist
C/C=C(/CO)COc1ccc2ccc(=O)oc2c1,XFWCMJNSTHYHSE-SGAXSIHGSA-N,,ChEMBL_curated,True,agonist
Cc1nc(Cl)sc1C(=O)Nc1ccc(C(F)(F)F)cc1,MTVDHPMZNYZXSB-UHFFFAOYSA-N,,ChEMBL_curated,True,agonist
Clc1cc2oc3cc(Cl)c(Cl)c(Cl)c3c2cc1Cl,SBMIVUVRFPGOEB-UHFFFAOYSA-N,,ChEMBL_curated,True,agonist
[O-][n+]1c(-c2ccc(Br)cc2)nc2ccc(F)cn21,SEYHSQJDXUQKEU-UHFFFAOYSA-N,,ChEMBL_curated,True,agonist
COc1ccc(Cn2cc(C(=O)c3nccs3)c3ccccc32)cc1,UKCXVSBMMYPENO-UHFFFAOYSA-N,,ChEMBL_curated,True,agonist
COc1cccc(-c2nc(SC)c3ccccc3n2)c1,SAUVUKJMFHBLNQ-UHFFFAOYSA-N,,ChEMBL_curated,True,agonist
Cc1cc(Cl)cc2c1oc1cc(Cl)cc(Cl)c12,RPMARRQIRRJWEZ-UHFFFAOYSA-N,,ChEMBL_curated,True,agonist
O=C(c1cc(S(=O)(=O)Nc2ccccc2F)c(F)cc1Cl)N1CCN2CCC[C@@H]2C1,AGPIHNZOZNKRGT-CYBMUJFWSA-N,,ChEMBL_curated,True,agonist
Nc1cccc(Nc2ncnc3ccccc23)c1,VABQVFUQOPCNBG-UHFFFAOYSA-N,,ChEMBL_curated,True,agonist
O=C1N=c2c(Br)cccc2=C1c1[nH]c2ccccc2c1NOCCN1CCNCC1,NQDNVLPZBKUPQV-UHFFFAOYSA-N,,ChEMBL_curated,True,agonist
Clc1ccc2oc3cc(Cl)c(Cl)cc3c2c1,NUNSNNOYACKRIK-UHFFFAOYSA-N,,ChEMBL_curated,True,agonist
O=C(/C=C/c1ccc(OC(F)(F)F)cc1)c1ccc[nH]1,CHYAUPBLEZOXEA-VMPITWQZSA-N,,ChEMBL_curated,True,agonist
CCn1c(-c2nc3cc(C(=O)N4CC[C]C(N)C4)ccc3n2C)cc2ccccc21,NRTINSNJYXEEJE-UHFFFAOYSA-N,,ChEMBL_curated,True,agonist
O=c1cc(-c2ccccc2F)oc2ccc3ccccc3c12,ZWMCNYORTGSOLV-UHFFFAOYSA-N,,ChEMBL_curated,True,agonist
COc1cc(C(=O)N2CC[C@@H](O)[C@@H](N)C2)cc2nc(-c3cc4ccccc4n3CC3CC3)n(C)c12,BDYDINKSILYBOL-WMZHIEFXSA-N,,ChEMBL_curated,True,agonist
Cc1noc2c(F)cc(Nc3[nH]nc4ncccc34)cc12,CMKYFVFTNIFSHB-UHFFFAOYSA-N,,ChEMBL_curated,True,agonist
[O-][n+]1c(-c2ccc(Br)cc2)nc2c(Br)cccn21,OKCRWCOWRNWOOJ-UHFFFAOYSA-N,,ChEMBL_curated,True,agonist
O=c1c2c([nH]c3ccccc32)sc2[nH]c3ccccc3c12,CAOWYCDHTQIXNU-UHFFFAOYSA-N,,ChEMBL_curated,True,agonist
O=C1c2cc(Br)c(Cl)cc2C[C@H]2c3ccccc3CCN12,KMFMHNWLVDMGHT-INIZCTEOSA-N,,ChEMBL_curated,True,agonist
CCn1c2ccccc2c2c(C=O)c3c(cc21)c1ccccc1n3C,RSVSSRGFBZSGBY-UHFFFAOYSA-N,,ChEMBL_curated,True,agonist
CCn1c2ccccc2c2cc3[nH]c4ccccc4c3c(CO)c21,GBXROTAHTATBHF-UHFFFAOYSA-N,,ChEMBL_curated,True,agonist
OCc1c2[nH]c3ccccc3c2cc2[nH]c3ccccc3c12,UAKFGPWQCFFWEK-UHFFFAOYSA-N,,ChEMBL_curated,True,agonist
C[C@@H]1[C@H]2C[C@@H](C[C@H]1NC(=O)c1cc3c(F)cc(F)cc3[nH]1)C2(C)C,NMADHXLLWGXXLW-YJKIEOBBSA-N,,ChEMBL_curated,True,agonist
Clc1cc(Cl)c2c(c1)oc1c(Cl)c(Cl)c(Cl)cc12,FRLMQDUYUJIHCZ-UHFFFAOYSA-N,,ChEMBL_curated,True,agonist
Clc1ccc(-c2ccc(Cl)c(Cl)c2)cc1Cl,UQMGJOKDKOLIDP-UHFFFAOYSA-N,,ChEMBL_curated,True,agonist
Cc1cc(-c2ccc(C(=O)C3CCCCC3C(=O)Nc3cnn(C)c3C(=O)NOC(C)(C)C)cc2)[nH]n1,BMQWIMXUMVEYAP-UHFFFAOYSA-N,,ChEMBL_curated,True,agonist
O=c1c2cccc3cccc(c32)c2nc3ccc(Cl)cc3n12,ZJESJVGSDQOZAT-UHFFFAOYSA-N,,ChEMBL_curated,True,agonist
CN(C)c1ccc(/N=N/c2ccc(C(=O)NCCOCCOCCOCCO)cc2)cc1,JNQHPEGUFHQQLL-OCEACIFDSA-N,,ChEMBL_curated,True,agonist
CCOc1ccc(/C=C/c2cc(OC)cc(OC)c2)cc1,KDXLDHCWXKUFFD-AATRIKPKSA-N,,ChEMBL_curated,True,agonist
CC(=O)Oc1ccc(C(c2ccc(C(F)(F)F)cc2)c2ccccn2)cc1,CHDJGHUFHZZQPL-UHFFFAOYSA-N,,ChEMBL_curated,True,agonist
COc1ccc(C(c2ccccn2)c2c[nH]c3ccccc23)cc1,GEVQBEHNBPSQEH-UHFFFAOYSA-N,,ChEMBL_curated,True,agonist
COc1ccc(C(O)(c2ccccn2)c2ccc3ccccc3n2)cc1,JIPIJNCIKDIZCK-UHFFFAOYSA-N,,ChEMBL_curated,True,agonist
CC(=O)Oc1ccc(C(c2ccc(C(C)(C)C)cc2)c2ccccn2)cc1,XUOIELIRGCSILJ-UHFFFAOYSA-N,,ChEMBL_curated,True,agonist
O=C(NN=Cc1c[nH]c2ccccc12)C1COc2ccccc2O1,BEMZLCOGADPGKG-UHFFFAOYSA-N,,ChEMBL_curated,True,agonist
CC(=O)Oc1ccc(C(c2ccc(Br)cc2)c2ccccn2)cc1,NADHXASCDKTTIT-UHFFFAOYSA-N,,ChEMBL_curated,True,agonist
Cc1ccc(C(c2ccccn2)c2ccccc2O)cc1,KJTZQOWJFGEFFI-UHFFFAOYSA-N,,ChEMBL_curated,True,agonist
Clc1cccc2c1Oc1ccccc1O2,VGGGRWRBGXENKI-UHFFFAOYSA-N,,ChEMBL_curated,True,agonist
Nc1nc2c(Cl)cccc2s1,OEQQFQXMCPMEIH-UHFFFAOYSA-N,,ChEMBL_curated,True,agonist
Clc1ccc2[nH]cc(Cc3cc4ccccc4[nH]3)c2c1,OSTIXKKSSZMBPY-UHFFFAOYSA-N,,ChEMBL_curated,True,agonist
CC(=O)n1cc(C(=O)c2nccs2)c2ccccc21,QFAXQDPHTLZIOG-UHFFFAOYSA-N,,ChEMBL_curated,True,agonist
[O-][n+]1c(-c2ccc(Br)cc2)nc2ccc(C(F)(F)F)cn21,UAQROUWDBZLODA-UHFFFAOYSA-N,,ChEMBL_curated,True,agonist
COC(=O)c1ccc(-c2nc3ccccn3[n+]2[O-])cc1,NKFZXASNERKRGI-UHFFFAOYSA-N,,ChEMBL_curated,True,agonist
COc1ccc(Cl)cc1C(=O)Nc1ccc(N(C)C(C)=O)cc1,WEFGNFJOUYOQLP-UHFFFAOYSA-N,,ChEMBL_curated,True,agonist
Cc1cc(-c2cc(C)c(N)c(C)c2)cc(C)c1N,UAIUNKRWKOVEES-UHFFFAOYSA-N,,ChEMBL_curated,True,agonist
CCOc1ccc(NC(=O)c2cc3ccccc3cc2OC)cc1,RHGZQBLFVXMWLY-UHFFFAOYSA-N,,ChEMBL_curated,True,agonist
COc1ccc2[nH]cc(Cc3cc4ccccc4[nH]3)c2c1,XKHNUOWONZJDIJ-UHFFFAOYSA-N,,ChEMBL_curated,True,agonist
Clc1cccc2c1oc1ccccc12,RHRYBWFAHXCUCR-UHFFFAOYSA-N,,ChEMBL_curated,True,agonist
Clc1ccc(-c2cc(Cl)c(Cl)c(Cl)c2Cl)cc1,SXZSFWHOSHAKMN-UHFFFAOYSA-N,,ChEMBL_curated,True,agonist
COc1ccccc1NC(=O)c1ccc2c(c1)nnn2C,PNMQAMJBTQULHL-UHFFFAOYSA-N,,ChEMBL_curated,True,agonist
Clc1ccc2oc3c(Cl)cccc3c2c1,XVLCNKFGFHUQNL-UHFFFAOYSA-N,,ChEMBL_curated,True,agonist
O=C(c1nccs1)c1c[nH]c2ccccc12,DFYPIVYFSGGXGT-UHFFFAOYSA-N,,ChEMBL_curated,True,agonist
[O-][n+]1c(-c2ccc(Cl)cc2)nc2ccccn21,BXVJKKHVSDACSH-UHFFFAOYSA-N,,ChEMBL_curated,True,agonist
CC(=O)Nc1cccc2c1C(=O)N(c1ccc(C)cc1)C2=O,BZSSWJNPCNECQE-UHFFFAOYSA-N,,ChEMBL_curated,True,agonist
Clc1cc2oc3ccccc3c2cc1Cl,GETJJZZRPQFSFM-UHFFFAOYSA-N,,ChEMBL_curated,True,agonist
O=C1c2ccccc2C(=O)C1c1ccc2ccccc2n1,IZMJMCDDWKSTTK-UHFFFAOYSA-N,,ChEMBL_curated,True,agonist
Cc1ccc(N=Nc2c(O)ccc3ccccc23)c(C)c1,JBTHDAVBDKKSRW-UHFFFAOYSA-N,,ChEMBL_curated,True,agonist
Clc1cc(Cl)c2c(c1)Oc1cc(Cl)c(Cl)cc1O2,VPTDIAYLYJBYQG-UHFFFAOYSA-N,,ChEMBL_curated,True,agonist
c1ccc2cc3c(ccc4ccccc43)cc2c1,DXBHBZVCASKNBY-UHFFFAOYSA-N,,ChEMBL_curated,True,agonist
N=C(Nc1ccccc1)Nc1ccccc1,OWRCNXZUPFZXOS-UHFFFAOYSA-N,,ChEMBL_curated,True,agonist
Nc1c(Cl)c(Cl)c(Cl)c(Cl)c1Cl,KHCZSJXTDDHLGJ-UHFFFAOYSA-N,,ChEMBL_curated,True,agonist
FC(F)(F)c1ccc(/C=C\c2cc(C(F)(F)F)cc(C(F)(F)F)c2)cc1,YWZOTDCCYHOIST-UPHRSURJSA-N,,ChEMBL_curated,True,agonist
Clc1ccc2oc3ccc(Cl)cc3c2c1,IVVRJIDVYSPKFZ-UHFFFAOYSA-N,,ChEMBL_curated,True,agonist
CSc1ncc(C(=O)Nc2ccc(Cl)cc2)c(C)n1,QQGFMJRWPGIRDB-UHFFFAOYSA-N,,ChEMBL_curated,True,agonist
O=c1cc(-c2ccccn2)oc2ccc3ccccc3c12,ZTEHSCMHCBKLIH-UHFFFAOYSA-N,,ChEMBL_curated,True,agonist
Clc1ccc(-c2cc(Cl)c(Cl)c(Cl)c2)cc1,BHWVLZJTVIYLIV-UHFFFAOYSA-N,,ChEMBL_curated,True,agonist
[O-][n+]1c(-c2ccc(Br)nc2)nc2ccccn21,WLIAZUBBZBOBOS-UHFFFAOYSA-N,,ChEMBL_curated,True,agonist
Brc1ccc(-c2nc3ccc(-c4ccccc4)cn3n2)cc1,BCVBKHVJUXTMKP-UHFFFAOYSA-N,,ChEMBL_curated,True,agonist
COc1cc(/C=N/NC(=O)c2cccnc2)cc2c1OCO2,RVLDMOUPZDHPJS-REZTVBANSA-N,,ChEMBL_curated,True,agonist
Cc1ccc2c(c1N)C(=O)c1ccccc1C2=O,ZLCUIOWQYBYEBG-UHFFFAOYSA-N,,ChEMBL_curated,True,agonist
COc1cc(/C=C\c2ccc(F)cc2)cc(OC)c1,BXIQOACOSDGVBH-ARJAWSKDSA-N,,ChEMBL_curated,True,agonist
CCOCC(=O)Nc1cccc(-c2nc3cccnc3s2)c1C,UQDFLIMKRJFLOE-UHFFFAOYSA-N,,ChEMBL_curated,True,agonist
Cc1ccc(-n2c(=O)[nH]cc(C(=O)Nc3ccc4c(c3)OCO4)c2=O)cc1C,YPWGATKMPLJETN-UHFFFAOYSA-N,,ChEMBL_curated,True,agonist
COc1cc(C=NNC(=O)c2cccc(NC(=O)c3ccccc3)c2)ccc1O,LOIJGQHADXQMMX-UHFFFAOYSA-N,,ChEMBL_curated,True,agonist
COCC(=O)N1CCc2ccc(NC(=O)c3ccc(C(F)(F)F)cc3)cc2C1,SFZMDWWWNYNTCA-UHFFFAOYSA-N,,ChEMBL_curated,True,agonist
COc1cccc(-c2nc(=S)c3ccccc3[nH]2)c1,SGSOUQOVKICATR-UHFFFAOYSA-N,,ChEMBL_curated,True,agonist
Oc1ccc2cc(SSc3ccc4cc(O)ccc4c3)ccc2c1,AHXGXXJEEHFHDK-UHFFFAOYSA-N,,ChEMBL_curated,True,agonist
Clc1cc2c(oc3cc(Cl)c(Cl)c(Cl)c32)c(Cl)c1Cl,JEYJJJXOFWNEHN-UHFFFAOYSA-N,,ChEMBL_curated,True,agonist
Cc1ccc(Nc2ncccc2C(N)=O)cc1,QSBJMVSZUKBBIL-UHFFFAOYSA-N,,ChEMBL_curated,True,agonist
N#Cc1cccc(C(=O)c2c[nH]c3ccccc23)n1,ADMPCCRPLHYARS-UHFFFAOYSA-N,,ChEMBL_curated,True,agonist
O=C(N/N=C/c1ccc(-c2ccccc2[N+](=O)[O-])o1)c1cncc(Br)c1,WZTANKODANEIRR-KEBDBYFISA-N,,ChEMBL_curated,True,agonist
O=C(O)c1cc(N=Nc2ccc([N+](=O)[O-])cc2)ccc1O,YVJPMMYYRNHJAU-UHFFFAOYSA-N,,ChEMBL_curated,True,agonist
Nc1ccc(N)c(Cl)c1,MGLZGLAFFOMWPB-UHFFFAOYSA-N,,ChEMBL_curated,True,agonist
CN(C)c1ccc(N=O)cc1,CMEWLCATCRTSGF-UHFFFAOYSA-N,,ChEMBL_curated,True,agonist
Oc1ccc(C=CC=Cc2cc(O)cc(O)c2)cc1,OTIFOXGFOBXFRX-UHFFFAOYSA-N,,ChEMBL_curated,True,agonist
CN(C)CCCN1C(=O)c2cccc3cccc(c23)C1=O,JFMVGTHZMQOEEU-UHFFFAOYSA-N,,ChEMBL_curated,True,agonist
O=C(Nc1ccccc1)c1cc(Cl)ccc1O,KGYNGVVNFRUOOZ-UHFFFAOYSA-N,,ChEMBL_curated,True,agonist
CN(C)c1ccc(C(=C2C=CC(=[N+](C)C)C=C2)c2ccccc2)cc1,VFCNQNZNPKRXIT-UHFFFAOYSA-N,,ChEMBL_curated,True,agonist
Clc1ccc(Nc2nc(-c3cccs3)cs2)nc1,OSWCDUQDLSLAGR-UHFFFAOYSA-N,,ChEMBL_curated,True,agonist
Nc1cccc2c(N)cccc12,KQSABULTKYLFEV-UHFFFAOYSA-N,,ChEMBL_curated,True,agonist
Clc1cc2oc3c(Cl)c(Cl)c(Cl)cc3c2cc1Cl,OGBQILNBLMPPDP-UHFFFAOYSA-N,,ChEMBL_curated,True,agonist
Clc1cc2oc3c(Cl)c(Cl)cc(Cl)c3c2cc1Cl,ORSUQGVCWLXKLZ-UHFFFAOYSA-N,,ChEMBL_curated,True,agonist
O=C(Nc1ccc2c(c1)OCO2)c1ccncc1,MEVFOXKUDRIVLT-UHFFFAOYSA-N,,ChEMBL_curated,True,agonist
Nc1ccc(-c2ccc(N)c(Cl)c2)cc1Cl,HUWXDEQWWKGHRV-UHFFFAOYSA-N,,ChEMBL_curated,True,agonist
Cc1ccc(O)c(N)c1,ZMXYNJXDULEQCK-UHFFFAOYSA-N,,ChEMBL_curated,True,agonist
c1ccc(Nc2ccc3ccccc3c2)cc1,KEQFTVQCIQJIQW-UHFFFAOYSA-N,,ChEMBL_curated,True,agonist
Cc1cc(Nc2ccc(O)cc2)ccc1N,JGXPJGJSAMZYBO-UHFFFAOYSA-N,,ChEMBL_curated,True,agonist
COCC(=O)Nc1nnc(-c2cccs2)s1,BGOHMAJTGWYSNO-UHFFFAOYSA-N,,ChEMBL_curated,True,agonist
CCC(CC)c1cc(C=Cc2cc(O)cc(O)c2)ccc1O,FSTACZPIKGOMKL-UHFFFAOYSA-N,,ChEMBL_curated,True,agonist
CCC(CC)c1cc(C=CC=Cc2cc(O)cc(O)c2)cc(C(CC)CC)c1O,BYJNSXQTTDBDNO-UHFFFAOYSA-N,,ChEMBL_curated,True,agonist
CCC(CC)c1cc(C=Cc2cc(O)cc(O)c2)cc(C(CC)CC)c1O,YESCJYWGQGRVBA-UHFFFAOYSA-N,,ChEMBL_curated,True,agonist
CC(C)(C)c1cc(C=CC=Cc2cc(O)cc(O)c2)cc(C(C)(C)C)c1O,RKFUXRDBQPOJIU-UHFFFAOYSA-N,,ChEMBL_curated,True,agonist
CN1CCN(c2ccc(NC(=O)c3sc4ccccc4c3Cl)cc2)CC1,PQXJTUXHWHJQBX-UHFFFAOYSA-N,,ChEMBL_curated,True,agonist
Cc1[nH]c2ccccc2c1C,PYFVEIDRTLBMHG-UHFFFAOYSA-N,,ChEMBL_curated,True,agonist
[O-]/[N+](=N/c1ccccc1)c1ccccc1,GAUZCKBSTZFWCT-BUHFOSPRSA-N,,ChEMBL_curated,True,agonist
O=C(Nc1ccccc1)c1cc([N+](=O)[O-])ccc1Cl,DNTSIBUQMRRYIU-UHFFFAOYSA-N,,ChEMBL_curated,True,agonist
C1=Nc2c3ccccc3nc3nc4ccccc4c(c23)C1,QRBBUWBHMKUYPE-UHFFFAOYSA-N,,ChEMBL_curated,True,agonist
C=c1[nH]c2ccccc2c1=Cc1[nH]c(=S)n(C)c1O,OILXBUNJJMSDBT-UHFFFAOYSA-N,,ChEMBL_curated,True,agonist
COc1ccccc1C(=O)Nc1ccc(N2CCCCC2)cc1,AKQRIMAIGHZUEL-UHFFFAOYSA-N,,ChEMBL_curated,True,agonist
Clc1cc(Cl)c2oc3c(Cl)cc(Cl)c(Cl)c3c2c1,JDTUAYPJSSXDNO-UHFFFAOYSA-N,,ChEMBL_curated,True,agonist
O=C(O)C1(C(=O)Nc2ccc(Cl)cc2Cl)CC1,GLWWLNJJJCTFMZ-UHFFFAOYSA-N,,ChEMBL_curated,True,agonist
COc1ccc(C(=O)Nc2ccccc2)cc1[N+](=O)[O-],YKOCPBMVMBUTAX-UHFFFAOYSA-N,,ChEMBL_curated,True,agonist
FC(F)(F)c1ccc(-c2nc3ccc(Br)cn3n2)cc1,NBDVEQLTYXRWJV-UHFFFAOYSA-N,,ChEMBL_curated,True,agonist
Brc1ccc(-c2nc3c(Br)cccn3n2)cc1,NNHYXGVMDQBFBD-UHFFFAOYSA-N,,ChEMBL_curated,True,agonist
[O-][n+]1c(-c2ccc3ccccc3c2)nc2ccccn21,JBUNPPZHFJRXSJ-UHFFFAOYSA-N,,ChEMBL_curated,True,agonist
Clc1cc2c(oc3c(Cl)cc(Cl)c(Cl)c32)c(Cl)c1Cl,CKDDYGBBKXIHRY-UHFFFAOYSA-N,,ChEMBL_curated,True,agonist
C/C(=N/Nc1ccc(F)cc1)c1ccc(Cl)s1,VHCWRPWRDICZKI-NVNXTCNLSA-N,,ChEMBL_curated,True,agonist
Cc1cnc(NC(=O)c2c(Cl)cnn2C)s1,DDGPIMRGPVTWMK-UHFFFAOYSA-N,,ChEMBL_curated,True,agonist
CCC(C)Nc1ccc(NC(C)CC)cc1,FSWDLYNGJBGFJH-UHFFFAOYSA-N,,ChEMBL_curated,True,agonist
Fc1ccc2nc(-c3ccc(Br)cc3)nn2c1,KBXVEWXFYBAEAO-UHFFFAOYSA-N,,ChEMBL_curated,True,agonist
Clc1ccc2oc3c(Cl)c(Cl)c(Cl)c(Cl)c3c2c1,ZCTNDJSCLPJCRA-UHFFFAOYSA-N,,ChEMBL_curated,True,agonist
CCCCCCCCCCNCCOc1ccc(C(CCC)(CCC)c2ccc(O)c(C)c2)cc1C,DZSQITFUKMILSZ-UHFFFAOYSA-N,,ChEMBL_curated,True,agonist
COc1ccccc1/C=C/C(=O)c1ccc[nH]1,UKBOFKJNWJETFB-CMDGGOBGSA-N,,ChEMBL_curated,True,agonist
CCOc1cc(/C=C/C(=O)c2ccncc2)cc(OC)c1OCC,SQZFPRBIMUDDBG-VOTSOKGWSA-N,,ChEMBL_curated,True,agonist
COc1ccc2nc3[se]c4[nH]c5ccc(OC)cc5c4cc-3c2c1,VHHISIQAACEXQN-UHFFFAOYSA-N,,ChEMBL_curated,True,agonist
Clc1ccc2c(c1)Oc1cc(Cl)ccc1O2,WMWJCKBJUQDYLM-UHFFFAOYSA-N,,ChEMBL_curated,True,agonist
CC1(C)c2c([nH]c3ccccc23)Sc2[nH]c3ccccc3c21,LNBVLGLWJANVHU-UHFFFAOYSA-N,,ChEMBL_curated,True,agonist
FC(F)(F)c1nccc2cc(Nc3[nH]nc4ncccc34)ccc12,RUEXKBWCUUFJMY-UHFFFAOYSA-N,,ChEMBL_curated,True,agonist
Brc1ccc2c(c1)Oc1cc(Br)c(Br)cc1O2,BYNRLLTUMJGOGR-UHFFFAOYSA-N,,ChEMBL_curated,True,agonist
Clc1cc2c(cc1Cl)Oc1c(cc(Cl)c(Cl)c1Cl)O2,FSPZPQQWDODWAU-UHFFFAOYSA-N,,ChEMBL_curated,True,agonist
O=S(=O)(NNc1ncc(C(F)(F)F)cc1Cl)c1ccc(F)cc1F,QMYHGWDJTXAPOF-UHFFFAOYSA-N,,ChEMBL_curated,True,agonist
Cc1cc(Nc2ccc(Br)cc2)n2nc(C)nc2n1,NWZGBKYKGPGJOQ-UHFFFAOYSA-N,,ChEMBL_curated,True,agonist
Cc1cncc(Cc2cc(-c3ccccc3)no2)c1,VFHIZDXRXFCKHF-UHFFFAOYSA-N,,ChEMBL_curated,True,agonist
Cc1cc(OS(N)(=O)=O)ccc1N(C)C(=O)c1ccc(-c2cc(C)c(O)c(C)c2)o1,PXNXKCMSTSXRMM-UHFFFAOYSA-N,,ChEMBL_curated,True,agonist
Clc1ccc2oc3ccccc3c2c1,PRKTYWJFCODJOA-UHFFFAOYSA-N,,ChEMBL_curated,True,agonist
Cc1[nH]c2c(C)cccc2c1C,USKKDNORVCJALM-UHFFFAOYSA-N,,ChEMBL_curated,True,agonist
Fc1cc(F)c2[nH]cc(Cc3c[nH]c4c(F)cc(F)cc34)c2c1,VOZFGFKTXNHCLF-UHFFFAOYSA-N,,ChEMBL_curated,True,agonist
Cc1cc(-c2nnc3sc(-c4ccccc4Br)nn23)[nH]n1,XSTHTUXWDAZIDE-UHFFFAOYSA-N,,ChEMBL_curated,True,agonist
COc1cc(/C=C/C(=O)c2ccncc2)cc(OC)c1OC,LTMMHRRDZVGAIL-SNAWJCMRSA-N,,ChEMBL_curated,True,agonist
CN1C(=O)C(Cc2c[nH]c3ccccc23)=NC1=S,RPFXRIRFCFDVDE-UHFFFAOYSA-N,,ChEMBL_curated,True,agonist
Cc1ccc([N+](=O)[O-])c2c1N=C(c1ccc(Br)cc1)NO2,YJBRLBOOAOAIGW-UHFFFAOYSA-N,,ChEMBL_curated,True,agonist
O=C1C(Cc2[nH]nc3ccccc23)=NC(=S)N1CCO,VSIGSJWYLUQABR-UHFFFAOYSA-N,,ChEMBL_curated,True,agonist
CN1C(=O)C(Cc2ccccn2)=NC1=S,VDDFBDWXOHNOIY-UHFFFAOYSA-N,,ChEMBL_curated,True,agonist
CCN(CC)c1ccc(N)cc1,QNGVNLMMEQUVQK-UHFFFAOYSA-N,,ChEMBL_curated,True,agonist
Cc1ccc2nc(-c3ccc(N)cc3)sc2c1S(=O)(=O)O,KGZUHYIHYBDNLC-UHFFFAOYSA-N,,ChEMBL_curated,True,agonist
Cc1c2c3ccccc3nc-2sc2[nH]c3ccccc3c12,RTFGFHRDVJIGPA-UHFFFAOYSA-N,,ChEMBL_curated,True,agonist
CC(=O)N1CCN(c2cc(-c3ccccc3O)nnc2N)C[C@H]1C,FHRKRGDHMCCDEO-LLVKDONJSA-N,,ChEMBL_curated,True,agonist
COc1ccc(NC(=O)c2cccc3c(Br)cccc23)cc1,CHPLHBZZKHCNKN-UHFFFAOYSA-N,,ChEMBL_curated,True,agonist
Clc1cc(Cl)c2c(c1)oc1cc(Cl)c(Cl)c(Cl)c12,JVUSEQPOWCBYNG-UHFFFAOYSA-N,,ChEMBL_curated,True,agonist
C[C@@H]1Cc2cc(C(=O)Nc3ccccc3)c(=O)n(C)c2C1,VZVMLOIGELVJKQ-LLVKDONJSA-N,,ChEMBL_curated,True,agonist
FC(F)(F)c1ccc(/C=C/c2cc(Cl)cc(Cl)c2)cc1,ISPYNXGXZRLLHM-OWOJBTEDSA-N,,ChEMBL_curated,True,agonist
Clc1ccc2c(c1)oc1ccccc12,BBOZMMAURMEVAR-UHFFFAOYSA-N,,ChEMBL_curated,True,agonist
Clc1cc(Cl)c2c(c1)oc1ccc(Cl)cc12,PHFSTDOPTZHECA-UHFFFAOYSA-N,,ChEMBL_curated,True,agonist
COc1ccc(NC(=O)c2ccc(C)cc2)c(OC)c1,AGWCBNJDPXUGEN-UHFFFAOYSA-N,,ChEMBL_curated,True,agonist
Clc1cc(Cl)c2c(c1Cl)Oc1ccccc1O2,HRVUKLBFRPWXPJ-UHFFFAOYSA-N,,ChEMBL_curated,True,agonist
Oc1ccc(O)c2c(O)cccc12,NHEVNUARLCWEED-UHFFFAOYSA-N,,ChEMBL_curated,True,agonist
Cc1ccc2cc3c(NC(=O)CC(C)C)nn(C)c3nc2c1,NJAIEVMLMDSPCB-UHFFFAOYSA-N,,ChEMBL_curated,True,agonist
C=CCn1cc(C(=O)c2nccs2)c2ccccc21,KMHVMLLTSDUFBZ-UHFFFAOYSA-N,,ChEMBL_curated,True,agonist
C[C@@H]1CCc2c1cc(C(=O)Nc1cc3ccccc3[nH]1)c(=O)n2C,VAAVMDUDYQQYBR-LLVKDONJSA-N,,ChEMBL_curated,True,agonist
[O-][n+]1c(-c2ccc(Br)cc2)nc2ccc(Br)cn21,QPYOCBVCWHCXFU-UHFFFAOYSA-N,,ChEMBL_curated,True,agonist
Clc1ccc2nc(-c3ccc(Br)cc3)nn2c1,QQYRFVVXPQXINM-UHFFFAOYSA-N,,ChEMBL_curated,True,agonist
Cc1ccc(-c2nc3ccc(Br)cn3n2)cc1,YYDJXGOVNDHFNZ-UHFFFAOYSA-N,,ChEMBL_curated,True,agonist
Cc1noc2c(F)cc(Nc3[nH]nc4cccnc34)cc12,ZYDFCUFZQFYWKO-UHFFFAOYSA-N,,ChEMBL_curated,True,agonist
CN1C(=O)C(Cc2csc3ccccc23)=NC1=S,PFOVATJQLLJHMM-UHFFFAOYSA-N,,ChEMBL_curated,True,agonist
CC(=O)Oc1ccc(C(c2ccc(Cl)cc2)c2cccc[n+]2[O-])cc1,JWAAPNYCQOVZEO-UHFFFAOYSA-N,,ChEMBL_curated,True,agonist
Oc1ccccc1C(c1ccc(Cl)cc1)c1ccccn1,FMRLOMCGOKYAKG-UHFFFAOYSA-N,,ChEMBL_curated,True,agonist
Clc1cc2c(cc1Cl)Oc1c(ccc(Cl)c1Cl)O2,YDZCLBKUTXYYKS-UHFFFAOYSA-N,,ChEMBL_curated,True,agonist
O=C1NC(=S)N=C1Cc1[nH]nc2ccccc12,BFOYSDTUENRLES-UHFFFAOYSA-N,,ChEMBL_curated,True,agonist
CC(=O)Oc1ccc(C(c2ccccn2)n2nnc3ccccc32)cc1,JLUBUVIDCCTEMA-UHFFFAOYSA-N,,ChEMBL_curated,True,agonist
Cc1ccc(C(c2ccc(O)cc2)c2ccccn2)cc1,AKQMLZBPROMBQD-UHFFFAOYSA-N,,ChEMBL_curated,True,agonist
O=Cc1c(Cc2c[nH]c3ccc(Cl)cc23)[nH]c2ccccc12,IDDUUHHPSKLXPI-UHFFFAOYSA-N,,ChEMBL_curated,True,agonist
[O-][n+]1c(-c2cccnc2)nc2ccccn21,HAYKOAYFWFXAQJ-UHFFFAOYSA-N,,ChEMBL_curated,True,agonist
COc1cc([C@@H](CC(=O)O)c2ccc(C)c(CN3C[C@@H](C)Oc4ccccc4S3(=O)=O)c2)cc2nnn(C)c12,ZDNGJXBUEQNFBQ-GCJKJVERSA-N,,ChEMBL_curated,True,agonist
CC(C)N1C(=O)N=C(Cc2c[nH]c3ccccc23)C1=O,JOEVUVHUYVJCSD-UHFFFAOYSA-N,,ChEMBL_curated,True,agonist
COc1ccc(C(c2ccccn2)c2c(O)ccc3ccccc23)cc1,WZFQALZRNFYXQT-UHFFFAOYSA-N,,ChEMBL_curated,True,agonist
CN(C)c1ccc(/N=N/c2ccc(C(=O)NCCOCCOCCOCCOCc3ccc(-c4cc(=O)c5c(ccc6ccccc65)o4)cc3)cc2)cc1,KYXATDXLEUXMDN-XVIFHXHVSA-N,,ChEMBL_curated,True,agonist
Clc1ccc(-c2ccc(Cl)cc2Cl)c(Cl)c1,QORAVNMWUNPXAO-UHFFFAOYSA-N,,ChEMBL_curated,True,agonist
Fc1ccc2[nH]cc(Cc3c[nH]c4ccc(F)cc34)c2c1,BEBUKYWOUXBVEE-UHFFFAOYSA-N,,ChEMBL_curated,True,agonist
CN1C(=O)C(Cc2cc3ccccc3[nH]2)=NC1=S,VRLICJNYRNMAIP-UHFFFAOYSA-N,,ChEMBL_curated,True,agonist
C1=C/CC/C=C/CC/C=C/CC/1,ZOLLIQAKMYWTBR-FFWAUJBHSA-N,,ChEMBL_curated,True,agonist
COc1ccc(/C=C/C(=O)c2ccncc2)c(OC)c1OC,QKPIWKMIIRSWKS-GQCTYLIASA-N,,ChEMBL_curated,True,agonist
CC(=O)Oc1ccc(C(c2ccc(C(C)(C)C)cc2)c2cccc[n+]2[O-])cc1,PORNMMMLVXAFFG-UHFFFAOYSA-N,,ChEMBL_curated,True,agonist
Cc1ccc(N=Nc2c(O)ccc3ccccc23)c([N+](=O)[O-])c1,ZLFVRXUOSPRRKQ-UHFFFAOYSA-N,,ChEMBL_curated,True,agonist
Cn1cc(Cc2cc3ccccc3[nH]2)c2ccccc21,XSEDDFYLKCPNEV-UHFFFAOYSA-N,,ChEMBL_curated,True,agonist
CC(=O)Oc1ccc(C(c2ccc(C)cc2)c2ccccn2)cc1,WUXNQBWLIGCOBZ-UHFFFAOYSA-N,,ChEMBL_curated,True,agonist
Clc1cc2oc3c(Cl)cccc3c2c(Cl)c1Cl,BBAXFLIBRPXRBP-UHFFFAOYSA-N,,ChEMBL_curated,True,agonist
CC#CCN1C(=O)C(Cc2[nH]nc3ccccc23)=NC1=S,YQCMFJWHUVOOBB-UHFFFAOYSA-N,,ChEMBL_curated,True,agonist
Cc1noc2ccc(Nc3[nH]nc4ncccc34)cc12,FMJQBDRMAKWHII-UHFFFAOYSA-N,,ChEMBL_curated,True,agonist
Clc1cc2c(oc3c(Cl)cccc32)c(Cl)c1Cl,JNVHSHPAAMRSKK-UHFFFAOYSA-N,,ChEMBL_curated,True,agonist
COc1ccc(NC(=O)c2cc3ccccc3n(C)c2=O)cc1,VOVITHMCNDEBJU-UHFFFAOYSA-N,,ChEMBL_curated,True,agonist
Clc1ccc(-c2ccc(Cl)c(Cl)c2Cl)cc1Cl,WIDHRBRBACOVOY-UHFFFAOYSA-N,,ChEMBL_curated,True,agonist
c1ccc2c3cc4[nH]c5ccccc5c4sc-3nc2c1,BQLCMHJUSVTVIO-UHFFFAOYSA-N,,ChEMBL_curated,True,agonist
Cc1c2c3ccccc3nc-2[se]c2[nH]c3ccccc3c12,OAHPKWMTHWMLNL-UHFFFAOYSA-N,,ChEMBL_curated,True,agonist
O=C(c1cccc(C(F)(F)F)n1)c1c[nH]c2ccccc12,LANJLFOCGPBZLQ-UHFFFAOYSA-N,,ChEMBL_curated,True,agonist
Clc1ccc2c(c1)Oc1cc(Cl)c(Cl)cc1O2,ZSIZNEVHVVRPFF-UHFFFAOYSA-N,,ChEMBL_curated,True,agonist
CCOn1c(C(O)(c2ccncc2)c2cc3ccccc3[nH]2)cc2ccccc21,OIAZJOWHRRRYNS-UHFFFAOYSA-N,,ChEMBL_curated,True,agonist
CCCCOCC1CO1,YSUQLAYJZDEMOT-UHFFFAOYSA-N,,ChEMBL_curated,True,agonist
COc1ccc2[nH]cc(Cc3[nH]c4ccccc4c3C=O)c2c1,YSCCCRCXQOQKCP-UHFFFAOYSA-N,,ChEMBL_curated,True,agonist
O=Cc1c(Cc2c[nH]c3c(Cl)cccc23)[nH]c2ccccc12,QPZQCZQBBSFPNP-UHFFFAOYSA-N,,ChEMBL_curated,True,agonist
CC(=O)Oc1ccc(C(c2ccccn2)c2c(OC(C)=O)ccc3ccccc23)cc1,UZKUURDWFWZCRG-UHFFFAOYSA-N,,ChEMBL_curated,True,agonist
Oc1ccc(C(c2ccc(Cl)cc2)c2ccccn2)cc1,OPYWFZGJXNQQEZ-UHFFFAOYSA-N,,ChEMBL_curated,True,agonist
Brc1ccc2c(c1)Oc1ccccc1O2,GSUCEGNAROQSGU-UHFFFAOYSA-N,,ChEMBL_curated,True,agonist
C=CC(C)(C)c1c(O)cc2oc3c(O)c(OCC=C(C)C)ccc3c(=O)c2c1O,CKWIJWUDLMRXBF-UHFFFAOYSA-N,,ChEMBL_curated,True,agonist
O=C(O)c1csc(C(=O)c2c[nH]c3ccccc23)n1,FWXYUFQKPJMQEC-UHFFFAOYSA-N,,ChEMBL_curated,True,agonist
Cn1cc(C(=O)c2nccs2)c2ccccc21,WBZWDWMNZZULHA-UHFFFAOYSA-N,,ChEMBL_curated,True,agonist
Cn1ncc2cc(Nc3[nH]nc4cccnc34)ccc21,AADIDHFXTKJENY-UHFFFAOYSA-N,,ChEMBL_curated,True,agonist
Clc1cc2c(oc3ccccc32)c(Cl)c1Cl,YDLADWPBKZODCJ-UHFFFAOYSA-N,,ChEMBL_curated,True,agonist
Clc1cc2c(cc1Cl)Oc1c(Cl)cccc1O2,GXPWNYXJJDQHBO-UHFFFAOYSA-N,,ChEMBL_curated,True,agonist
CCN1C(=O)C(Cc2[nH]nc3ccccc23)=NC1=S,SXYRVMSQJBZCBB-UHFFFAOYSA-N,,ChEMBL_curated,True,agonist
Clc1cc2c(cc1Cl)Oc1c(Cl)c(Cl)cc(Cl)c1O2,QUPLGUUISJOUPJ-UHFFFAOYSA-N,,ChEMBL_curated,True,agonist
CN1C(=O)C(Cc2c[nH]c3ncncc23)=NC1=S,PUVAKJPDYRCNIG-UHFFFAOYSA-N,,ChEMBL_curated,True,agonist
Clc1cc(Cl)c2c(c1)oc1c(Cl)cc(Cl)c(Cl)c12,IYGVHNHWORPMFU-UHFFFAOYSA-N,,ChEMBL_curated,True,agonist
Cc1ccc(NC(=O)c2ccc(-n3nc(C)cc3C)cc2)c(Br)c1,NBQBLVJLPQAYQY-UHFFFAOYSA-N,,ChEMBL_curated,True,agonist
O=C1C(Cc2[nH]nc3ccccc23)=NC(=S)N1c1ccccc1,OUDNCHLUGSYRAW-UHFFFAOYSA-N,,ChEMBL_curated,True,agonist
CC(C)c1cnn2c(N[C@@H]3CCc4[nH]c5ccccc5c4C3)nc(-c3cncc(F)c3)nc12,QPFPBVPZIIDXGT-QGZVFWFLSA-N,,ChEMBL_curated,True,agonist
[O-][n+]1c(-c2ccc(F)cc2)nc2ccccn21,WINXNZODLQNKRJ-UHFFFAOYSA-N,,ChEMBL_curated,True,agonist
Cn1c(=O)c(C(=O)Nc2ccc(F)cc2)cc2cccnc21,YLUUQBLCXRNNCF-UHFFFAOYSA-N,,ChEMBL_curated,True,agonist
Cc1ccc2nc(-c3ccc(Br)cc3)nn2c1,SIIURXZERGCUNT-UHFFFAOYSA-N,,ChEMBL_curated,True,agonist
Brc1ccc(-c2nc3cc4ccccc4cn3n2)cc1,JOOQDESTDDXJFW-UHFFFAOYSA-N,,ChEMBL_curated,True,agonist
Cn1c(=O)c(C(=O)Nc2ccc(F)cc2)cc2ccccc21,ZWEIKRQKZQBEQP-UHFFFAOYSA-N,,ChEMBL_curated,True,agonist
CCN1C(=O)C(Cc2c[nH]c3ccccc23)=NC1=S,AQSZRYHHFVXZSJ-UHFFFAOYSA-N,,ChEMBL_curated,True,agonist
CC(=O)NCCN1C(=O)C(Cc2[nH]nc3ccccc23)=NC1=S,DKPFQDODZFWYFW-UHFFFAOYSA-N,,ChEMBL_curated,True,agonist
