PUBCHEM_RESULT_TAG,PUBCHEM_SID,PUBCHEM_CID,PUBCHEM_EXT_DATASOURCE_SMILES,PUBCHEM_ACTIVITY_OUTCOME,PUBCHEM_ACTIVITY_SCORE,PUBCHEM_ACTIVITY_URL,PUBCHEM_ASSAYDATA_COMMENT,Standard Type,Activity Comment,CANONICAL_SMILES,INCHIKEY,dataset,data_type,action_type
1,103164548.0,5284616.0,C[C@@H]1CC[C@H]2C[C@@H](/C(=C/C=C/C=C/[C@H](C[C@H](C(=O)[C@@H]([C@@H](/C(=C/[C@H](C(=O)C[C@H](OC(=O)[C@@H]3CCCCN3C(=O)C(=O)[C@@]1(O2)O)[C@H](C)C[C@@H]4CC[C@H]([C@@H](C4)OC)O)C)/C)O)OC)C)C)/C)OC,Unspecified,,,Potential missing data,Activity,Substrate,COC1C(=O)C(C)C[C@H](C)/C=C/C=C/C=C(\C)[C@@H](OC)C[C@@H]2CC[C@@H](C)[C@@](O)(O2)C(=O)C(=O)N2CCCCC2C(=O)O[C@H]([C@H](C)C[C@@H]2CC[C@@H](O)[C@H](OC)C2)CC(=O)C(C)=CC(C)[C@H]1O,DVSZTYJRXBBIFA-FBAQEZMUSA-N,aid_589039_clinically_relevant,assay,substrate
2,103164549.0,445643.0,C[C@@H]1C[C@@H]([C@@H]2[C@H](C[C@H]([C@@](O2)(C(=O)C(=O)N3CCCC[C@H]3C(=O)O[C@@H]([C@@H]([C@H](CC(=O)[C@@H](/C=C(/C1)\C)CC=C)O)C)/C(=C/[C@@H]4CC[C@H]([C@@H](C4)OC)O)/C)O)C)OC)OC,Unspecified,,,Potential missing data,Activity,Substrate,C=CCC1=CC(C)C[C@H](C)C[C@H](OC)[C@H]2O[C@@](O)(C(=O)C(=O)N3CCCCC3C(=O)O[C@H](/C(C)=C/[C@@H]3CC[C@@H](O)[C@H](OC)C3)[C@H](C)[C@@H](O)CC1=O)[C@H](C)C[C@@H]2OC,SLUYGGAVUSVJOT-VZCWQGFJSA-N,aid_589039_clinically_relevant,assay,substrate
3,103166970.0,2477.0,C1CCC2(C1)CC(=O)N(C(=O)C2)CCCCN3CCN(CC3)C4=NC=CC=N4,Unspecified,,,Potential missing data,Activity,Substrate,O=C1CC2(CCCC2)CC(=O)N1CCCCN1CCN(c2ncccn2)CC1,QWCRAEMEVRGPNT-UHFFFAOYSA-N,aid_589039_clinically_relevant,assay,substrate
4,103169851.0,123619.0,CC1=NC=C(C=C1)C2=C(C=C(C=N2)Cl)C3=CC=C(C=C3)S(=O)(=O)C,Unspecified,,,Potential missing data,Activity,Substrate,Cc1ccc(-c2ncc(Cl)cc2-c2ccc(S(C)(=O)=O)cc2)cn1,MNJVRJDLRVPLFE-UHFFFAOYSA-N,aid_589039_clinically_relevant,assay,substrate
5,103172458.0,53232.0,CC[C@H](C)C(=O)O[C@H]1C[C@H](C=C2[C@H]1[C@H]([C@H](C=C2)C)CC[C@@H]3C[C@H](CC(=O)O3)O)C,Unspecified,,,Potential missing data,Activity,Substrate,CCC(C)C(=O)O[C@H]1C[C@@H](C)C=C2C=C[C@H](C)[C@H](CC[C@@H]3C[C@@H](O)CC(=O)O3)[C@H]21,PCZOHLXUXFIOCF-SGFUJYLFSA-N,aid_589039_clinically_relevant,assay,substrate
6,103173995.0,3114.0,CC(C)N(CCC(C1=CC=CC=C1)(C2=CC=CC=N2)C(=O)N)C(C)C,Unspecified,,,Potential missing data,Activity,Substrate,CC(C)N(CCC(C(N)=O)(c1ccccc1)c1ccccn1)C(C)C,UVTNFZQICZKOEM-UHFFFAOYSA-N,aid_589039_clinically_relevant,assay,substrate
7,103175236.0,447043.0,CC[C@@H]1[C@@]([C@@H]([C@H](N(C[C@@H](C[C@@]([C@@H]([C@H]([C@@H]([C@H](C(=O)O1)C)O[C@H]2C[C@@]([C@H]([C@@H](O2)C)O)(C)OC)C)O[C@H]3[C@@H]([C@H](C[C@H](O3)C)N(C)C)O)(C)O)C)C)C)O)(C)O,Unspecified,,,Potential missing data,Activity,Substrate,CC[C@H]1OC(=O)C(C)[C@@H](O[C@H]2C[C@@](C)(OC)[C@@H](O)[C@H](C)O2)[C@H](C)[C@@H](O[C@@H]2O[C@H](C)C[C@H](N(C)C)[C@H]2O)[C@](C)(O)C[C@@H](C)CN(C)[C@H](C)[C@@H](O)[C@]1(C)O,MQTOSJVFKKJCRP-PVFNQHCDSA-N,aid_589039_clinically_relevant,assay,substrate
8,103175312.0,12560.0,CC[C@@H]1[C@@]([C@@H]([C@H](C(=O)[C@@H](C[C@@]([C@@H]([C@H]([C@@H]([C@H](C(=O)O1)C)O[C@H]2C[C@@]([C@H]([C@@H](O2)C)O)(C)OC)C)O[C@H]3[C@@H]([C@H](C[C@H](O3)C)N(C)C)O)(C)O)C)C)O)(C)O,Unspecified,,,Potential missing data,Activity,Substrate,CC[C@H]1OC(=O)C(C)[C@@H](O[C@H]2C[C@@](C)(OC)[C@@H](O)[C@H](C)O2)[C@H](C)[C@@H](O[C@@H]2O[C@H](C)C[C@H](N(C)C)[C@H]2O)[C@](C)(O)CC(C)C(=O)C(C)[C@@H](O)[C@]1(C)O,ULGZDMOVFRHVEP-ZWLFKSPASA-N,aid_589039_clinically_relevant,assay,substrate
9,103175665.0,4615.0,C1CN(CCN1CCCN2C3=CC=CC=C3NC2=O)C(C4=CC=CC=C4)C5=CC=CC=C5,Unspecified,,,Potential missing data,Activity,Substrate,O=c1[nH]c2ccccc2n1CCCN1CCN(C(c2ccccc2)c2ccccc2)CC1,BAINIUMDFURPJM-UHFFFAOYSA-N,aid_589039_clinically_relevant,assay,substrate
10,103175813.0,5329102.0,CCN(CC)CCNC(=O)C1=C(NC(=C1C)/C=C\2/C3=C(C=CC(=C3)F)NC2=O)C,Unspecified,,,Potential missing data,Activity,Substrate,C=c1c(C(=O)NCCN(CC)CC)c(C)[nH]c1=Cc1c(O)[nH]c2ccc(F)cc12,MAXXXDSMDPPTEE-UHFFFAOYSA-N,aid_589039_clinically_relevant,assay,substrate
11,103176949.0,3022645.0,CCOC1=CC=CC=C1OC(C2CNCCO2)C3=CC=CC=C3,Unspecified,,,Potential missing data,Activity,Substrate,CCOc1ccccc1OC(c1ccccc1)C1CNCCO1,CBQGYUDMJHNJBX-UHFFFAOYSA-N,aid_589039_clinically_relevant,assay,substrate
12,103177459.0,176870.0,COCCOC1=C(C=C2C(=C1)C(=NC=N2)NC3=CC=CC(=C3)C#C)OCCOC,Unspecified,,,Potential missing data,Activity,Substrate,C#Cc1cccc(Nc2ncnc3cc(OCCOC)c(OCCOC)cc23)c1,AAKJLRGGTJKAMG-UHFFFAOYSA-N,aid_589039_clinically_relevant,assay,substrate
13,103177753.0,2554.0,C1=CC=C2C(=C1)C=CC3=CC=CC=C3N2C(=O)N,Unspecified,,,Potential missing data,Activity,Substrate,NC(=O)N1c2ccccc2C=Cc2ccccc21,FFGPTBGBLSHEPO-UHFFFAOYSA-N,aid_589039_clinically_relevant,assay,substrate
14,103179606.0,441243.0,CC(C)(C)NC(=O)[C@@H]1C[C@@H]2CCCC[C@@H]2CN1C[C@H]([C@H](CC3=CC=CC=C3)NC(=O)[C@H](CC(=O)N)NC(=O)C4=NC5=CC=CC=C5C=C4)O,Unspecified,,,Potential missing data,Activity,Substrate,CC(C)(C)NC(=O)C1C[C@@H]2CCCC[C@@H]2CN1C[C@@H](O)[C@H](Cc1ccccc1)NC(=O)C(CC(N)=O)NC(=O)c1ccc2ccccc2n1,QWAXKHKRTORLEM-PVCXOJBVSA-N,aid_589039_clinically_relevant,assay,substrate
15,103179607.0,5362440.0,CC(C)(C)NC(=O)[C@@H]1CN(CCN1C[C@H](C[C@@H](CC2=CC=CC=C2)C(=O)N[C@@H]3[C@@H](CC4=CC=CC=C34)O)O)CC5=CN=CC=C5,Unspecified,,,Potential missing data,Activity,Substrate,CC(C)(C)NC(=O)C1CN(Cc2cccnc2)CCN1C[C@@H](O)CC(Cc1ccccc1)C(=O)N[C@H]1c2ccccc2C[C@H]1O,CBVCZFGXHXORBI-IXVTTXLYSA-N,aid_589039_clinically_relevant,assay,substrate
16,103179760.0,65016.0,CC(C)CN(C[C@H]([C@H](CC1=CC=CC=C1)NC(=O)O[C@H]2CCOC2)O)S(=O)(=O)C3=CC=C(C=C3)N,Unspecified,,,Potential missing data,Activity,Substrate,CC(C)CN(C[C@@H](O)[C@H](Cc1ccccc1)NC(=O)O[C@H]1CCOC1)S(=O)(=O)c1ccc(N)cc1,YMARZQAQMVYCKC-OEMFJLHTSA-N,aid_589039_clinically_relevant,assay,substrate
17,103181342.0,5583.0,CC1=C(C=CC2=C1C(=NC(=N2)N)N)CNC3=CC(=C(C(=C3)OC)OC)OC,Unspecified,,,Potential missing data,Activity,Substrate,COc1cc(NCc2ccc3nc(N)nc(N)c3c2C)cc(OC)c1OC,NOYPYLRCIDNJJB-UHFFFAOYSA-N,aid_589039_clinically_relevant,assay,substrate
18,103181781.0,5405.0,CC(C)(C)C1=CC=C(C=C1)C(CCCN2CCC(CC2)C(C3=CC=CC=C3)(C4=CC=CC=C4)O)O,Unspecified,,,Potential missing data,Activity,Substrate,CC(C)(C)c1ccc(C(O)CCCN2CCC(C(O)(c3ccccc3)c3ccccc3)CC2)cc1,GUGOEEXESWIERI-UHFFFAOYSA-N,aid_589039_clinically_relevant,assay,substrate
19,103182112.0,3345.0,CCC(=O)N(C1CCN(CC1)CCC2=CC=CC=C2)C3=CC=CC=C3,Unspecified,,,Potential missing data,Activity,Substrate,CCC(=O)N(c1ccccc1)C1CCN(CCc2ccccc2)CC1,PJMPHNIQZUBGLI-UHFFFAOYSA-N,aid_589039_clinically_relevant,assay,substrate
20,103188878.0,51263.0,CCC(=O)N(C1=CC=CC=C1)C2(CCN(CC2)CCN3C(=O)N(N=N3)CC)COC,Unspecified,,,Potential missing data,Activity,Substrate,CCC(=O)N(c1ccccc1)C1(COC)CCN(CCn2nnn(CC)c2=O)CC1,IDBPHNDTYPBSNI-UHFFFAOYSA-N,aid_589039_clinically_relevant,assay,substrate
21,103189071.0,5556.0,CC1=NN=C2N1C3=C(C=C(C=C3)Cl)C(=NC2)C4=CC=CC=C4Cl,Unspecified,,,Potential missing data,Activity,Substrate,Cc1nnc2n1-c1ccc(Cl)cc1C(c1ccccc1Cl)=NC2,JOFWLTCLBGQGBO-UHFFFAOYSA-N,aid_589039_clinically_relevant,assay,substrate
22,103189214.0,6741.0,C[C@H]1C[C@H]2[C@@H]3CC[C@@]([C@]3(C[C@@H]([C@@H]2[C@@]4(C1=CC(=O)C=C4)C)O)C)(C(=O)CO)O,Unspecified,,,Potential missing data,Activity,Substrate,CC1=C2CC(=O)C=C[C@]2(C)[C@@H]2[C@@H](C1)[C@@H]1CC[C@](O)(C(=O)CO)[C@@]1(C)C[C@@H]2O,ZABDAGALHQDSEU-SJLJSBKTSA-N,aid_589039_clinically_relevant,assay,substrate
23,103189248.0,4192.0,CC1=NC=C2N1C3=C(C=C(C=C3)Cl)C(=NC2)C4=CC=CC=C4F,Unspecified,,,Potential missing data,Activity,Substrate,Cc1ncc2n1-c1ccc(Cl)cc1C(c1ccccc1F)=NC2,DDLIGBOFAVUZHB-UHFFFAOYSA-N,aid_589039_clinically_relevant,assay,substrate
24,103189284.0,2118.0,CC1=NN=C2N1C3=C(C=C(C=C3)Cl)C(=NC2)C4=CC=CC=C4,Unspecified,,,Potential missing data,Activity,Substrate,Cc1nnc2n1-c1ccc(Cl)cc1C(c1ccccc1)=NC2,VREFGVBLTWBCJP-UHFFFAOYSA-N,aid_589039_clinically_relevant,assay,substrate
25,103192563.0,5991.0,C[C@]12CC[C@H]3[C@H]([C@@H]1CC[C@]2(C#C)O)CCC4=C3C=CC(=C4)O,Unspecified,,,Potential missing data,Activity,Substrate,C#C[C@]1(O)CC[C@H]2[C@@H]3CCc4cc(O)ccc4[C@H]3CC[C@@]21C,BFPYWIDHMRZLRN-SLHNCBLASA-N,aid_589039_clinically_relevant,assay,substrate
26,103193099.0,3291.0,CCC1(CC(=O)NC1=O)C,Unspecified,,,Potential missing data,Activity,Substrate,CCC1(C)CC(=O)NC1=O,HAPOVYFOVVWLRS-UHFFFAOYSA-N,aid_589039_clinically_relevant,assay,substrate
27,103194712.0,60854.0,C1CN(CCN1CCC2=C(C=C3C(=C2)CC(=O)N3)Cl)C4=NSC5=CC=CC=C54,Unspecified,,,Potential missing data,Activity,Substrate,Oc1cc2cc(CCN3CCN(c4nsc5ccccc45)CC3)c(Cl)cc2[nH]1,CARRCRVKWDEWCD-UHFFFAOYSA-N,aid_589039_clinically_relevant,assay,substrate
28,103194715.0,2092.0,CN(CCCNC(=O)C1CCCO1)C2=NC3=CC(=C(C=C3C(=N2)N)OC)OC,Unspecified,,,Potential missing data,Activity,Substrate,COc1cc2nc(N(C)CCCNC(=O)C3CCCO3)nc(N)c2cc1OC,WNMJYKCGWZFFKR-UHFFFAOYSA-N,aid_589039_clinically_relevant,assay,substrate
29,103195252.0,5002.0,C1CN(CCN1CCOCCO)C2=NC3=CC=CC=C3SC4=CC=CC=C42,Unspecified,,,Potential missing data,Activity,Substrate,OCCOCCN1CCN(C2=Nc3ccccc3Sc3ccccc32)CC1,URKOMYMAXPYINW-UHFFFAOYSA-N,aid_589039_clinically_relevant,assay,substrate
30,103198077.0,92727.0,CC1=C(C(=CC=C1)C)OCC(=O)N[C@@H](CC2=CC=CC=C2)[C@H](C[C@H](CC3=CC=CC=C3)NC(=O)[C@H](C(C)C)N4CCCNC4=O)O,Unspecified,,,Potential missing data,Activity,Substrate,Cc1cccc(C)c1OCC(=O)N[C@@H](Cc1ccccc1)[C@@H](O)C[C@H](Cc1ccccc1)NC(=O)C(C(C)C)N1CCCNC1=O,KJHKTHWMRKYKJE-QZKHDZGUSA-N,aid_589039_clinically_relevant,assay,substrate
31,103199488.0,3821.0,CNC1(CCCCC1=O)C2=CC=CC=C2Cl,Unspecified,,,Potential missing data,Activity,Substrate,CNC1(c2ccccc2Cl)CCCCC1=O,YQEZLKZALYSWHR-UHFFFAOYSA-N,aid_589039_clinically_relevant,assay,substrate
32,103200464.0,5734.0,C1=CC=C2C(=C1)C(=NO2)CS(=O)(=O)N,Unspecified,,,Potential missing data,Activity,Substrate,NS(=O)(=O)Cc1noc2ccccc12,UBQNRHZMVUUOMG-UHFFFAOYSA-N,aid_589039_clinically_relevant,assay,substrate
33,103205141.0,110635.0,CN1CC(=O)N2[C@@H](C1=O)CC3=C([C@H]2C4=CC5=C(C=C4)OCO5)NC6=CC=CC=C36,Unspecified,,,Potential missing data,Activity,Substrate,CN1CC(=O)N2C(Cc3c([nH]c4ccccc34)[C@H]2c2ccc3c(c2)OCO3)C1=O,WOXKDUGGOYFFRN-CAWMZFRYSA-N,aid_589039_clinically_relevant,assay,substrate
34,103207035.0,2451.0,CC1=NN=C2N1C3=C(C=C(S3)Br)C(=NC2)C4=CC=CC=C4Cl,Unspecified,,,Potential missing data,Activity,Substrate,Cc1nnc2n1-c1sc(Br)cc1C(c1ccccc1Cl)=NC2,UMSGKTJDUHERQW-UHFFFAOYSA-N,aid_589039_clinically_relevant,assay,substrate
35,103209962.0,55191.0,CC1(CC(=O)N(C(=O)C1)CCCCN2CCN(CC2)C3=NC=CC=N3)C,Unspecified,,,Potential missing data,Activity,Substrate,CC1(C)CC(=O)N(CCCCN2CCN(c3ncccn3)CC2)C(=O)C1,QOIGKGMMAGJZNZ-UHFFFAOYSA-N,aid_589039_clinically_relevant,assay,substrate
36,103210094.0,2754.0,C1CCC(CC1)N2C(=NN=N2)CCCCOC3=CC4=C(C=C3)NC(=O)CC4,Unspecified,,,Potential missing data,Activity,Substrate,O=C1CCc2cc(OCCCCc3nnnn3C3CCCCC3)ccc2N1,RRGUKTPIGVIEKM-UHFFFAOYSA-N,aid_589039_clinically_relevant,assay,substrate
37,103215332.0,6437380.0,CCCCN(CCCC)CC(C1=CC(=CC\2=C1C3=C(/C2=C/C4=CC=C(C=C4)Cl)C=C(C=C3)Cl)Cl)O,Unspecified,,,Potential missing data,Activity,Substrate,CCCCN(CCCC)CC(O)c1cc(Cl)cc2c1-c1ccc(Cl)cc1/C2=C/c1ccc(Cl)cc1,DYLGFOYVTXJFJP-MYYYXRDXSA-N,aid_589039_clinically_relevant,assay,substrate
38,103220983.0,3955.0,CN(C)C(=O)C(CCN1CCC(CC1)(C2=CC=C(C=C2)Cl)O)(C3=CC=CC=C3)C4=CC=CC=C4,Unspecified,,,Potential missing data,Activity,Substrate,CN(C)C(=O)C(CCN1CCC(O)(c2ccc(Cl)cc2)CC1)(c1ccccc1)c1ccccc1,RDOIQAHITMMDAJ-UHFFFAOYSA-N,aid_589039_clinically_relevant,assay,substrate
39,103224052.0,2247.0,COC1=CC=C(C=C1)CCN2CCC(CC2)NC3=NC4=CC=CC=C4N3CC5=CC=C(C=C5)F,Unspecified,,,Potential missing data,Activity,Substrate,COc1ccc(CCN2CCC(Nc3nc4ccccc4n3Cc3ccc(F)cc3)CC2)cc1,GXDALQBWZGODGZ-UHFFFAOYSA-N,aid_589039_clinically_relevant,assay,substrate
40,103229487.0,13342.0,CC[C@@]1(C[C@H]2C[C@@](C3=C(CCN(C2)C1)C4=CC=CC=C4N3)(C5=C(C=C6C(=C5)[C@]78CCN9[C@H]7[C@@](C=CC9)([C@H]([C@@]([C@@H]8N6C)(C(=O)OC)O)OC(=O)C)CC)OC)C(=O)OC)O,Unspecified,,,Potential missing data,Activity,Substrate,CC[C@]1(O)C[C@@H]2CN(CCc3c([nH]c4ccccc34)[C@@](C(=O)OC)(c3cc4c(cc3OC)N(C)[C@H]3[C@@](O)(C(=O)OC)[C@H](OC(C)=O)[C@]5(CC)C=CCN6CC[C@]43[C@@H]65)C2)C1,JXLYSJRDGCGARV-CFWMRBGOSA-N,aid_589039_clinically_relevant,assay,substrate
41,103230651.0,5284373.0,CC[C@H]1C(=O)N(CC(=O)N([C@H](C(=O)N[C@H](C(=O)N([C@H](C(=O)N[C@H](C(=O)N[C@@H](C(=O)N([C@H](C(=O)N([C@H](C(=O)N([C@H](C(=O)N([C@H](C(=O)N1)[C@@H]([C@H](C)C/C=C/C)O)C)C(C)C)C)CC(C)C)C)CC(C)C)C)C)C)CC(C)C)C)C(C)C)CC(C)C)C)C,Unspecified,,,Potential missing data,Activity,Substrate,C/C=C/C[C@@H](C)[C@@H](O)C1C(=O)NC(CC)C(=O)N(C)CC(=O)N(C)C(CC(C)C)C(=O)NC(C(C)C)C(=O)N(C)C(CC(C)C)C(=O)NC(C)C(=O)NC(C)C(=O)N(C)C(CC(C)C)C(=O)N(C)C(CC(C)C)C(=O)N(C)C(C(C)C)C(=O)N1C,PMATZTZNYRCHOR-KMSBSJHKSA-N,aid_589039_clinically_relevant,assay,substrate
42,103234890.0,5360696.0,CN1CC[C@@]23CCCC[C@@H]2[C@@H]1CC4=C3C=C(C=C4)OC,Unspecified,,,Potential missing data,Activity,Substrate,COc1ccc2c(c1)[C@]13CCCC[C@@H]1[C@H](C2)N(C)CC3,MKXZASYAUGDDCJ-NJAFHUGGSA-N,aid_589039_clinically_relevant,assay,substrate
43,103235960.0,1234.0,CC(C)C(CCCN(C)CCC1=CC(=C(C=C1)OC)OC)(C#N)C2=CC(=C(C(=C2)OC)OC)OC,Unspecified,,,Potential missing data,Activity,Substrate,COc1ccc(CCN(C)CCCC(C#N)(c2cc(OC)c(OC)c(OC)c2)C(C)C)cc1OC,XQLWNAFCTODIRK-UHFFFAOYSA-N,aid_589039_clinically_relevant,assay,substrate
44,103241637.0,148195.0,C1CN(CCC1CC(=O)N2CCC(CC2)[C@@H]3C4=C(CCC5=C3N=CC(=C5)Br)C=C(C=C4Br)Cl)C(=O)N,Unspecified,,,Potential missing data,Activity,Substrate,NC(=O)N1CCC(CC(=O)N2CCC([C@H]3c4ncc(Br)cc4CCc4cc(Cl)cc(Br)c43)CC2)CC1,DHMTURDWPRKSOA-RUZDIDTESA-N,aid_589039_clinically_relevant,assay,substrate
45,103244854.0,392622.0,CC(C)C1=NC(=CS1)CN(C)C(=O)N[C@@H](C(C)C)C(=O)N[C@@H](CC2=CC=CC=C2)C[C@@H]([C@H](CC3=CC=CC=C3)NC(=O)OCC4=CN=CS4)O,Unspecified,,,Potential missing data,Activity,Substrate,CC(C)c1nc(CN(C)C(=O)NC(C(=O)N[C@@H](Cc2ccccc2)C[C@H](O)[C@H](Cc2ccccc2)NC(=O)OCc2cncs2)C(C)C)cs1,NCDNCNXCDXHOMX-BWGGSIGWSA-N,aid_589039_clinically_relevant,assay,substrate
46,103244983.0,123631.0,COC1=C(C=C2C(=C1)N=CN=C2NC3=CC(=C(C=C3)F)Cl)OCCCN4CCOCC4,Unspecified,,,Potential missing data,Activity,Substrate,COc1cc2ncnc(Nc3ccc(F)c(Cl)c3)c2cc1OCCCN1CCOCC1,XGALLCVXEZPNRQ-UHFFFAOYSA-N,aid_589039_clinically_relevant,assay,substrate
47,103245522.0,5291.0,CC1=C(C=C(C=C1)NC(=O)C2=CC=C(C=C2)CN3CCN(CC3)C)NC4=NC=CC(=N4)C5=CN=CC=C5,Unspecified,,,Potential missing data,Activity,Substrate,Cc1ccc(NC(=O)c2ccc(CN3CCN(C)CC3)cc2)cc1Nc1nccc(-c2cccnc2)n1,KTUFNOKKBVMGRW-UHFFFAOYSA-N,aid_589039_clinically_relevant,assay,substrate
48,103250420.0,119584.0,CCOC1=CC(=C(C=C1C(=O)NCC2CN(CCO2)CC3=CC=C(C=C3)F)Cl)N,Unspecified,,,Potential missing data,Activity,Substrate,CCOc1cc(N)c(Cl)cc1C(=O)NCC1CN(Cc2ccc(F)cc2)CCO1,YPELFRMCRYSPKZ-UHFFFAOYSA-N,aid_589039_clinically_relevant,assay,substrate
49,103255183.0,4891.0,C1CCC(CC1)C(=O)N2CC3C4=CC=CC=C4CCN3C(=O)C2,Unspecified,,,Potential missing data,Activity,Substrate,O=C(C1CCCCC1)N1CC(=O)N2CCc3ccccc3C2C1,FSVJFNAIGNNGKK-UHFFFAOYSA-N,aid_589039_clinically_relevant,assay,substrate
50,103258758.0,54677946.0,CCN(C1=CC=CC=C1)C(=O)C2=C(C3=C(C=CC=C3Cl)N(C2=O)C)O,Unspecified,,,Potential missing data,Activity,Substrate,CCN(C(=O)c1c(O)c2c(Cl)cccc2n(C)c1=O)c1ccccc1,GKWPCEFFIHSJOE-UHFFFAOYSA-N,aid_589039_clinically_relevant,assay,substrate
51,103266539.0,3191.0,CC(C)(C)C1=CC=C(C=C1)C(=O)CCCN2CCC(CC2)OC(C3=CC=CC=C3)C4=CC=CC=C4,Unspecified,,,Potential missing data,Activity,Substrate,CC(C)(C)c1ccc(C(=O)CCCN2CCC(OC(c3ccccc3)c3ccccc3)CC2)cc1,MJJALKDDGIKVBE-UHFFFAOYSA-N,aid_589039_clinically_relevant,assay,substrate
52,103274364.0,82146.0,CC1=CC2=C(C=C1C(=C)C3=CC=C(C=C3)C(=O)O)C(CCC2(C)C)(C)C,Unspecified,,,Potential missing data,Activity,Substrate,C=C(c1ccc(C(=O)O)cc1)c1cc2c(cc1C)C(C)(C)CCC2(C)C,NAVMQTYZDKMPEU-UHFFFAOYSA-N,aid_589039_clinically_relevant,assay,substrate
53,103276854.0,60648.0,CC1=C(SC=C1)C(=CCCN2CCC[C@H](C2)C(=O)O)C3=C(C=CS3)C,Unspecified,,,Potential missing data,Activity,Substrate,Cc1ccsc1C(=CCCN1CCCC(C(=O)O)C1)c1sccc1C,PBJUNZJWGZTSKL-UHFFFAOYSA-N,aid_589039_clinically_relevant,assay,substrate
54,103292372.0,54454.0,CCC(C)(C)C(=O)O[C@H]1C[C@H](C=C2[C@H]1[C@H]([C@H](C=C2)C)CC[C@@H]3C[C@H](CC(=O)O3)O)C,Unspecified,,,Potential missing data,Activity,Substrate,CCC(C)(C)C(=O)O[C@H]1C[C@@H](C)C=C2C=C[C@H](C)[C@H](CC[C@@H]3C[C@@H](O)CC(=O)O3)[C@H]21,RYMZZMVNJRMUDD-HGQWONQESA-N,aid_589039_clinically_relevant,assay,substrate
55,103293640.0,2747.0,C1CN=C(N1)C2CC2(C3=CC=CC=C3)C4=CC=CC=C4,Unspecified,,,Potential missing data,Activity,Substrate,c1ccc(C2(c3ccccc3)CC2C2=NCCN2)cc1,IPOBOOXFSRWSHL-UHFFFAOYSA-N,aid_589039_clinically_relevant,assay,substrate
56,103298456.0,153999.0,CN(C)C[C@@H]1CCN2C=C(C3=CC=CC=C32)C4=C(C5=CN(CCO1)C6=CC=CC=C65)C(=O)NC4=O,Unspecified,,,Potential missing data,Activity,Substrate,CN(C)C[C@@H]1CCn2cc(c3ccccc32)C2=C(C(=O)NC2=O)c2cn(c3ccccc23)CCO1,ZCBUQCWBWNUWSU-SFHVURJKSA-N,aid_589039_clinically_relevant,assay,substrate
57,103305814.0,37393.0,CCCCN(CCCC)CCC(C1=C2C=CC(=CC2=C3C=C(C=C(C3=C1)Cl)Cl)C(F)(F)F)O,Unspecified,,,Potential missing data,Activity,Substrate,CCCCN(CCCC)CCC(O)c1cc2c(Cl)cc(Cl)cc2c2cc(C(F)(F)F)ccc12,FOHHNHSLJDZUGQ-UHFFFAOYSA-N,aid_589039_clinically_relevant,assay,substrate
58,103323138.0,3002190.0,CC[C@@H]1[C@@]2([C@@H]([C@H](C(=O)[C@@H](C[C@@]([C@@H]([C@H](C(=O)[C@H](C(=O)O1)C)C)O[C@H]3[C@@H]([C@H](C[C@H](O3)C)N(C)C)O)(C)OC)C)C)N(C(=O)O2)CCCCN4C=C(N=C4)C5=CN=CC=C5)C,Unspecified,,,Potential missing data,Activity,Substrate,CC[C@H]1OC(=O)C(C)C(=O)C(C)[C@@H](O[C@@H]2O[C@H](C)C[C@H](N(C)C)[C@H]2O)[C@](C)(OC)CC(C)C(=O)C(C)[C@H]2N(CCCCn3cnc(-c4cccnc4)c3)C(=O)O[C@]12C,LJVAJPDWBABPEJ-HZQJCNAYSA-N,aid_589039_clinically_relevant,assay,substrate
59,103338073.0,387447.0,B([C@H](CC(C)C)NC(=O)[C@H](CC1=CC=CC=C1)NC(=O)C2=NC=CN=C2)(O)O,Unspecified,,,Potential missing data,Activity,Substrate,CC(C)C[C@H](NC(=O)C(Cc1ccccc1)NC(=O)c1cnccn1)B(O)O,GXJABQQUPOEUTA-LWKPJOBUSA-N,aid_589039_clinically_relevant,assay,substrate
60,103338617.0,6230.0,C[C@]12CC[C@H]3[C@H]([C@@H]1CC[C@]2(C#C)O)CCC4=CC(=O)CC[C@H]34,Unspecified,,,Potential missing data,Activity,Substrate,C#C[C@]1(O)CC[C@H]2[C@@H]3CC=C4CC(=O)CCC4[C@H]3CC[C@@]21C,QGQUHXSBTSDAML-ULCNYCTPSA-N,aid_589039_clinically_relevant,assay,substrate
61,103338831.0,148192.0,CC(C)(C)[C@@H](C(=O)N[C@@H](CC1=CC=CC=C1)[C@H](CN(CC2=CC=C(C=C2)C3=CC=CC=N3)NC(=O)[C@H](C(C)(C)C)NC(=O)OC)O)NC(=O)OC,Unspecified,,,Potential missing data,Activity,Substrate,COC(=O)NC(C(=O)N[C@@H](Cc1ccccc1)[C@@H](O)CN(Cc1ccc(-c2ccccn2)cc1)NC(=O)C(NC(=O)OC)C(C)(C)C)C(C)(C)C,AXRYRYVKAWYZBR-HWOSFROGSA-N,aid_589039_clinically_relevant,assay,substrate
62,103376533.0,4634.0,CCN(CC)CC#CCOC(=O)C(C1CCCCC1)(C2=CC=CC=C2)O,Unspecified,,,Potential missing data,Activity,Substrate,CCN(CC)CC#CCOC(=O)C(O)(c1ccccc1)C1CCCCC1,XIQVNETUBQGFHX-UHFFFAOYSA-N,aid_589039_clinically_relevant,assay,substrate
63,103389223.0,5152.0,C1=CC=C(C=C1)CCCCOCCCCCCNCC(C2=CC(=C(C=C2)O)CO)O,Unspecified,,,Potential missing data,Activity,Substrate,OCc1cc(C(O)CNCCCCCCOCCCCc2ccccc2)ccc1O,GIIZNNXWQWCKIB-UHFFFAOYSA-N,aid_589039_clinically_relevant,assay,substrate
64,103393180.0,5352062.0,C/C=C\1/C(=O)N[C@H](C(=O)O[C@H]\2CC(=O)N[C@@H](C(=O)N[C@H](CSSCC/C=C2)C(=O)N1)C(C)C)C(C)C,Unspecified,,,Potential missing data,Activity,Substrate,CCC1=NC(=O)C2CSSCC/C=C/[C@H](CC(=O)NC(C(C)C)C(=O)N2)OC(=O)C(C(C)C)NC1=O,SOOPLNPQGWJZHY-AUPMIYMHSA-N,aid_589039_clinically_relevant,assay,substrate
65,103401109.0,441074.0,COC1=CC2=C(C=CN=C2C=C1)[C@@H]([C@H]3C[C@@H]4CCN3C[C@@H]4C=C)O,Unspecified,,,Potential missing data,Activity,Substrate,C=C[C@H]1CN2CC[C@H]1C[C@@H]2[C@@H](O)c1ccnc2ccc(OC)cc12,LOUPRKONTZGTKE-LHHVKLHASA-N,aid_589039_clinically_relevant,assay,substrate
66,103401549.0,3034034.0,COC1=CC2=C(C=CN=C2C=C1)[C@H]([C@@H]3C[C@@H]4CCN3C[C@@H]4C=C)O,Unspecified,,,Potential missing data,Activity,Substrate,C=C[C@H]1CN2CC[C@H]1C[C@H]2[C@H](O)c1ccnc2ccc(OC)cc12,LOUPRKONTZGTKE-WZBLMQSHSA-N,aid_589039_clinically_relevant,assay,substrate
67,103455384.0,5281004.0,CCCC1O[C@@H]2C[C@H]3[C@@H]4CCC5=CC(=O)C=C[C@@]5([C@H]4[C@H](C[C@@]3([C@@]2(O1)C(=O)CO)C)O)C,Unspecified,,,Potential missing data,Activity,Substrate,CCCC1O[C@@H]2C[C@H]3[C@@H]4CC=C5CC(=O)C=C[C@]5(C)[C@H]4[C@@H](O)C[C@]3(C)[C@]2(C(=O)CO)O1,UNISKOOZAQCSPC-KWVAZRHASA-N,aid_589039_clinically_relevant,assay,substrate
68,103461653.0,1783.0,CC(C)C1=C(N(C(=N1)COC(=O)N)CC2=CC=NC=C2)SC3=CC(=CC(=C3)Cl)Cl,Unspecified,,,Potential missing data,Activity,Substrate,CC(C)c1nc(COC(N)=O)n(Cc2ccncc2)c1Sc1cc(Cl)cc(Cl)c1,YQXCVAGCMNFUMQ-UHFFFAOYSA-N,aid_589039_clinically_relevant,assay,substrate
69,103469393.0,10631.0,C[C@H]1C[C@@H]2[C@H](CC[C@]3([C@H]2CC[C@@]3(C(=O)C)O)C)[C@@]4(C1=CC(=O)CC4)C,Unspecified,,,Potential missing data,Activity,Substrate,CC(=O)[C@@]1(O)CC[C@H]2[C@@H]3CC(C)=C4CC(=O)CC[C@]4(C)[C@H]3CC[C@@]21C,QOVGIKUHSFCSIK-NWUMPJBXSA-N,aid_589039_clinically_relevant,assay,substrate
70,103498411.0,5210.0,CC(C)CC(C1(CCC1)C2=CC=C(C=C2)Cl)N(C)C,Unspecified,,,Potential missing data,Activity,Substrate,CC(C)CC(N(C)C)C1(c2ccc(Cl)cc2)CCC1,UNAANXDKBXWMLN-UHFFFAOYSA-N,aid_589039_clinically_relevant,assay,substrate
71,103503415.0,16362.0,C1CN(CCC1N2C3=CC=CC=C3NC2=O)CCCC(C4=CC=C(C=C4)F)C5=CC=C(C=C5)F,Unspecified,,,Potential missing data,Activity,Substrate,O=c1[nH]c2ccccc2n1C1CCN(CCCC(c2ccc(F)cc2)c2ccc(F)cc2)CC1,YVUQSNJEYSNKRX-UHFFFAOYSA-N,aid_589039_clinically_relevant,assay,substrate
72,103503975.0,3151.0,C1CN(CCC1N2C3=C(C=C(C=C3)Cl)NC2=O)CCCN4C5=CC=CC=C5NC4=O,Unspecified,,,Potential missing data,Activity,Substrate,O=c1[nH]c2ccccc2n1CCCN1CCC(n2c(=O)[nH]c3cc(Cl)ccc32)CC1,FGXWKSZFVQUSTL-UHFFFAOYSA-N,aid_589039_clinically_relevant,assay,substrate
73,103504457.0,4497.0,CC1=C(C(C(=C(N1)C)C(=O)OC(C)C)C2=CC(=CC=C2)[N+](=O)[O-])C(=O)OCCOC,Unspecified,,,Potential missing data,Activity,Substrate,COCCOC(=O)C1=C(C)N=C(C)C(C(=O)OC(C)C)C1c1cccc([N+](=O)[O-])c1,SVMHYHIZWOJKDL-UHFFFAOYSA-N,aid_589039_clinically_relevant,assay,substrate
74,103511444.0,54682461.0,CCC[C@]1(CC(=C(C(=O)O1)[C@H](CC)C2=CC(=CC=C2)NS(=O)(=O)C3=NC=C(C=C3)C(F)(F)F)O)CCC4=CC=CC=C4,Unspecified,,,Potential missing data,Activity,Substrate,CCC[C@@]1(CCc2ccccc2)CC(=O)C([C@H](CC)c2cccc(NS(=O)(=O)c3ccc(C(F)(F)F)cn3)c2)C(=O)O1,MYXACKZCYFKMTE-JETRDCLMSA-N,aid_589039_clinically_relevant,assay,substrate
75,103535182.0,135415564.0,C[C@H]1/C=C/C=C(\C(=O)NC2=C(C3=C(C4=C(C(=C3O)C)O[C@@](C4=O)(O/C=C/[C@@H]([C@H]([C@H]([C@@H]([C@@H]([C@@H]([C@H]1O)C)O)C)OC(=O)C)C)OC)C)C5=NC6(CCN(CC6)CC(C)C)N=C25)O)/C,Unspecified,,,Potential missing data,Activity,Substrate,CO[C@H]1/C=C/O[C@@]2(C)Oc3c(C)c(O)c4c(O)c(c5c(c4c3C2=O)=NC2(CCN(CC(C)C)CC2)N=5)NC(=O)C(C)=CC=CC(C)[C@H](O)[C@@H](C)[C@@H](O)[C@@H](C)[C@H](OC(C)=O)[C@@H]1C,AZFBLLCNOQPJGJ-HQFNJQJDSA-N,aid_589039_clinically_relevant,assay,substrate
76,103537416.0,135413536.0,C[C@H](C1=CC(=CC(=C1)C(F)(F)F)C(F)(F)F)O[C@@H]2[C@@H](N(CCO2)CC3=NNC(=O)N3)C4=CC=C(C=C4)F,Unspecified,,,Potential missing data,Activity,Substrate,C[C@@H](O[C@H]1OCCN(Cc2n[nH]c(=O)[nH]2)[C@H]1c1ccc(F)cc1)c1cc(C(F)(F)F)cc(C(F)(F)F)c1,ATALOFNDEOCMKK-OITMNORJSA-N,aid_589039_clinically_relevant,assay,substrate
77,103543150.0,3333.0,CCOC(=O)C1=C(NC(=C(C1C2=C(C(=CC=C2)Cl)Cl)C(=O)OC)C)C,Unspecified,,,Potential missing data,Activity,Substrate,CCOC(=O)C1=C(C)N=C(C)C(C(=O)OC)C1c1cccc(Cl)c1Cl,HAQDEJPEAKWAAM-UHFFFAOYSA-N,aid_589039_clinically_relevant,assay,substrate
78,103545241.0,4474.0,CC1=C(C(C(=C(N1)C)C(=O)OCCN(C)CC2=CC=CC=C2)C3=CC(=CC=C3)[N+](=O)[O-])C(=O)OC,Unspecified,,,Potential missing data,Activity,Substrate,COC(=O)C1=C(C)N=C(C)C(C(=O)OCCN(C)Cc2ccccc2)C1c1cccc([N+](=O)[O-])c1,UXVSDVSUISWXKD-UHFFFAOYSA-N,aid_589039_clinically_relevant,assay,substrate
79,103548420.0,135398744.0,CCCC1=NN(C2=C1N=C(NC2=O)C3=C(C=CC(=C3)S(=O)(=O)N4CCN(CC4)C)OCC)C,Unspecified,,,Potential missing data,Activity,Substrate,CCCc1nn(C)c2c(=O)[nH]c(-c3cc(S(=O)(=O)N4CCN(C)CC4)ccc3OCC)nc12,BNRNXUUZRGQAQC-UHFFFAOYSA-N,aid_589039_clinically_relevant,assay,substrate
80,103554720.0,60823.0,CC(C)C1=C(C(=C(N1CC[C@H](C[C@H](CC(=O)O)O)O)C2=CC=C(C=C2)F)C3=CC=CC=C3)C(=O)NC4=CC=CC=C4,Unspecified,,,Potential missing data,Activity,Substrate,CC(C)c1c(C(=O)Nc2ccccc2)c(-c2ccccc2)c(-c2ccc(F)cc2)n1CC[C@@H](O)C[C@@H](O)CC(=O)O,XUKUURHRXDUEBC-KAYWLYCHSA-N,aid_589039_clinically_relevant,assay,substrate
81,103555967.0,5502.0,CCC1C(=NN=C(C2=CC(=C(C=C12)OC)OC)C3=CC(=C(C=C3)OC)OC)C,Unspecified,,,Potential missing data,Activity,Substrate,CCC1C(C)=NN=C(c2ccc(OC)c(OC)c2)c2cc(OC)c(OC)cc21,RUJBDQSFYCKFAA-UHFFFAOYSA-N,aid_589039_clinically_relevant,assay,substrate
82,103556348.0,446157.0,CC(C)C1=NC(=NC(=C1/C=C/[C@H](C[C@H](CC(=O)O)O)O)C2=CC=C(C=C2)F)N(C)S(=O)(=O)C,Unspecified,,,Potential missing data,Activity,Substrate,CC(C)=c1nc(N(C)S(C)(=O)=O)nc(-c2ccc(F)cc2)c1=CC[C@@H](O)C[C@@H](O)CC(=O)O,DRLXVNRHGMULCY-IAGOWNOFSA-N,aid_589039_clinically_relevant,assay,substrate
83,103557046.0,4485.0,CC1=C(C(C(=C(N1)C)C(=O)OC)C2=CC=CC=C2[N+](=O)[O-])C(=O)OC,Unspecified,,,Potential missing data,Activity,Substrate,COC(=O)C1=C(C)N=C(C)C(C(=O)OC)C1c1ccccc1[N+](=O)[O-],OSUCQKNXQBPLDG-UHFFFAOYSA-N,aid_589039_clinically_relevant,assay,substrate
84,103558413.0,77993.0,CN1CCC[C@@H]1CC2=CNC3=C2C=C(C=C3)CCS(=O)(=O)C4=CC=CC=C4,Unspecified,,,Potential missing data,Activity,Substrate,CN1CCC[C@@H]1Cc1c[nH]c2ccc(CCS(=O)(=O)c3ccccc3)cc12,PWVXXGRKLHYWKM-LJQANCHMSA-N,aid_589039_clinically_relevant,assay,substrate
85,103558447.0,15130.0,CC[C@@H](C(C[C@H](C)N(C)C)(C1=CC=CC=C1)C2=CC=CC=C2)OC(=O)C,Unspecified,,,Potential missing data,Activity,Substrate,CC[C@H](OC(C)=O)C(C[C@H](C)N(C)C)(c1ccccc1)c1ccccc1,XBMIVRRWGCYBTQ-AVRDEDQJSA-N,aid_589039_clinically_relevant,assay,substrate
86,103558698.0,135400189.0,CCCC1=NC(=C2N1N=C(NC2=O)C3=C(C=CC(=C3)S(=O)(=O)N4CCN(CC4)CC)OCC)C,Unspecified,,,Potential missing data,Activity,Substrate,CCCc1nc(C)c2c(=O)[nH]c(-c3cc(S(=O)(=O)N4CCN(CC)CC4)ccc3OCC)nn12,SECKRCOLJRRGGV-UHFFFAOYSA-N,aid_589039_clinically_relevant,assay,substrate
87,103589735.0,4507.0,CCOC(=O)C1=C(NC(=C(C1C2=CC(=CC=C2)[N+](=O)[O-])C(=O)OC)C)C,Unspecified,,,Potential missing data,Activity,Substrate,CCOC(=O)C1=C(C)N=C(C)C(C(=O)OC)C1c1cccc([N+](=O)[O-])c1,VVTJQHCRBOHFTD-UHFFFAOYSA-N,aid_589039_clinically_relevant,assay,substrate
88,103620962.0,3784.0,CC1=C(C(C(=C(N1)C)C(=O)OC(C)C)C2=CC=CC3=NON=C32)C(=O)OC,Unspecified,,,Potential missing data,Activity,Substrate,COC(=O)C1=C(C)N=C(C)C(C(=O)OC(C)C)C1c1cccc2nonc12,CNXVIBRFWKALQW-UHFFFAOYSA-N,aid_589039_clinically_relevant,assay,substrate
89,103680984.0,4499.0,CC1=C(C(C(=C(N1)C)C(=O)OCC(C)C)C2=CC=CC=C2[N+](=O)[O-])C(=O)OC,Unspecified,,,Potential missing data,Activity,Substrate,COC(=O)C1=C(C)N=C(C)C(C(=O)OCC(C)C)C1c1ccccc1[N+](=O)[O-],PKICUDXEAPMDNG-UHFFFAOYSA-N,aid_589039_clinically_relevant,assay,substrate
90,103696081.0,84029.0,CC[C@@H]1[C@@]([C@@H]([C@H](C(=O)[C@@H](C[C@@]([C@@H]([C@H]([C@@H]([C@H](C(=O)O1)C)O[C@H]2C[C@@]([C@H]([C@@H](O2)C)O)(C)OC)C)O[C@H]3[C@@H]([C@H](C[C@H](O3)C)N(C)C)O)(C)OC)C)C)O)(C)O,Unspecified,,,Potential missing data,Activity,Substrate,CC[C@H]1OC(=O)C(C)[C@@H](O[C@H]2C[C@@](C)(OC)[C@@H](O)[C@H](C)O2)[C@H](C)[C@@H](O[C@@H]2O[C@H](C)C[C@H](N(C)C)[C@H]2O)[C@](C)(OC)CC(C)C(=O)C(C)[C@@H](O)[C@]1(C)O,AGOYDEPGAOXOCK-WLLSWQJKSA-N,aid_589039_clinically_relevant,assay,substrate
91,103724173.0,60606.0,COC(=O)[C@H](C1=CC=CC=C1Cl)N2CCC3=C(C2)C=CS3,Unspecified,,,Potential missing data,Activity,Substrate,COC(=O)C(c1ccccc1Cl)N1CCc2sccc2C1,GKTWGGQPFAXNFI-UHFFFAOYSA-N,aid_589039_clinically_relevant,assay,substrate
92,103752013.0,443872.0,C[C@]12CCC(=O)C=C1C[C@H]([C@@H]3[C@]24[C@H](O4)C[C@]5([C@H]3CC[C@@]56CCC(=O)O6)C)C(=O)OC,Unspecified,,,Potential missing data,Activity,Substrate,COC(=O)C1C=C2CC(=O)CC[C@]2(C)[C@@]23O[C@@H]2C[C@@]2(C)[C@@H](CC[C@@]24CCC(=O)O4)[C@H]13,FGDFBDMCHJUKLV-RRRIQQLMSA-N,aid_589039_clinically_relevant,assay,substrate
93,103752013.0,443872.0,C[C@]12CCC(=O)C=C1C[C@H]([C@@H]3[C@]24[C@H](O4)C[C@]5([C@H]3CC[C@@]56CCC(=O)O6)C)C(=O)OC,Unspecified,,,Potential missing data,Activity,Substrate,COC(=O)C1C=C2CC(=O)CC[C@]2(C)[C@@]23O[C@@H]2C[C@@]2(C)[C@@H](CC[C@@]24CCC(=O)O4)[C@H]13,FGDFBDMCHJUKLV-RRRIQQLMSA-N,aid_589039_clinically_relevant,assay,substrate
94,103752947.0,6436048.0,CC1=C(C(C(=C(N1)C)C(=O)OC/C=C/C2=CC=CC=C2)C3=CC(=CC=C3)[N+](=O)[O-])C(=O)OC,Unspecified,,,Potential missing data,Activity,Substrate,COC(=O)C1=C(C)N=C(C)C(C(=O)OC/C=C/c2ccccc2)C1c1cccc([N+](=O)[O-])c1,ISBYPYUIOMMYGS-DHZHZOJOSA-N,aid_589039_clinically_relevant,assay,substrate
95,103770952.0,6918296.0,C[C@]12CC[C@H]3[C@H]([C@@H]1CC[C@@H]2C(=O)NC4=C(C=CC(=C4)C(F)(F)F)C(F)(F)F)CC[C@@H]5[C@@]3(C=CC(=O)N5)C,Unspecified,,,Potential missing data,Activity,Substrate,C[C@]12C=CC(=O)N[C@@H]1CC[C@@H]1[C@@H]2CC[C@]2(C)C(C(=O)Nc3cc(C(F)(F)F)ccc3C(F)(F)F)CC[C@@H]12,JWJOTENAMICLJG-XBBCLZPISA-N,aid_589039_clinically_relevant,assay,substrate
96,103771190.0,5311101.0,C[C@@H]1C[C@H]2[C@@H]3C[C@@H](C4=CC(=O)C=C[C@@]4([C@]3([C@H](C[C@@]2([C@]1(C(=O)SCF)O)C)O)F)C)F,Unspecified,,,Potential missing data,Activity,Substrate,C[C@@H]1C[C@H]2[C@@H]3C[C@H](F)C4=CC(=O)C=C[C@]4(C)[C@@]3(F)[C@@H](O)C[C@]2(C)[C@@]1(O)C(=O)SCF,MGNNYOODZCAHBA-GQKYHHCASA-N,aid_589039_clinically_relevant,assay,substrate
97,104234148.0,8223.0,C[C@@]1(C(=O)N2[C@H](C(=O)N3CCC[C@H]3[C@@]2(O1)O)CC4=CC=CC=C4)NC(=O)[C@H]5CN([C@@H]6CC7=CNC8=CC=CC(=C78)C6=C5)C,Unspecified,,,Potential missing data,Activity,Substrate,CN1CC(C(=O)N[C@]2(C)O[C@@]3(O)[C@@H]4CCCN4C(=O)C(Cc4ccccc4)N3C2=O)C=C2c3cccc4[nH]cc(c34)C[C@H]21,XCGSFFUVFURLIX-QOEFELPASA-N,aid_589039_clinically_relevant,assay,substrate
98,104234228.0,6013.0,C[C@]12CC[C@H]3[C@H]([C@@H]1CC[C@@H]2O)CCC4=CC(=O)CC[C@]34C,Unspecified,,,Potential missing data,Activity,Substrate,C[C@]12CC[C@H]3[C@@H](CC=C4CC(=O)CC[C@@]43C)[C@@H]1CC[C@@H]2O,SEDRVEWTPRTLOZ-DYKIIFRCSA-N,aid_589039_clinically_relevant,assay,substrate
99,104234229.0,5743.0,C[C@@H]1C[C@H]2[C@@H]3CCC4=CC(=O)C=C[C@@]4([C@]3([C@H](C[C@@]2([C@]1(C(=O)CO)O)C)O)F)C,Unspecified,,,Potential missing data,Activity,Substrate,C[C@@H]1C[C@H]2[C@@H]3CC=C4CC(=O)C=C[C@]4(C)[C@@]3(F)[C@@H](O)C[C@]2(C)[C@@]1(O)C(=O)CO,GJFCONYVAUNLKB-CXSFZGCWSA-N,aid_589039_clinically_relevant,assay,substrate
100,104234246.0,2162.0,CCOC(=O)C1=C(NC(=C(C1C2=CC=CC=C2Cl)C(=O)OC)C)COCCN,Unspecified,,,Potential missing data,Activity,Substrate,CCOC(=O)C1=C(COCCN)N=C(C)C(C(=O)OC)C1c1ccccc1Cl,YMDXSGBNCBQYGC-UHFFFAOYSA-N,aid_589039_clinically_relevant,assay,substrate
101,104239756.0,3033968.0,CC[C@]12CC[C@H]3[C@H]([C@@H]1C=C[C@]2(C#C)O)CCC4=CC(=O)CC[C@H]34,Unspecified,,,Potential missing data,Activity,Substrate,C#C[C@]1(O)C=C[C@H]2[C@@H]3CC=C4CC(=O)CCC4[C@H]3CC[C@@]21CC,PCGOZSMTJRCWQF-XZCODKSBSA-N,aid_589039_clinically_relevant,assay,substrate
102,123086577.0,55245.0,CC#C[C@@]1(CC[C@@H]2[C@@]1(C[C@@H](C3=C4CCC(=O)C=C4CC[C@@H]23)C5=CC=C(C=C5)N(C)C)C)O,Unspecified,,,Potential missing data,Activity,Substrate,CC#C[C@]1(O)CC[C@H]2C3=C(C4=C(CC3)CC(=O)CC4)C(c3ccc(N(C)C)cc3)C[C@@]21C,BHZCGCMWEVHUBA-ZLMDOPAYSA-N,aid_589039_clinically_relevant,assay,substrate
103,123090165.0,2769.0,COC1CN(CCC1NC(=O)C2=CC(=C(C=C2OC)N)Cl)CCCOC3=CC=C(C=C3)F,Unspecified,,,Potential missing data,Activity,Substrate,COc1cc(N)c(Cl)cc1C(=O)NC1CCN(CCCOc2ccc(F)cc2)CC1OC,DCSUBABJRXZOMT-UHFFFAOYSA-N,aid_589039_clinically_relevant,assay,substrate
104,123094713.0,446598.0,CCC[C@@H]1C[C@H](N(C1)C)C(=O)N[C@@H]([C@@H]2[C@@H]([C@@H]([C@H]([C@H](O2)SC)O)O)O)[C@H](C)Cl,Unspecified,,,Potential missing data,Activity,Substrate,CCC[C@@H]1CC(C(=O)N[C@@H]([C@H]2O[C@H](SC)[C@H](O)[C@@H](O)[C@H]2O)[C@H](C)Cl)N(C)C1,KDLRVYVGXIQJDK-DFBSCBFDSA-N,aid_589039_clinically_relevant,assay,substrate
105,124958489.0,104903.0,C[C@@H]1C[C@H]2[C@@H]3CCC4=CC(=O)C=C[C@@]4(C3=CC[C@@]2([C@H]1C(=O)CN5CCN(CC5)C6=NC(=NC(=C6)N7CCCC7)N8CCCC8)C)C,Unspecified,,,Potential missing data,Activity,Substrate,C[C@@H]1C[C@H]2[C@@H]3CC=C4CC(=O)C=C[C@]4(C)C3=CC[C@]2(C)C1C(=O)CN1CCN(c2cc(N3CCCC3)nc(N3CCCC3)n2)CC1,NSTCAXPRTTYSFG-ZVAVEHQWSA-N,aid_589039_clinically_relevant,assay,substrate
106,124963825.0,3510.0,CN1C2CCCC1CC(C2)NC(=O)C3=NN(C4=CC=CC=C43)C,Unspecified,,,Potential missing data,Activity,Substrate,CN1C2CCCC1CC(NC(=O)c1nn(C)c3ccccc13)C2,MFWNKCLOYSRHCJ-UHFFFAOYSA-N,aid_589039_clinically_relevant,assay,substrate
107,131273438.0,54580717.0,CC[C@@]1(C2=C(COC1=O)C(=O)N3CC4=CC5=C(C=CC=C5N=C4C3=C2)CC[Si](C)(C)C)O,Unspecified,,,Potential missing data,Activity,Substrate,CC[C@@]1(O)C(=O)OCc2c1cc1n(c2=O)Cc2cc3c(CC[Si](C)(C)C)cccc3nc2-1,SYXGVIWFCCQOEK-VWLOTQADSA-N,aid_589039_clinically_relevant,assay,substrate
108,131275419.0,4177.0,CC1COC2(N1CC(=O)NC3=C2C=C(C=C3)Cl)C4=CC=CC=C4Cl,Unspecified,,,Potential missing data,Activity,Substrate,CC1COC2(c3ccccc3Cl)c3cc(Cl)ccc3NC(=O)CN12,ANUCDXCTICZJRH-UHFFFAOYSA-N,aid_589039_clinically_relevant,assay,substrate
109,131275787.0,115368.0,C1CC[C@H]2[C@@H](C1)C(=O)N(C2=O)CCCCN3CCN(CC3)C4=NSC5=CC=CC=C54,Unspecified,,,Potential missing data,Activity,Substrate,Oc1c2c(c(O)n1CCCCN1CCN(c3nsc4ccccc34)CC1)CCCC2,GRZAUXJKSWFZCU-UHFFFAOYSA-N,aid_589039_clinically_relevant,assay,substrate
110,131277421.0,40589.0,CCC1=NN(C(=O)N1CC)CCCN2CCN(CC2)C3=CC(=CC=C3)Cl,Unspecified,,,Potential missing data,Activity,Substrate,CCc1nn(CCCN2CCN(c3cccc(Cl)c3)CC2)c(=O)n1CC,IZBNNCFOBMGTQX-UHFFFAOYSA-N,aid_589039_clinically_relevant,assay,substrate
111,131285467.0,54586579.0,C[C@@]1(C(=O)N2[C@H](C(=O)N3CCC[C@H]3[C@@]2(O1)O)CC4=CC=CC=C4)NC(=O)[C@H]5CN([C@@H]6CC7=CNC8=CC=CC(=C78)C6=C5)C.C[C@@]1(C(=O)N2[C@H](C(=O)N3CCC[C@H]3[C@@]2(O1)O)CC4=CC=CC=C4)NC(=O)[C@H]5CN([C@@H]6CC7=CNC8=CC=CC(=C78)C6=C5)C,Unspecified,,,Potential missing data,Activity,Substrate,CN1CC(C(=O)N[C@]2(C)O[C@@]3(O)[C@@H]4CCCN4C(=O)C(Cc4ccccc4)N3C2=O)C=C2c3cccc4[nH]cc(c34)C[C@H]21,XCGSFFUVFURLIX-QOEFELPASA-N,aid_589039_clinically_relevant,assay,substrate
112,131285468.0,114948.0,CC(C)C[C@H]1C(=O)N2CCC[C@H]2[C@]3(N1C(=O)[C@](O3)(C(C)C)NC(=O)[C@@H]4C[C@H]5[C@@H](CC6=CNC7=CC=CC5=C67)N(C4)C)O,Unspecified,,,Potential missing data,Activity,Substrate,CC(C)CC1C(=O)N2CCC[C@H]2[C@]2(O)O[C@](NC(=O)C3C[C@@H]4c5cccc6[nH]cc(c56)C[C@H]4N(C)C3)(C(C)C)C(=O)N12,PBUNVLRHZGSROC-FDFHXSHFSA-N,aid_589039_clinically_relevant,assay,substrate
113,134453344.0,68911.0,C[C@@H]1CC[C@H]2[C@H]([C@H](O[C@H]3[C@@]24[C@H]1CC[C@](O3)(OO4)C)OC)C,Unspecified,,,Potential missing data,Activity,Substrate,CO[C@H]1O[C@@H]2O[C@@]3(C)CC[C@H]4[C@H](C)CC[C@@H]([C@H]1C)[C@@]24OO3,SXYIRMFQILZOAM-HVNFFKDJSA-N,aid_589039_clinically_relevant,assay,substrate
114,136929859.0,6442177.0,C[C@@H]1CC[C@H]2C[C@@H](/C(=C/C=C/C=C/[C@H](C[C@H](C(=O)[C@@H]([C@@H](/C(=C/[C@H](C(=O)C[C@H](OC(=O)[C@@H]3CCCCN3C(=O)C(=O)[C@@]1(O2)O)[C@H](C)C[C@@H]4CC[C@H]([C@@H](C4)OC)OCCO)C)/C)O)OC)C)C)/C)OC,Unspecified,,,Potential missing data,Activity,Substrate,COC1C(=O)C(C)C[C@H](C)/C=C/C=C/C=C(\C)[C@@H](OC)C[C@@H]2CC[C@@H](C)[C@@](O)(O2)C(=O)C(=O)N2CCCCC2C(=O)O[C@H]([C@H](C)C[C@@H]2CC[C@@H](OCCO)[C@H](OC)C2)CC(=O)C(C)=CC(C)[C@H]1O,SXIBUDLORNYMST-UGHQTZFTSA-N,aid_589039_clinically_relevant,assay,substrate
115,160677133.0,5978.0,CC[C@@]1(C[C@@H]2C[C@@](C3=C(CCN(C2)C1)C4=CC=CC=C4N3)(C5=C(C=C6C(=C5)[C@]78CCN9[C@H]7[C@@](C=CC9)([C@H]([C@@]([C@@H]8N6C=O)(C(=O)OC)O)OC(=O)C)CC)OC)C(=O)OC)O,Unspecified,,,Potential missing data,Activity,Substrate,CC[C@]1(O)C[C@H]2CN(CCc3c([nH]c4ccccc34)[C@@](C(=O)OC)(c3cc4c(cc3OC)N(C=O)[C@H]3[C@@](O)(C(=O)OC)[C@H](OC(C)=O)[C@]5(CC)C=CCN6CC[C@]43[C@@H]65)C2)C1,OGWKCGZFUXNPDA-XQKSVPLYSA-N,aid_589039_clinically_relevant,assay,substrate
116,160681707.0,443869.0,CC1=C([C@@H](C(=C(N1)C)C(=O)O[C@H]2CCN(C2)CC3=CC=CC=C3)C4=CC(=CC=C4)[N+](=O)[O-])C(=O)OC,Unspecified,,,Potential missing data,Activity,Substrate,COC(=O)C1=C(C)N=C(C)C(C(=O)O[C@H]2CCN(Cc3ccccc3)C2)[C@H]1c1cccc([N+](=O)[O-])c1,QPOLEIZVZGWOJF-HSPGVUBUSA-N,aid_589039_clinically_relevant,assay,substrate
117,163312394.0,5311497.0,CCC1=C[C@H]2C[C@@](C3=C(CN(C2)C1)C4=CC=CC=C4N3)(C5=C(C=C6C(=C5)[C@]78CCN9[C@H]7[C@@](C=CC9)([C@H]([C@@]([C@@H]8N6C)(C(=O)OC)O)OC(=O)C)CC)OC)C(=O)OC,Unspecified,,,Potential missing data,Activity,Substrate,CCC1=C[C@@H]2CN(C1)Cc1c([nH]c3ccccc13)[C@@](C(=O)OC)(c1cc3c(cc1OC)N(C)[C@H]1[C@@](O)(C(=O)OC)[C@H](OC(C)=O)[C@]4(CC)C=CCN5CC[C@]31[C@@H]54)C2,GBABOYUKABKIAF-IELIFDKJSA-N,aid_589039_clinically_relevant,assay,substrate
118,194134279.0,3793.0,CCC(C)N1C(=O)N(C=N1)C2=CC=C(C=C2)N3CCN(CC3)C4=CC=C(C=C4)OCC5COC(O5)(CN6C=NC=N6)C7=C(C=C(C=C7)Cl)Cl,Unspecified,,,Potential missing data,Activity,Substrate,CCC(C)n1ncn(-c2ccc(N3CCN(c4ccc(OCC5COC(Cn6cncn6)(c6ccc(Cl)cc6Cl)O5)cc4)CC3)cc2)c1=O,VHVPQPYKVGDNFY-UHFFFAOYSA-N,aid_589039_clinically_relevant,assay,substrate
119,312468102.0,148123.0,CC1=C2[C@H](C(=O)[C@@]3([C@H](C[C@@H]4[C@]([C@H]3[C@@H]([C@@](C2(C)C)(C[C@@H]1OC(=O)[C@@H]([C@H](C5=CC=CC=C5)NC(=O)OC(C)(C)C)O)O)OC(=O)C6=CC=CC=C6)(CO4)OC(=O)C)O)C)O.O.O.O,Unspecified,,,Potential missing data,Activity,Substrate,CC(=O)O[C@@]12CO[C@@H]1C[C@H](O)[C@@]1(C)C(=O)C(=O)C3C(C)[C@@H](OC(=O)C(O)C(NC(=O)OC(C)(C)C)c4ccccc4)C[C@@](O)([C@@H](OC(=O)c4ccccc4)[C@H]21)C3(C)C,ROQZUJKOMJECOM-MKLSCFFVSA-N,aid_589039_clinically_relevant,assay,substrate
