CANONICAL_SMILES,INCHIKEY,common_name,action_type,dataset,active
NS(=O)(=O)Cc1noc2ccccc12,UBQNRHZMVUUOMG-UHFFFAOYSA-N,ZONISAMIDE,substrate,ChEMBL_curated,True
Oc1cc2cc(CCN3CCN(c4nsc5ccccc45)CC3)c(Cl)cc2[nH]1,CARRCRVKWDEWCD-UHFFFAOYSA-N,ZIPRASIDONE,substrate,ChEMBL_curated,True
CCC1=C[C@@H]2CN(C1)Cc1c([nH]c3ccccc13)[C@@](C(=O)OC)(c1cc3c(cc1OC)N(C)[C@H]1[C@@](O)(C(=O)OC)[C@H](OC(C)=O)[C@]4(CC)C=CCN5CC[C@]31[C@@H]54)C2,GBABOYUKABKIAF-IELIFDKJSA-N,VINORELBINE,substrate,ChEMBL_curated,True
CC[C@]1(O)C[C@H]2CN(CCc3c([nH]c4ccccc34)[C@@](C(=O)OC)(c3cc4c(cc3OC)N(C=O)[C@H]3[C@@](O)(C(=O)OC)[C@H](OC(C)=O)[C@]5(CC)C=CCN6CC[C@]43[C@@H]65)C2)C1,OGWKCGZFUXNPDA-XQKSVPLYSA-N,VINCRISTINE,substrate,ChEMBL_curated,True
CC[C@]1(O)C[C@@H]2CN(CCc3c([nH]c4ccccc34)[C@@](C(=O)OC)(c3cc4c(cc3OC)N(C)[C@H]3[C@@](O)(C(=O)OC)[C@H](OC(C)=O)[C@]5(CC)C=CCN6CC[C@]43[C@@H]65)C2)C1,JXLYSJRDGCGARV-CFWMRBGOSA-N,VINBLASTINE,substrate,ChEMBL_curated,True
CCCc1nc(C)c2c(=O)[nH]c(-c3cc(S(=O)(=O)N4CCN(CC)CC4)ccc3OCC)nn12,SECKRCOLJRRGGV-UHFFFAOYSA-N,VARDENAFIL,substrate,ChEMBL_curated,True
COc1cc(NCc2ccc3nc(N)nc(N)c3c2C)cc(OC)c1OC,NOYPYLRCIDNJJB-UHFFFAOYSA-N,TRIMETREXATE,substrate,ChEMBL_curated,True
Cc1nnc2n1-c1ccc(Cl)cc1C(c1ccccc1Cl)=NC2,JOFWLTCLBGQGBO-UHFFFAOYSA-N,TRIAZOLAM,substrate,ChEMBL_curated,True
CCC1C(C)=NN=C(c2ccc(OC)c(OC)c2)c2cc(OC)c(OC)cc21,RUJBDQSFYCKFAA-UHFFFAOYSA-N,TOFISOPAM,substrate,ChEMBL_curated,True
C[C@@H]1C[C@H]2[C@@H]3CC=C4CC(=O)C=C[C@]4(C)C3=CC[C@]2(C)C1C(=O)CN1CCN(c2cc(N3CCCC3)nc(N3CCCC3)n2)CC1,NSTCAXPRTTYSFG-ZVAVEHQWSA-N,TIRILAZAD,substrate,ChEMBL_curated,True
CCC[C@@]1(CCc2ccccc2)CC(=O)C([C@H](CC)c2cccc(NS(=O)(=O)c3ccc(C(F)(F)F)cn3)c2)C(=O)O1,MYXACKZCYFKMTE-JETRDCLMSA-N,TIPRANAVIR,substrate,ChEMBL_curated,True
Cc1ccsc1C(=CCCN1CCCC(C(=O)O)C1)c1sccc1C,PBJUNZJWGZTSKL-UHFFFAOYSA-N,TIAGABINE,substrate,ChEMBL_curated,True
C[C@]12CC[C@H]3[C@@H](CC=C4CC(=O)CC[C@@]43C)[C@@H]1CC[C@@H]2O,SEDRVEWTPRTLOZ-DYKIIFRCSA-N,TESTOSTERONE,substrate,ChEMBL_curated,True
CC(C)(C)c1ccc(C(O)CCCN2CCC(C(O)(c3ccccc3)c3ccccc3)CC2)cc1,GUGOEEXESWIERI-UHFFFAOYSA-N,TERFENADINE,substrate,ChEMBL_curated,True
CC[C@H]1OC(=O)C(C)C(=O)C(C)[C@@H](O[C@@H]2O[C@H](C)C[C@H](N(C)C)[C@H]2O)[C@](C)(OC)CC(C)C(=O)C(C)[C@H]2N(CCCCn3cnc(-c4cccnc4)c3)C(=O)O[C@]12C,LJVAJPDWBABPEJ-HZQJCNAYSA-N,TELITHROMYCIN,substrate,ChEMBL_curated,True
CN1CC(=O)N2C(Cc3c([nH]c4ccccc34)[C@H]2c2ccc3c(c2)OCO3)C1=O,WOXKDUGGOYFFRN-CAWMZFRYSA-N,TADALAFIL,substrate,ChEMBL_curated,True
C=CCC1=CC(C)C[C@H](C)C[C@H](OC)[C@H]2O[C@@](O)(C(=O)C(=O)N3CCCCC3C(=O)O[C@H](/C(C)=C/[C@@H]3CC[C@@H](O)[C@H](OC)C3)[C@H](C)[C@@H](O)CC1=O)[C@H](C)C[C@@H]2OC,SLUYGGAVUSVJOT-VZCWQGFJSA-N,TACROLIMUS ANHYDROUS,substrate,ChEMBL_curated,True
C=c1c(C(=O)NCCN(CC)CC)c(C)[nH]c1=Cc1c(O)[nH]c2ccc(F)cc12,MAXXXDSMDPPTEE-UHFFFAOYSA-N,SUNITINIB,substrate,ChEMBL_curated,True
COC1C(=O)C(C)C[C@H](C)/C=C/C=C/C=C(\C)[C@@H](OC)C[C@@H]2CC[C@@H](C)[C@@](O)(O2)C(=O)C(=O)N2CCCCC2C(=O)O[C@H]([C@H](C)C[C@@H]2CC[C@@H](O)[C@H](OC)C2)CC(=O)C(C)=CC(C)[C@H]1O,DVSZTYJRXBBIFA-FBAQEZMUSA-N,SIROLIMUS,substrate,ChEMBL_curated,True
CCC(C)(C)C(=O)O[C@H]1C[C@@H](C)C=C2C=C[C@H](C)[C@H](CC[C@@H]3C[C@@H](O)CC(=O)O3)[C@H]21,RYMZZMVNJRMUDD-HGQWONQESA-N,SIMVASTATIN,substrate,ChEMBL_curated,True
CCCc1nn(C)c2c(=O)[nH]c(-c3cc(S(=O)(=O)N4CCN(C)CC4)ccc3OCC)nc12,BNRNXUUZRGQAQC-UHFFFAOYSA-N,SILDENAFIL,substrate,ChEMBL_curated,True
CC(C)CC(N(C)C)C1(c2ccc(Cl)cc2)CCC1,UNAANXDKBXWMLN-UHFFFAOYSA-N,SIBUTRAMINE,substrate,ChEMBL_curated,True
CC(C)(C)NC(=O)C1C[C@@H]2CCCC[C@@H]2CN1C[C@@H](O)[C@H](Cc1ccccc1)NC(=O)C(CC(N)=O)NC(=O)c1ccc2ccccc2n1,QWAXKHKRTORLEM-PVCXOJBVSA-N,SAQUINAVIR,substrate,ChEMBL_curated,True
OCc1cc(C(O)CNCCCCCCOCCCCc2ccccc2)ccc1O,GIIZNNXWQWCKIB-UHFFFAOYSA-N,SALMETEROL,substrate,ChEMBL_curated,True
CN(C)C[C@@H]1CCn2cc(c3ccccc32)C2=C(C(=O)NC2=O)c2cn(c3ccccc23)CCO1,ZCBUQCWBWNUWSU-SFHVURJKSA-N,RUBOXISTAURIN,substrate,ChEMBL_curated,True
CC(C)=c1nc(N(C)S(C)(=O)=O)nc(-c2ccc(F)cc2)c1=CC[C@@H](O)C[C@@H](O)CC(=O)O,DRLXVNRHGMULCY-IAGOWNOFSA-N,ROSUVASTATIN,substrate,ChEMBL_curated,True
CCC1=NC(=O)C2CSSCC/C=C/[C@H](CC(=O)NC(C(C)C)C(=O)N2)OC(=O)C(C(C)C)NC1=O,SOOPLNPQGWJZHY-AUPMIYMHSA-N,ROMIDEPSIN,substrate,ChEMBL_curated,True
CC(C)c1nc(CN(C)C(=O)NC(C(=O)N[C@@H](Cc2ccccc2)C[C@H](O)[C@H](Cc2ccccc2)NC(=O)OCc2cncs2)C(C)C)cs1,NCDNCNXCDXHOMX-BWGGSIGWSA-N,RITONAVIR,substrate,ChEMBL_curated,True
CO[C@H]1/C=C/O[C@@]2(C)Oc3c(C)c(O)c4c(O)c(c5c(c4c3C2=O)=NC2(CCN(CC(C)C)CC2)N=5)NC(=O)C(C)=CC=CC(C)[C@H](O)[C@@H](C)[C@@H](O)[C@@H](C)[C@H](OC(C)=O)[C@@H]1C,AZFBLLCNOQPJGJ-HQFNJQJDSA-N,RIFABUTIN,substrate,ChEMBL_curated,True
CCOc1ccccc1OC(c1ccccc1)C1CNCCO1,CBQGYUDMJHNJBX-UHFFFAOYSA-N,REBOXETINE,substrate,ChEMBL_curated,True
C=C[C@H]1CN2CC[C@H]1C[C@H]2[C@H](O)c1ccnc2ccc(OC)cc12,LOUPRKONTZGTKE-WZBLMQSHSA-N,QUININE,substrate,ChEMBL_curated,True
C=C[C@H]1CN2CC[C@H]1C[C@@H]2[C@@H](O)c1ccnc2ccc(OC)cc12,LOUPRKONTZGTKE-LHHVKLHASA-N,QUINIDINE,substrate,ChEMBL_curated,True
OCCOCCN1CCN(C2=Nc3ccccc3Sc3ccccc32)CC1,URKOMYMAXPYINW-UHFFFAOYSA-N,QUETIAPINE,substrate,ChEMBL_curated,True
O=C(C1CCCCC1)N1CC(=O)N2CCc3ccccc3C2C1,FSVJFNAIGNNGKK-UHFFFAOYSA-N,PRAZIQUANTEL,substrate,ChEMBL_curated,True
COC(=O)C1=C(C)N=C(C)C(C(=O)OC/C=C/c2ccccc2)C1c1cccc([N+](=O)[O-])c1,ISBYPYUIOMMYGS-DHZHZOJOSA-N,PRANIDIPINE,substrate,ChEMBL_curated,True
O=c1[nH]c2ccccc2n1C1CCN(CCCC(c2ccc(F)cc2)c2ccc(F)cc2)CC1,YVUQSNJEYSNKRX-UHFFFAOYSA-N,PIMOZIDE,substrate,ChEMBL_curated,True
Oc1c2c(c(O)n1CCCCN1CCN(c3nsc4ccccc34)CC1)CCCC2,GRZAUXJKSWFZCU-UHFFFAOYSA-N,PEROSPIRONE,substrate,ChEMBL_curated,True
CCN(CC)CC#CCOC(=O)C(O)(c1ccccc1)C1CCCCC1,XIQVNETUBQGFHX-UHFFFAOYSA-N,OXYBUTYNIN,substrate,ChEMBL_curated,True
O=c1[nH]c2ccccc2n1CCCN1CCN(C(c2ccccc2)c2ccccc2)CC1,BAINIUMDFURPJM-UHFFFAOYSA-N,OXATOMIDE,substrate,ChEMBL_curated,True
C#C[C@]1(O)CC[C@H]2[C@@H]3CC=C4CC(=O)CCC4[C@H]3CC[C@@]21C,QGQUHXSBTSDAML-ULCNYCTPSA-N,NORETHINDRONE,substrate,ChEMBL_curated,True
CCOC(=O)C1=C(C)N=C(C)C(C(=O)OC)C1c1cccc([N+](=O)[O-])c1,VVTJQHCRBOHFTD-UHFFFAOYSA-N,NITRENDIPINE,substrate,ChEMBL_curated,True
COC(=O)C1=C(C)N=C(C)C(C(=O)OCC(C)C)C1c1ccccc1[N+](=O)[O-],PKICUDXEAPMDNG-UHFFFAOYSA-N,NISOLDIPINE,substrate,ChEMBL_curated,True
COCCOC(=O)C1=C(C)N=C(C)C(C(=O)OC(C)C)C1c1cccc([N+](=O)[O-])c1,SVMHYHIZWOJKDL-UHFFFAOYSA-N,NIMODIPINE,substrate,ChEMBL_curated,True
COC(=O)C1=C(C)N=C(C)C(C(=O)OC)C1c1ccccc1[N+](=O)[O-],OSUCQKNXQBPLDG-UHFFFAOYSA-N,NIFEDIPINE,substrate,ChEMBL_curated,True
COC(=O)C1=C(C)N=C(C)C(C(=O)OCCN(C)Cc2ccccc2)C1c1cccc([N+](=O)[O-])c1,UXVSDVSUISWXKD-UHFFFAOYSA-N,NICARDIPINE,substrate,ChEMBL_curated,True
CCOc1cc(N)c(Cl)cc1C(=O)NCC1CN(Cc2ccc(F)cc2)CCO1,YPELFRMCRYSPKZ-UHFFFAOYSA-N,MOSAPRIDE,substrate,ChEMBL_curated,True
CC#C[C@]1(O)CC[C@H]2C3=C(C4=C(CC3)CC(=O)CC4)C(c3ccc(N(C)C)cc3)C[C@@]21C,BHZCGCMWEVHUBA-ZLMDOPAYSA-N,MIFEPRISTONE,substrate,ChEMBL_curated,True
Cc1ncc2n1-c1ccc(Cl)cc1C(c1ccccc1F)=NC2,DDLIGBOFAVUZHB-UHFFFAOYSA-N,MIDAZOLAM,substrate,ChEMBL_curated,True
CC1COC2(c3ccccc3Cl)c3cc(Cl)ccc3NC(=O)CN12,ANUCDXCTICZJRH-UHFFFAOYSA-N,MEXAZOLAM,substrate,ChEMBL_curated,True
CC1=C2CC(=O)C=C[C@]2(C)[C@@H]2[C@@H](C1)[C@@H]1CC[C@](O)(C(=O)CO)[C@@]1(C)C[C@@H]2O,ZABDAGALHQDSEU-SJLJSBKTSA-N,METHYLPREDNISOLONE,substrate,ChEMBL_curated,True
CCCCN(CCCC)CC(O)c1cc(Cl)cc2c1-c1ccc(Cl)cc1/C2=C/c1ccc(Cl)cc1,DYLGFOYVTXJFJP-MYYYXRDXSA-N,LUMEFANTRINE,substrate,ChEMBL_curated,True
CCC(C)C(=O)O[C@H]1C[C@@H](C)C=C2C=C[C@H](C)[C@H](CC[C@@H]3C[C@@H](O)CC(=O)O3)[C@H]21,PCZOHLXUXFIOCF-SGFUJYLFSA-N,LOVASTATIN,substrate,ChEMBL_curated,True
Cc1cccc(C)c1OCC(=O)N[C@@H](Cc1ccccc1)[C@@H](O)C[C@H](Cc1ccccc1)NC(=O)C(C(C)C)N1CCCNC1=O,KJHKTHWMRKYKJE-QZKHDZGUSA-N,LOPINAVIR,substrate,ChEMBL_curated,True
CN(C)C(=O)C(CCN1CCC(O)(c2ccc(Cl)cc2)CC1)(c1ccccc1)c1ccccc1,RDOIQAHITMMDAJ-UHFFFAOYSA-N,LOPERAMIDE,substrate,ChEMBL_curated,True
NC(=O)N1CCC(CC(=O)N2CCC([C@H]3c4ncc(Br)cc4CCc4cc(Cl)cc(Br)c43)CC2)CC1,DHMTURDWPRKSOA-RUZDIDTESA-N,LONAFARNIB,substrate,ChEMBL_curated,True
CC[C@H](OC(C)=O)C(C[C@H](C)N(C)C)(c1ccccc1)c1ccccc1,XBMIVRRWGCYBTQ-AVRDEDQJSA-N,LEVOMETHADYL ACETATE,substrate,ChEMBL_curated,True
CCN(C(=O)c1c(O)c2c(Cl)cccc2n(C)c1=O)c1ccccc1,GKWPCEFFIHSJOE-UHFFFAOYSA-N,LAQUINIMOD,substrate,ChEMBL_curated,True
CNC1(c2ccccc2Cl)CCCCC1=O,YQEZLKZALYSWHR-UHFFFAOYSA-N,KETAMINE,substrate,ChEMBL_curated,True
CC[C@@]1(O)C(=O)OCc2c1cc1n(c2=O)Cc2cc3c(CC[Si](C)(C)C)cccc3nc2-1,SYXGVIWFCCQOEK-VWLOTQADSA-N,KARENITECIN,substrate,ChEMBL_curated,True
CCC(C)n1ncn(-c2ccc(N3CCN(c4ccc(OCC5COC(Cn6cncn6)(c6ccc(Cl)cc6Cl)O5)cc4)CC3)cc2)c1=O,VHVPQPYKVGDNFY-UHFFFAOYSA-N,ITRACONAZOLE,substrate,ChEMBL_curated,True
COC(=O)C1=C(C)N=C(C)C(C(=O)OC(C)C)C1c1cccc2nonc12,CNXVIBRFWKALQW-UHFFFAOYSA-N,ISRADIPINE,substrate,ChEMBL_curated,True
CC(C)(C)NC(=O)C1CN(Cc2cccnc2)CCN1C[C@@H](O)CC(Cc1ccccc1)C(=O)N[C@H]1c2ccccc2C[C@H]1O,CBVCZFGXHXORBI-IXVTTXLYSA-N,INDINAVIR,substrate,ChEMBL_curated,True
Cc1ccc(NC(=O)c2ccc(CN3CCN(C)CC3)cc2)cc1Nc1nccc(-c2cccnc2)n1,KTUFNOKKBVMGRW-UHFFFAOYSA-N,IMATINIB,substrate,ChEMBL_curated,True
CCCCN(CCCC)CCC(O)c1cc2c(Cl)cc(Cl)cc2c2cc(C(F)(F)F)ccc12,FOHHNHSLJDZUGQ-UHFFFAOYSA-N,HALOFANTRINE,substrate,ChEMBL_curated,True
CN1C2CCCC1CC(NC(=O)c1nn(C)c3ccccc13)C2,MFWNKCLOYSRHCJ-UHFFFAOYSA-N,GRANISETRON,substrate,ChEMBL_curated,True
C#C[C@]1(O)C=C[C@H]2[C@@H]3CC=C4CC(=O)CCC4[C@H]3CC[C@@]21CC,PCGOZSMTJRCWQF-XZCODKSBSA-N,GESTODENE,substrate,ChEMBL_curated,True
CC1(C)CC(=O)N(CCCCN2CCN(c3ncccn3)CC2)C(=O)C1,QOIGKGMMAGJZNZ-UHFFFAOYSA-N,GEPIRONE,substrate,ChEMBL_curated,True
COc1cc2ncnc(Nc3ccc(F)c(Cl)c3)c2cc1OCCCN1CCOCC1,XGALLCVXEZPNRQ-UHFFFAOYSA-N,GEFITINIB,substrate,ChEMBL_curated,True
COc1ccc(CCN(C)CCCC(C#N)(c2cc(OC)c(OC)c(OC)c2)C(C)C)cc1OC,XQLWNAFCTODIRK-UHFFFAOYSA-N,GALLOPAMIL,substrate,ChEMBL_curated,True
C[C@@H]1C[C@H]2[C@@H]3C[C@H](F)C4=CC(=O)C=C[C@]4(C)[C@@]3(F)[C@@H](O)C[C@]2(C)[C@@]1(O)C(=O)SCF,MGNNYOODZCAHBA-GQKYHHCASA-N,FLUTICASONE,substrate,ChEMBL_curated,True
CCC(=O)N(c1ccccc1)C1CCN(CCc2ccccc2)CC1,PJMPHNIQZUBGLI-UHFFFAOYSA-N,FENTANYL,substrate,ChEMBL_curated,True
CCOC(=O)C1=C(C)N=C(C)C(C(=O)OC)C1c1cccc(Cl)c1Cl,HAQDEJPEAKWAAM-UHFFFAOYSA-N,FELODIPINE,substrate,ChEMBL_curated,True
COC1C(=O)C(C)C[C@H](C)/C=C/C=C/C=C(\C)[C@@H](OC)C[C@@H]2CC[C@@H](C)[C@@](O)(O2)C(=O)C(=O)N2CCCCC2C(=O)O[C@H]([C@H](C)C[C@@H]2CC[C@@H](OCCO)[C@H](OC)C2)CC(=O)C(C)=CC(C)[C@H]1O,SXIBUDLORNYMST-UGHQTZFTSA-N,EVEROLIMUS,substrate,ChEMBL_curated,True
Cc1ccc(-c2ncc(Cl)cc2-c2ccc(S(C)(=O)=O)cc2)cn1,MNJVRJDLRVPLFE-UHFFFAOYSA-N,ETORICOXIB,substrate,ChEMBL_curated,True
CCc1nn(CCCN2CCN(c3cccc(Cl)c3)CC2)c(=O)n1CC,IZBNNCFOBMGTQX-UHFFFAOYSA-N,ETOPERIDONE,substrate,ChEMBL_curated,True
CCC1(C)CC(=O)NC1=O,HAPOVYFOVVWLRS-UHFFFAOYSA-N,ETHOSUXIMIDE,substrate,ChEMBL_curated,True
C#C[C@]1(O)CC[C@H]2[C@@H]3CCc4cc(O)ccc4[C@H]3CC[C@@]21C,BFPYWIDHMRZLRN-SLHNCBLASA-N,ETHINYL ESTRADIOL,substrate,ChEMBL_curated,True
CC[C@H]1OC(=O)C(C)[C@@H](O[C@H]2C[C@@](C)(OC)[C@@H](O)[C@H](C)O2)[C@H](C)[C@@H](O[C@@H]2O[C@H](C)C[C@H](N(C)C)[C@H]2O)[C@](C)(O)CC(C)C(=O)C(C)[C@@H](O)[C@]1(C)O,ULGZDMOVFRHVEP-ZWLFKSPASA-N,ERYTHROMYCIN,substrate,ChEMBL_curated,True
C#Cc1cccc(Nc2ncnc3cc(OCCOC)c(OCCOC)cc23)c1,AAKJLRGGTJKAMG-UHFFFAOYSA-N,ERLOTINIB,substrate,ChEMBL_curated,True
CN1CC(C(=O)N[C@]2(C)O[C@@]3(O)[C@@H]4CCCN4C(=O)C(Cc4ccccc4)N3C2=O)C=C2c3cccc4[nH]cc(c34)C[C@H]21,XCGSFFUVFURLIX-QOEFELPASA-N,ERGOTAMINE,substrate,ChEMBL_curated,True
COC(=O)C1C=C2CC(=O)CC[C@]2(C)[C@@]23O[C@@H]2C[C@@]2(C)[C@@H](CC[C@@]24CCC(=O)O4)[C@H]13,FGDFBDMCHJUKLV-RRRIQQLMSA-N,EPLERENONE,substrate,ChEMBL_curated,True
CN1CCC[C@@H]1Cc1c[nH]c2ccc(CCS(=O)(=O)c3ccccc3)cc12,PWVXXGRKLHYWKM-LJQANCHMSA-N,ELETRIPTAN,substrate,ChEMBL_curated,True
CC(C)(C)c1ccc(C(=O)CCCN2CCC(OC(c3ccccc3)c3ccccc3)CC2)cc1,MJJALKDDGIKVBE-UHFFFAOYSA-N,EBASTINE,substrate,ChEMBL_curated,True
C[C@]12C=CC(=O)N[C@@H]1CC[C@@H]1[C@@H]2CC[C@]2(C)C(C(=O)Nc3cc(C(F)(F)F)ccc3C(F)(F)F)CC[C@@H]12,JWJOTENAMICLJG-XBBCLZPISA-N,DUTASTERIDE,substrate,ChEMBL_curated,True
O=c1[nH]c2ccccc2n1CCCN1CCC(n2c(=O)[nH]c3cc(Cl)ccc32)CC1,FGXWKSZFVQUSTL-UHFFFAOYSA-N,DOMPERIDONE,substrate,ChEMBL_curated,True
CC(=O)O[C@@]12CO[C@@H]1C[C@H](O)[C@@]1(C)C(=O)C(=O)C3C(C)[C@@H](OC(=O)C(O)C(NC(=O)OC(C)(C)C)c4ccccc4)C[C@@](O)([C@@H](OC(=O)c4ccccc4)[C@H]21)C3(C)C,ROQZUJKOMJECOM-MKLSCFFVSA-N,DOCETAXEL,substrate,ChEMBL_curated,True
CC(C)N(CCC(C(N)=O)(c1ccccc1)c1ccccn1)C(C)C,UVTNFZQICZKOEM-UHFFFAOYSA-N,DISOPYRAMIDE,substrate,ChEMBL_curated,True
CC(C)CC1C(=O)N2CCC[C@H]2[C@]2(O)O[C@](NC(=O)C3C[C@@H]4c5cccc6[nH]cc(c56)C[C@H]4N(C)C3)(C(C)C)C(=O)N12,PBUNVLRHZGSROC-FDFHXSHFSA-N,DIHYDROERGOCRYPTINE,substrate,ChEMBL_curated,True
COc1ccc2c(c1)[C@]13CCCC[C@@H]1[C@H](C2)N(C)CC3,MKXZASYAUGDDCJ-NJAFHUGGSA-N,DEXTROMETHORPHAN,substrate,ChEMBL_curated,True
C[C@@H]1C[C@H]2[C@@H]3CC=C4CC(=O)C=C[C@]4(C)[C@@]3(F)[C@@H](O)C[C@]2(C)[C@@]1(O)C(=O)CO,GJFCONYVAUNLKB-CXSFZGCWSA-N,DEXAMETHASONE,substrate,ChEMBL_curated,True
C/C=C/C[C@@H](C)[C@@H](O)C1C(=O)NC(CC)C(=O)N(C)CC(=O)N(C)C(CC(C)C)C(=O)NC(C(C)C)C(=O)N(C)C(CC(C)C)C(=O)NC(C)C(=O)NC(C)C(=O)N(C)C(CC(C)C)C(=O)N(C)C(CC(C)C)C(=O)N(C)C(C(C)C)C(=O)N1C,PMATZTZNYRCHOR-KMSBSJHKSA-N,CYCLOSPORINE,substrate,ChEMBL_curated,True
COC(=O)C(c1ccccc1Cl)N1CCc2sccc2C1,GKTWGGQPFAXNFI-UHFFFAOYSA-N,CLOPIDOGREL,substrate,ChEMBL_curated,True
CCC[C@@H]1CC(C(=O)N[C@@H]([C@H]2O[C@H](SC)[C@H](O)[C@@H](O)[C@H]2O)[C@H](C)Cl)N(C)C1,KDLRVYVGXIQJDK-DFBSCBFDSA-N,CLINDAMYCIN,substrate,ChEMBL_curated,True
CC[C@H]1OC(=O)C(C)[C@@H](O[C@H]2C[C@@](C)(OC)[C@@H](O)[C@H](C)O2)[C@H](C)[C@@H](O[C@@H]2O[C@H](C)C[C@H](N(C)C)[C@H]2O)[C@](C)(OC)CC(C)C(=O)C(C)[C@@H](O)[C@]1(C)O,AGOYDEPGAOXOCK-WLLSWQJKSA-N,CLARITHROMYCIN,substrate,ChEMBL_curated,True
COc1cc(N)c(Cl)cc1C(=O)NC1CCN(CCCOc2ccc(F)cc2)CC1OC,DCSUBABJRXZOMT-UHFFFAOYSA-N,CISAPRIDE,substrate,ChEMBL_curated,True
O=C1CCc2cc(OCCCCc3nnnn3C3CCCCC3)ccc2N1,RRGUKTPIGVIEKM-UHFFFAOYSA-N,CILOSTAZOL,substrate,ChEMBL_curated,True
c1ccc(C2(c3ccccc3)CC2C2=NCCN2)cc1,IPOBOOXFSRWSHL-UHFFFAOYSA-N,CIFENLINE,substrate,ChEMBL_curated,True
NC(=O)N1c2ccccc2C=Cc2ccccc21,FFGPTBGBLSHEPO-UHFFFAOYSA-N,CARBAMAZEPINE,substrate,ChEMBL_curated,True
CC(C)c1nc(COC(N)=O)n(Cc2ccncc2)c1Sc1cc(Cl)cc(Cl)c1,YQXCVAGCMNFUMQ-UHFFFAOYSA-N,CAPRAVIRINE,substrate,ChEMBL_curated,True
O=C1CC2(CCCC2)CC(=O)N1CCCCN1CCN(c2ncccn2)CC1,QWCRAEMEVRGPNT-UHFFFAOYSA-N,BUSPIRONE,substrate,ChEMBL_curated,True
CCCC1O[C@@H]2C[C@H]3[C@@H]4CC=C5CC(=O)C=C[C@]5(C)[C@H]4[C@@H](O)C[C@]3(C)[C@]2(C(=O)CO)O1,UNISKOOZAQCSPC-KWVAZRHASA-N,BUDESONIDE,substrate,ChEMBL_curated,True
Cc1nnc2n1-c1sc(Br)cc1C(c1ccccc1Cl)=NC2,UMSGKTJDUHERQW-UHFFFAOYSA-N,BROTIZOLAM,substrate,ChEMBL_curated,True
CC(C)C[C@H](NC(=O)C(Cc1ccccc1)NC(=O)c1cnccn1)B(O)O,GXJABQQUPOEUTA-LWKPJOBUSA-N,BORTEZOMIB,substrate,ChEMBL_curated,True
C=C(c1ccc(C(=O)O)cc1)c1cc2c(cc1C)C(C)(C)CCC2(C)C,NAVMQTYZDKMPEU-UHFFFAOYSA-N,BEXAROTENE,substrate,ChEMBL_curated,True
COC(=O)C1=C(C)N=C(C)C(C(=O)O[C@H]2CCN(Cc3ccccc3)C2)[C@H]1c1cccc([N+](=O)[O-])c1,QPOLEIZVZGWOJF-HSPGVUBUSA-N,BARNIDIPINE,substrate,ChEMBL_curated,True
CC[C@H]1OC(=O)C(C)[C@@H](O[C@H]2C[C@@](C)(OC)[C@@H](O)[C@H](C)O2)[C@H](C)[C@@H](O[C@@H]2O[C@H](C)C[C@H](N(C)C)[C@H]2O)[C@](C)(O)C[C@@H](C)CN(C)[C@H](C)[C@@H](O)[C@]1(C)O,MQTOSJVFKKJCRP-PVFNQHCDSA-N,AZITHROMYCIN,substrate,ChEMBL_curated,True
CC(C)c1c(C(=O)Nc2ccccc2)c(-c2ccccc2)c(-c2ccc(F)cc2)n1CC[C@@H](O)C[C@@H](O)CC(=O)O,XUKUURHRXDUEBC-KAYWLYCHSA-N,ATORVASTATIN,substrate,ChEMBL_curated,True
COC(=O)NC(C(=O)N[C@@H](Cc1ccccc1)[C@@H](O)CN(Cc1ccc(-c2ccccn2)cc1)NC(=O)C(NC(=O)OC)C(C)(C)C)C(C)(C)C,AXRYRYVKAWYZBR-HWOSFROGSA-N,ATAZANAVIR,substrate,ChEMBL_curated,True
COc1ccc(CCN2CCC(Nc3nc4ccccc4n3Cc3ccc(F)cc3)CC2)cc1,GXDALQBWZGODGZ-UHFFFAOYSA-N,ASTEMIZOLE,substrate,ChEMBL_curated,True
CO[C@H]1O[C@@H]2O[C@@]3(C)CC[C@H]4[C@H](C)CC[C@@H]([C@H]1C)[C@@]24OO3,SXYIRMFQILZOAM-HVNFFKDJSA-N,ARTEMETHER,substrate,ChEMBL_curated,True
C[C@@H](O[C@H]1OCCN(Cc2n[nH]c(=O)[nH]2)[C@H]1c1ccc(F)cc1)c1cc(C(F)(F)F)cc(C(F)(F)F)c1,ATALOFNDEOCMKK-OITMNORJSA-N,APREPITANT,substrate,ChEMBL_curated,True
CC(C)CN(C[C@@H](O)[C@H](Cc1ccccc1)NC(=O)O[C@H]1CCOC1)S(=O)(=O)c1ccc(N)cc1,YMARZQAQMVYCKC-OEMFJLHTSA-N,AMPRENAVIR,substrate,ChEMBL_curated,True
CCOC(=O)C1=C(COCCN)N=C(C)C(C(=O)OC)C1c1ccccc1Cl,YMDXSGBNCBQYGC-UHFFFAOYSA-N,AMLODIPINE,substrate,ChEMBL_curated,True
Cc1nnc2n1-c1ccc(Cl)cc1C(c1ccccc1)=NC2,VREFGVBLTWBCJP-UHFFFAOYSA-N,ALPRAZOLAM,substrate,ChEMBL_curated,True
COc1cc2nc(N(C)CCCNC(=O)C3CCCO3)nc(N)c2cc1OC,WNMJYKCGWZFFKR-UHFFFAOYSA-N,ALFUZOSIN,substrate,ChEMBL_curated,True
CCC(=O)N(c1ccccc1)C1(COC)CCN(CCn2nnn(CC)c2=O)CC1,IDBPHNDTYPBSNI-UHFFFAOYSA-N,ALFENTANIL,substrate,ChEMBL_curated,True
CC(=O)[C@@]1(O)CC[C@H]2[C@@H]3CC(C)=C4CC(=O)CC[C@]4(C)[C@H]3CC[C@@]21C,QOVGIKUHSFCSIK-NWUMPJBXSA-N,,substrate,ChEMBL_curated,True
